country,region,year,water_source_type,contaminant_level,ph,turbidity,dissolved_oxygen,nitrate,lead,bacteria_count,water_treatment_method,clean_water_access,diarrheal_cases,cholera_cases,typhoid_cases,infant_mortality_rate,gdp_per_capita,healthcare_access,urbanization,sanitation_coverage,rainfall,temperature,population_density,total_disease_cases,risk_level
Mexico,North,2015,Lake,1.04,6.88,0.15,9.38,10.91,3.03,47,Filtration,91.78,25,1,4,13.77,11855,59.52,85.96,97.36,676,16.48,80,30,Low
Brazil,West,2017,Well,2.48,7.26,1.06,6.73,21.71,4.67,525,Boiling,89.31,63,2,5,19.08,10434,80.14,84.78,94.37,1796,23.11,25,70,Medium
Indonesia,Central,2022,Pond,3.38,7.58,7.03,4.67,22.55,8.32,1055,None,73.08,197,9,35,35.79,4559,54.05,51.23,76.44,1672,24.76,114,241,High
Nigeria,East,2016,Well,2.5,6.86,2.4,7.88,16.29,5.01,210,Boiling,69.6,88,2,8,74.65,2293,46.38,58.27,48.95,1015,25.97,241,98,Medium
Mexico,South,2005,Well,0.73,6.52,2.24,7.8,8.91,2.0,142,Filtration,92.46,39,1,2,18.73,10765,71.5,91.83,87.58,453,25.09,52,42,Low
Ethiopia,West,2013,Tap,1.09,7.59,2.52,7.09,16.94,4.99,54,None,51.47,66,2,5,56.45,1287,55.17,27.55,49.96,969,20.55,116,73,Medium
China,East,2022,River,2.31,6.01,2.52,8.16,15.69,7.02,289,Boiling,96.06,59,0,10,17.63,12323,69.99,62.69,84.07,1226,15.42,111,69,Medium
Mexico,Central,2024,Spring,1.67,7.33,3.21,7.07,14.6,4.63,247,None,92.87,82,2,2,20.04,10849,69.04,81.08,92.06,682,19.34,79,86,Medium
Indonesia,North,2014,Well,2.39,6.62,3.31,6.76,22.26,6.3,417,None,77.32,78,2,11,29.96,4783,70.66,64.21,72.19,2532,25.51,137,91,Medium
Nigeria,Central,2013,Well,2.01,6.97,1.59,6.09,15.22,3.9,297,Chlorination,61.93,132,0,9,73.43,2219,46.32,54.35,50.53,826,28.84,350,141,High
Brazil,South,2023,Well,1.32,6.58,0.15,8.18,14.13,4.14,56,Boiling,87.87,34,1,0,15.03,9045,74.45,85.05,88.46,1632,25.12,34,35,Low
Indonesia,West,2021,River,2.07,6.63,3.25,7.5,17.7,5.87,374,Chlorination,81.11,73,2,18,28.52,5311,69.75,70.23,82.18,1871,26.88,211,93,Medium
Indonesia,West,2002,Pond,3.78,7.29,4.6,6.0,22.78,6.78,765,Chlorination,68.41,196,5,16,33.88,4184,52.46,58.49,69.82,2396,26.31,167,217,High
China,South,2023,Lake,1.16,7.06,1.41,8.41,13.21,0.93,122,Boiling,91.43,51,1,4,10.23,12366,76.83,52.99,93.58,984,16.69,136,56,Low
Bangladesh,East,2022,Tap,1.96,7.31,0.98,8.17,21.56,4.52,63,Boiling,79.21,65,0,1,32.86,2938,65.86,47.54,70.9,1998,26.68,1009,66,Medium
Nigeria,East,2018,River,2.49,6.34,3.85,6.13,18.53,6.81,466,Chlorination,57.07,170,6,13,79.57,2311,48.48,57.32,50.69,1257,28.21,329,189,High
India,West,2024,Pond,3.76,7.03,9.78,4.47,20.33,10.56,2164,None,85.26,167,17,27,30.21,3187,63.75,34.52,78.21,759,27.04,385,211,High
Indonesia,West,2011,Well,2.55,7.58,4.41,6.3,21.76,7.84,633,None,76.13,158,5,16,37.47,4560,69.05,57.23,77.08,2239,26.89,238,179,High
Bangladesh,North,2001,Pond,2.77,6.65,4.32,5.59,28.59,10.96,726,Filtration,69.45,201,9,13,36.59,2420,56.38,43.28,66.49,1723,24.62,1462,223,High
India,East,2002,River,3.26,6.81,5.7,5.93,25.64,7.08,1032,None,73.93,162,6,13,42.05,2541,53.9,43.33,83.54,998,25.96,452,181,High
Nigeria,South,2017,River,3.2,6.86,4.22,6.2,20.33,7.89,661,Boiling,67.87,184,4,19,81.36,2201,44.07,55.75,48.35,1479,27.69,277,207,High
USA,East,2000,River,1.6,7.6,1.41,7.65,8.54,2.8,146,Boiling,99.7,28,0,3,6.14,55878,85.05,83.01,98.44,647,13.48,31,31,Low
Ethiopia,North,2019,Lake,2.88,6.84,3.33,6.81,16.85,7.49,681,Filtration,59.27,127,9,17,62.04,1276,48.5,31.6,38.94,923,14.06,161,153,High
Bangladesh,West,2020,Spring,1.54,7.4,1.93,7.32,18.38,4.94,146,Boiling,70.2,82,2,10,35.89,2986,58.55,40.79,70.33,1716,25.44,1166,94,Medium
Pakistan,West,2005,Tap,0.65,6.75,0.15,8.37,14.16,0.15,12,Chlorination,66.93,19,1,2,63.7,1658,54.48,40.38,60.22,503,29.01,309,22,Low
USA,North,2004,Lake,0.8,7.75,0.15,9.46,9.82,2.58,33,Filtration,99.7,21,0,2,12.79,50356,86.61,85.08,99.5,888,10.55,35,23,Low
Ethiopia,South,2000,Lake,1.64,7.64,2.27,8.0,14.37,5.87,89,Filtration,58.1,68,1,5,62.95,1140,30.89,25.68,39.89,761,18.21,110,74,Medium
China,West,2018,Spring,2.56,7.24,2.79,7.14,20.15,4.37,291,None,93.85,77,4,3,12.09,12857,75.32,63.84,87.31,1049,13.76,141,84,Medium
Mexico,Central,2000,Lake,2.9,7.48,4.44,6.76,15.07,6.03,510,None,80.24,130,1,20,18.38,9348,70.99,85.51,90.1,600,22.2,74,151,High
Brazil,West,2020,River,1.87,7.57,2.68,7.62,17.79,5.16,355,Chlorination,86.49,89,5,6,20.78,8353,72.53,84.84,74.52,1765,24.13,27,100,Medium
Pakistan,Central,2020,River,1.53,6.88,2.52,7.65,16.23,3.49,496,Chlorination,69.83,95,1,11,66.24,1684,52.31,30.99,66.79,576,24.16,399,107,Medium
China,North,2015,Pond,2.69,6.14,5.38,5.86,18.33,4.2,707,None,95.16,89,6,12,13.32,13981,76.82,72.56,99.5,795,15.79,203,107,Medium
Nigeria,North,2011,Well,2.31,6.93,3.36,5.63,18.37,6.44,687,None,60.44,195,8,25,80.21,2031,45.41,54.92,47.62,1027,29.94,191,228,High
China,West,2021,Lake,1.16,6.95,0.15,8.55,15.26,3.09,82,Chlorination,90.1,43,2,4,11.56,13536,65.3,69.22,92.53,1107,15.18,130,49,Low
Mexico,East,2007,Well,1.84,6.98,1.91,7.07,12.32,4.82,254,None,99.7,65,2,4,14.28,11419,79.52,87.01,86.56,637,25.28,112,71,Medium
Nigeria,Central,2015,Tap,0.75,6.42,1.27,7.77,11.13,4.7,39,Filtration,63.76,35,3,1,74.78,2243,29.78,54.94,41.52,985,28.83,149,39,Low
Pakistan,South,2000,River,2.54,6.73,2.72,7.54,16.07,6.47,515,Chlorination,65.42,119,3,10,66.5,1580,42.66,42.67,65.17,502,22.06,317,132,High
Mexico,West,2003,Pond,2.67,6.59,7.28,6.24,14.99,7.44,970,None,99.7,133,10,17,18.1,11385,68.54,79.94,90.76,594,21.89,50,160,High
India,South,2009,Tap,0.52,7.26,0.63,7.96,14.03,0.89,16,Boiling,72.18,22,0,2,35.66,2832,57.77,41.9,79.35,1348,25.91,348,24,Low
Brazil,West,2010,Pond,2.84,6.77,4.14,6.22,22.88,4.95,598,Boiling,92.76,86,2,6,17.15,9485,67.7,81.81,78.45,1751,24.07,38,94,Medium
Pakistan,East,2016,Spring,1.82,7.33,2.35,7.82,11.53,6.51,185,Chlorination,68.0,108,1,4,68.11,1667,49.57,38.98,70.91,555,23.7,322,113,Medium
India,East,2024,River,1.84,7.67,3.38,7.05,18.23,4.25,358,Boiling,80.77,113,4,6,31.6,2783,68.62,43.32,77.84,1020,24.34,260,123,Medium
Ethiopia,East,2022,Tap,1.29,7.09,1.76,7.87,14.54,3.81,113,Boiling,49.5,84,0,8,68.85,1111,42.86,24.93,35.72,822,18.01,113,92,Medium
Pakistan,East,2006,Spring,1.48,7.79,1.24,8.13,9.64,2.37,18,Filtration,63.4,25,2,1,64.94,1672,57.68,32.65,68.6,474,23.48,210,28,Low
Ethiopia,North,2011,Tap,0.58,7.44,1.95,8.59,9.98,3.38,3,Chlorination,52.05,27,0,3,54.8,1157,39.92,17.38,46.95,802,16.06,102,30,Low
Nigeria,North,2020,Pond,3.39,7.39,5.78,5.32,25.88,8.76,695,Boiling,58.03,263,17,27,75.2,1998,48.88,54.77,44.04,1557,25.33,266,307,High
India,Central,2006,Spring,1.99,6.79,2.87,7.1,19.73,5.09,320,None,73.54,100,8,10,32.48,2906,64.3,36.7,69.59,1186,19.34,472,118,Medium
Brazil,South,2011,Spring,1.13,7.29,0.86,7.48,12.29,2.9,29,Chlorination,89.05,47,0,0,20.63,9756,65.19,91.29,83.88,1208,23.01,27,47,Low
Mexico,West,2014,River,0.9,7.38,0.89,7.42,9.82,1.99,83,Chlorination,90.78,30,0,1,21.1,10122,66.87,81.83,83.5,830,20.85,43,31,Low
Indonesia,West,2001,Well,1.98,7.37,1.31,6.79,22.76,5.11,164,Boiling,74.54,51,3,7,25.84,4397,68.08,49.23,82.28,1790,27.78,208,61,Medium
China,North,2013,Pond,3.08,7.37,4.06,6.88,17.35,7.91,532,Boiling,93.28,140,6,13,12.33,10810,67.6,62.62,89.22,978,14.93,106,159,High
USA,West,2012,Pond,1.95,6.27,1.39,7.09,12.37,1.81,231,Filtration,91.37,56,3,11,13.56,49967,87.7,82.48,88.73,574,12.18,31,70,Medium
Brazil,North,2003,Spring,2.79,6.98,3.99,5.98,21.54,4.85,654,None,84.23,87,1,12,18.85,7038,77.9,89.4,81.27,1832,26.25,26,100,Medium
India,Central,2013,Spring,1.88,7.79,2.08,6.83,15.3,3.02,195,Filtration,75.42,82,2,8,34.9,2631,59.24,36.1,70.92,1243,28.38,361,92,Medium
Indonesia,South,2013,River,2.04,7.49,2.94,6.69,25.5,2.92,566,Filtration,78.87,127,5,7,23.12,5144,72.67,55.28,77.99,2518,24.93,231,139,High
Brazil,Central,2015,Well,2.27,7.0,4.34,5.35,20.22,6.53,446,None,87.77,99,6,12,20.64,8743,67.21,88.6,74.34,1550,20.75,31,117,Medium
India,East,2006,Pond,3.46,7.26,5.39,6.37,22.83,10.31,812,Boiling,76.11,204,11,31,43.69,2664,60.84,36.46,74.37,800,25.54,448,246,High
Bangladesh,East,2018,Lake,1.99,7.3,1.67,7.1,21.57,4.5,253,Filtration,68.78,121,7,11,35.55,2936,58.11,39.25,71.49,2847,25.94,1700,139,High
Bangladesh,East,2001,Lake,1.63,6.82,2.69,8.02,21.6,3.64,326,Chlorination,66.7,77,4,6,37.7,2465,50.55,39.54,69.94,1666,24.24,1234,87,Medium
Ethiopia,Central,2009,Well,1.54,7.41,0.52,8.17,17.19,3.75,131,Filtration,48.52,77,3,6,68.15,1172,41.76,24.68,38.15,1058,19.44,159,86,Medium
Brazil,West,2017,Tap,1.86,7.17,1.21,8.59,14.32,2.94,69,None,85.63,48,1,4,17.83,8279,80.63,81.52,78.14,1600,27.27,21,53,Low
Bangladesh,South,2016,River,2.42,7.03,4.04,6.52,22.27,6.45,338,Filtration,75.95,157,2,8,31.74,2846,57.58,48.51,65.8,2207,29.43,910,167,High
India,East,2004,Well,1.42,7.11,1.92,6.9,17.29,4.56,166,Filtration,77.06,67,4,9,36.36,2475,47.47,38.16,69.89,1163,22.92,444,80,Medium
Ethiopia,East,2011,Lake,2.19,6.83,1.5,7.84,17.48,4.98,190,Chlorination,57.36,97,6,9,62.62,1044,43.32,29.42,41.36,773,19.88,199,112,Medium
India,East,2005,Spring,2.21,6.42,1.19,6.66,17.05,6.36,350,None,76.19,101,3,3,31.8,2522,59.11,40.65,66.13,1028,24.1,427,107,Medium
Ethiopia,South,2021,Lake,1.97,7.02,2.24,8.12,13.03,4.61,195,Chlorination,53.86,93,2,6,65.69,1149,48.52,32.64,38.83,938,19.79,87,101,Medium
Brazil,East,2008,Spring,0.58,7.29,1.55,8.27,11.27,3.42,27,Boiling,87.18,22,0,0,15.15,9680,73.39,86.77,89.5,1497,21.9,26,22,Low
Indonesia,South,2019,River,3.32,6.58,7.94,5.14,28.55,7.63,955,None,80.06,158,2,14,36.28,4373,68.29,55.44,76.31,3072,26.43,157,174,High
Mexico,East,2000,Spring,0.38,7.2,0.59,8.56,4.32,0.51,18,Filtration,93.38,6,0,1,16.43,10574,70.81,78.29,96.39,665,21.18,70,7,Low
Pakistan,Central,2021,Well,1.41,7.14,0.83,7.41,10.69,2.61,236,Chlorination,65.89,56,2,10,66.52,1597,54.15,35.07,63.81,514,20.88,305,68,Medium
Indonesia,Central,2014,Spring,1.58,6.87,2.01,8.47,20.45,5.09,111,Chlorination,75.9,67,3,4,27.45,4637,61.06,51.54,72.61,2546,25.95,151,74,Medium
Nigeria,South,2020,Tap,1.78,7.36,3.31,6.33,15.41,6.58,176,None,66.19,99,2,17,78.62,2359,41.99,54.2,54.69,1350,27.39,226,118,Medium
India,Central,2005,Well,1.47,6.79,0.28,8.98,13.65,1.96,26,Chlorination,73.1,46,2,3,34.57,2550,58.57,41.67,80.5,835,19.77,359,51,Low
Nigeria,South,2018,River,3.38,7.77,3.69,5.65,19.25,7.34,1060,None,69.46,173,3,15,82.17,2587,53.64,51.68,57.73,1016,23.39,132,191,High
Indonesia,Central,2017,Well,2.13,7.51,4.79,6.59,21.68,6.31,394,Boiling,77.46,107,1,13,25.84,5256,70.18,58.87,74.75,2871,27.22,170,121,Medium
Ethiopia,Central,2005,Tap,1.62,7.75,1.64,7.73,15.22,4.92,180,None,53.05,94,0,10,64.22,1173,49.83,29.39,40.38,995,16.49,161,104,Medium
Pakistan,South,2012,River,3.58,6.85,6.27,6.8,24.09,7.47,846,None,63.98,159,12,27,69.29,1505,42.83,41.26,64.79,510,25.73,326,198,High
Pakistan,West,2000,Lake,2.02,7.17,3.93,6.46,14.66,6.49,243,Boiling,62.27,87,2,14,73.64,1456,45.95,40.76,64.14,525,24.27,310,103,Medium
USA,Central,2022,Tap,0.59,7.02,0.28,8.8,7.31,0.52,3,Boiling,92.38,7,0,2,10.29,48996,83.63,85.82,90.52,767,15.44,47,9,Low
Pakistan,East,2022,River,1.64,6.47,2.15,8.07,16.74,4.84,122,Filtration,71.57,57,1,8,64.65,1761,52.47,45.22,67.77,370,22.64,262,66,Medium
Mexico,West,2012,Spring,0.56,7.52,0.15,8.1,8.92,0.63,3,Chlorination,84.51,12,0,1,19.28,10573,75.45,78.35,90.69,851,18.64,42,13,Low
Pakistan,South,2006,Well,1.99,7.33,2.61,6.57,11.88,5.31,315,Boiling,63.32,86,9,7,71.48,1513,57.82,32.59,69.13,618,27.78,347,102,Medium
Indonesia,West,2014,River,2.92,6.71,5.25,6.85,18.99,4.88,914,Boiling,75.1,205,5,11,33.83,4637,68.79,63.24,78.7,2126,27.31,167,221,High
USA,North,2011,Well,0.88,7.18,0.15,8.42,8.14,3.05,14,Chlorination,96.32,21,2,0,9.49,56472,83.58,81.91,98.8,1116,14.89,34,23,Low
Indonesia,North,2000,Spring,0.96,6.86,1.4,8.19,17.05,4.05,34,Chlorination,77.48,31,0,3,25.64,4166,63.28,61.29,74.51,2678,25.68,92,34,Low
Indonesia,Central,2014,River,3.06,7.02,5.27,5.68,24.78,6.23,748,Filtration,84.55,147,7,15,29.58,5252,64.12,57.88,75.47,2895,27.67,115,169,High
China,Central,2003,Lake,1.64,6.38,1.81,8.17,16.23,3.4,87,Filtration,92.32,49,1,1,13.0,12266,77.55,64.4,86.33,875,9.07,177,51,Low
USA,East,2012,Tap,0.49,7.45,1.22,9.32,10.93,2.64,56,None,99.37,20,0,2,4.41,55896,89.93,86.42,93.09,719,16.53,45,22,Low
Indonesia,West,2022,River,2.92,7.08,3.61,7.15,24.79,6.3,506,Filtration,76.6,141,3,13,30.83,5424,62.22,57.66,77.86,2856,21.89,223,157,High
China,North,2024,Spring,0.97,6.84,0.15,8.36,14.0,2.7,24,Boiling,90.63,27,0,0,9.25,12762,73.06,72.18,84.03,1072,12.77,151,27,Low
China,Central,2004,River,2.33,7.8,2.67,7.33,17.99,5.83,505,Boiling,89.59,63,7,9,9.35,13192,75.29,67.09,90.07,843,13.58,112,79,Medium
USA,West,2001,Well,0.95,7.31,0.15,8.9,11.84,1.07,3,Chlorination,92.43,14,0,0,8.76,57080,92.04,84.03,99.5,882,11.74,39,14,Low
Nigeria,Central,2022,Pond,2.87,7.18,3.08,6.85,20.12,6.71,630,Filtration,63.59,176,9,19,70.06,2463,49.27,60.79,50.31,1325,24.07,176,204,High
Ethiopia,Central,2000,River,3.75,6.54,7.29,6.2,20.71,9.3,1101,None,42.86,312,12,22,69.22,1052,35.54,29.97,33.83,747,18.34,122,346,High
Mexico,North,2015,Lake,1.69,6.82,3.98,7.05,12.82,5.66,269,None,87.22,89,7,8,19.32,10251,77.45,80.31,78.7,564,19.82,56,104,Medium
Ethiopia,North,2022,River,3.25,7.14,5.83,6.16,21.84,8.9,855,None,50.98,251,13,31,64.39,1289,48.12,22.31,36.89,1098,16.49,116,295,High
Pakistan,Central,2005,Tap,0.95,7.75,0.22,7.7,13.99,1.89,93,None,70.11,56,0,6,62.91,1562,52.29,39.22,64.31,559,24.5,456,62,Medium
Mexico,South,2022,River,1.12,7.53,1.05,7.56,9.33,2.74,50,Chlorination,92.44,31,1,1,16.06,11478,73.81,84.16,86.43,891,19.22,69,33,Low
Pakistan,Central,2015,Pond,2.67,6.93,4.43,6.61,18.75,9.13,439,Filtration,71.92,135,7,13,68.2,2003,56.97,39.52,69.8,597,22.08,341,155,High
Indonesia,Central,2013,Well,2.13,7.29,1.75,7.81,20.51,2.08,181,Filtration,75.17,85,2,4,29.14,4672,71.1,57.86,67.8,2446,25.19,136,91,Medium
India,East,2002,River,2.39,7.26,4.37,6.86,19.86,7.38,529,Filtration,67.93,86,3,18,40.77,2493,57.8,45.83,68.76,1486,25.48,412,107,Medium
USA,East,2014,Lake,1.09,7.6,1.91,8.33,13.09,2.72,110,Filtration,99.7,34,0,2,9.38,60169,84.39,86.13,95.54,1184,10.72,43,36,Low
Mexico,East,2002,Spring,1.52,7.36,3.37,7.71,11.34,4.09,230,None,94.75,43,2,5,14.83,9951,69.16,80.14,90.66,621,21.89,71,50,Low
Mexico,South,2022,River,2.64,6.65,3.57,7.3,15.46,4.76,690,None,93.59,104,0,8,20.3,11061,69.9,88.25,95.57,734,20.26,44,112,Medium
Indonesia,South,2001,River,2.64,7.13,1.13,6.88,18.37,6.97,306,Chlorination,79.65,95,4,6,28.98,5147,67.46,59.26,75.0,2545,24.98,105,105,Medium
Nigeria,Central,2000,Tap,0.63,6.72,1.05,7.88,16.0,1.57,14,Chlorination,55.17,43,1,2,73.57,1883,47.67,51.1,49.08,1396,23.56,235,46,Low
China,East,2008,Lake,2.56,6.55,2.99,7.22,17.65,5.5,470,None,97.88,92,4,9,12.03,13236,70.5,64.89,86.17,947,15.21,97,105,Medium
Indonesia,South,2008,Pond,3.57,6.91,5.96,6.89,30.4,6.91,1071,Boiling,76.2,198,13,30,36.25,4166,56.7,53.6,65.56,3173,25.91,156,241,High
Bangladesh,North,2022,Spring,1.34,6.74,1.45,8.48,17.93,2.95,74,Filtration,75.38,47,1,6,31.99,3286,58.54,42.69,84.76,1756,25.36,999,54,Low
China,Central,2006,Well,0.85,7.19,0.59,8.61,11.34,0.38,39,Chlorination,88.48,27,1,4,17.25,11167,71.69,67.32,81.39,965,13.35,283,32,Low
USA,West,2002,River,2.47,6.28,3.92,7.24,19.26,4.33,734,None,98.33,88,6,13,7.38,47150,86.34,83.05,92.68,1163,11.62,36,107,Medium
China,Central,2017,Pond,2.15,7.01,3.87,8.51,16.63,1.03,418,Filtration,92.26,78,0,5,20.15,11044,79.92,67.08,83.17,1197,12.88,107,83,Medium
Nigeria,West,2010,Spring,1.88,6.88,1.83,6.92,12.97,4.23,189,Filtration,64.11,89,4,8,75.74,1986,34.97,51.7,51.31,1038,26.83,218,101,Medium
China,East,2006,Well,1.33,7.3,1.81,7.18,15.97,4.29,301,None,89.38,59,4,6,19.8,11155,83.04,64.31,82.83,649,14.97,207,69,Medium
USA,West,2008,Pond,2.39,6.98,3.36,6.88,18.73,3.88,465,Boiling,92.18,72,2,8,12.35,52601,91.01,78.45,97.52,628,11.55,39,82,Medium
Nigeria,East,2000,Lake,2.53,6.79,2.81,6.23,16.85,5.91,206,Boiling,64.64,163,7,18,79.84,2218,48.28,51.33,47.78,1028,32.61,252,188,High
Ethiopia,North,2013,Lake,2.51,7.17,2.08,7.25,17.93,6.56,290,Chlorination,51.35,115,7,11,65.74,1270,53.65,24.18,44.48,693,18.98,123,133,High
Mexico,West,2019,Spring,1.68,7.3,3.05,7.62,14.14,4.67,159,None,90.38,58,3,5,17.12,10589,77.6,82.5,93.33,811,23.46,62,66,Medium
Mexico,Central,2005,Well,0.67,7.13,0.25,8.87,6.87,4.03,64,Chlorination,87.53,22,1,0,19.23,10070,67.03,80.08,79.71,836,20.56,56,23,Low
Pakistan,East,2006,Lake,1.47,7.09,1.52,7.22,12.82,6.94,343,Boiling,72.34,98,3,11,66.62,1705,66.81,36.95,71.31,520,22.94,214,112,Medium
Ethiopia,Central,2009,Spring,1.05,7.07,0.76,8.48,10.37,3.82,9,Chlorination,50.94,38,2,2,57.56,1155,40.78,22.78,43.3,1020,19.92,113,42,Low
Ethiopia,South,2006,Lake,1.91,6.49,2.67,6.38,16.05,7.21,405,Chlorination,64.5,131,8,3,63.8,1137,40.86,23.43,48.24,870,20.67,164,142,High
China,East,2001,Lake,2.0,6.65,2.03,8.13,16.7,3.93,258,Boiling,88.46,55,1,11,18.86,11685,73.59,68.39,80.64,864,12.6,264,67,Medium
Mexico,West,2003,Pond,2.21,7.19,3.21,5.79,9.84,5.92,332,Filtration,95.67,62,2,5,20.09,10407,73.64,85.46,91.62,787,22.54,45,69,Medium
USA,East,2020,Pond,1.33,7.46,1.1,7.47,10.06,2.57,99,Filtration,99.66,45,1,2,5.2,50066,86.13,86.75,99.5,745,14.63,29,48,Low
Brazil,Central,2016,Lake,1.87,7.03,1.68,7.74,16.14,5.77,218,Boiling,93.02,83,1,3,22.37,8842,64.03,90.8,81.76,1631,23.78,27,87,Medium
Brazil,North,2000,Tap,0.82,7.88,0.15,8.64,9.38,1.03,3,Filtration,83.9,13,1,1,18.78,8111,71.3,88.37,86.87,1570,23.43,30,15,Low
Nigeria,East,2009,Pond,4.0,6.82,9.16,5.77,28.38,11.87,1373,None,53.9,311,30,58,85.99,1855,42.8,50.2,42.83,1156,24.29,278,399,High
Mexico,West,2018,Well,1.38,6.49,0.52,8.53,8.78,3.02,75,Filtration,99.7,25,0,1,14.4,12016,77.73,80.84,91.7,1053,20.84,52,26,Low
Mexico,South,2014,Spring,0.6,7.41,0.15,8.27,4.01,0.05,3,Boiling,87.49,7,0,1,15.95,9780,74.03,79.49,87.11,621,19.41,59,8,Low
Brazil,North,2009,Spring,2.1,7.01,2.9,7.1,18.66,6.45,288,None,95.41,81,2,6,19.87,9017,71.8,87.12,88.34,1938,24.66,32,89,Medium
Mexico,South,2018,Well,0.72,6.93,0.15,9.76,10.45,2.26,3,Chlorination,96.09,11,1,1,19.54,9769,74.94,79.31,88.72,714,17.88,89,13,Low
China,East,2011,Well,1.83,6.57,0.83,6.96,15.12,0.64,92,Boiling,88.25,52,0,2,10.38,13710,76.91,70.01,95.43,866,11.47,185,54,Low
Bangladesh,Central,2023,Well,2.23,6.96,1.37,7.77,21.24,3.27,135,Boiling,75.0,79,1,4,37.1,3248,60.02,39.52,66.15,2147,25.45,942,84,Medium
India,Central,2015,Well,1.3,7.53,0.23,7.34,18.48,2.23,43,Filtration,79.74,58,0,1,35.6,2745,59.33,41.61,76.43,1143,24.25,406,59,Low
Ethiopia,West,2008,River,3.93,6.82,8.32,6.69,18.65,9.91,1702,None,57.82,346,16,33,64.94,1123,36.0,22.71,44.93,700,17.66,172,395,High
Pakistan,Central,2014,Spring,1.75,7.03,2.06,8.43,14.41,3.5,32,Boiling,67.26,67,1,3,64.41,1693,53.12,42.78,64.14,422,26.22,203,71,Medium
Nigeria,North,2016,River,3.64,7.25,7.47,6.14,23.13,10.12,912,None,59.6,308,7,34,81.85,2069,53.24,54.53,48.79,948,28.87,257,349,High
Bangladesh,Central,2013,Lake,4.34,7.05,9.19,5.62,34.48,11.91,1770,None,74.29,223,17,36,41.93,2641,57.2,38.52,60.99,2205,27.88,1179,276,High
Brazil,West,2017,Lake,2.22,6.8,3.38,6.94,23.68,2.45,440,Filtration,86.5,91,3,9,22.28,8651,69.69,90.88,79.46,2573,25.1,32,103,Medium
Ethiopia,East,2001,Spring,1.64,7.19,1.01,8.04,9.77,5.99,107,Boiling,54.76,78,4,8,62.93,1155,42.97,15.0,47.5,741,17.9,129,90,Medium
Mexico,East,2003,Lake,3.04,7.3,3.56,7.51,15.55,9.86,399,None,86.58,104,2,11,19.15,11660,82.57,86.36,88.45,568,19.41,64,117,Medium
Pakistan,Central,2017,Well,3.53,7.17,5.47,5.46,18.89,9.38,596,None,67.7,219,9,19,74.07,1615,43.21,24.76,56.46,645,23.77,315,247,High
Mexico,South,2006,River,1.74,7.21,3.18,7.7,14.26,6.66,359,Chlorination,87.89,78,6,13,15.54,9324,75.22,76.47,75.62,811,17.87,101,97,Medium
USA,East,2012,Well,0.66,7.39,0.92,8.43,7.46,0.59,44,Filtration,91.38,12,0,1,8.7,49618,91.36,79.75,95.51,609,12.53,41,13,Low
USA,Central,2014,Lake,1.17,5.93,1.78,7.91,11.41,3.12,178,Boiling,99.09,47,0,2,5.95,54412,93.79,78.82,98.0,1087,11.38,35,49,Low
Pakistan,West,2024,Pond,3.96,7.13,9.22,3.97,26.85,10.24,2212,None,65.96,263,26,23,75.32,1540,51.85,38.1,69.99,433,26.57,346,312,High
Pakistan,Central,2022,River,2.07,7.29,2.1,7.22,14.48,2.64,198,Filtration,70.27,85,1,9,64.52,2038,57.6,47.9,69.69,680,26.4,266,95,Medium
Brazil,East,2021,Well,2.13,6.87,0.15,7.94,17.6,4.02,213,Boiling,95.12,45,3,3,21.79,9117,67.88,91.77,83.88,2656,27.85,37,51,Low
Pakistan,West,2000,Spring,2.28,6.69,3.42,6.38,18.64,6.76,526,None,77.17,103,6,9,70.66,1721,55.34,40.5,69.34,387,25.13,249,118,Medium
China,Central,2010,Well,1.12,7.12,1.25,8.11,15.21,0.92,145,Boiling,82.82,44,3,4,12.66,11331,73.59,63.96,88.69,806,14.34,193,51,Low
Mexico,North,2009,Pond,2.63,6.21,4.18,5.99,17.0,4.19,622,Boiling,95.3,95,4,9,20.51,10128,63.78,78.77,91.04,866,21.54,53,108,Medium
Bangladesh,West,2024,Lake,2.93,7.46,3.54,7.03,27.41,4.46,306,Filtration,77.87,143,5,3,33.27,2973,57.34,46.09,69.74,2358,28.36,1100,151,High
Indonesia,North,2004,River,2.8,6.82,4.35,7.0,23.57,5.74,507,Filtration,83.93,101,5,13,26.59,4730,59.06,68.4,70.09,2488,23.87,107,119,Medium
Pakistan,South,2015,Spring,0.44,7.65,0.48,8.52,10.25,1.09,3,Chlorination,73.06,15,1,0,67.23,2021,51.9,38.31,75.74,400,24.99,241,16,Low
Nigeria,West,2010,River,2.05,7.35,5.25,6.0,19.69,5.06,572,Chlorination,61.11,207,6,33,71.19,2230,35.68,59.59,42.75,1410,24.4,279,246,High
USA,North,2020,Spring,0.51,7.04,1.05,8.27,11.59,1.03,18,Chlorination,94.84,14,0,0,9.97,52773,82.93,74.62,99.5,952,17.53,49,14,Low
China,East,2005,River,2.26,6.46,3.89,8.54,22.86,5.36,732,None,94.62,86,3,9,15.11,13232,76.53,68.42,90.97,1024,14.64,192,98,Medium
Ethiopia,East,2008,Lake,2.3,7.5,1.21,8.01,16.25,5.6,155,Chlorination,56.78,115,1,14,66.67,1197,34.95,24.22,36.05,892,20.17,116,130,High
Indonesia,South,2012,Spring,1.89,6.97,1.95,7.03,18.4,5.49,187,Boiling,81.17,82,2,10,22.02,4614,62.81,62.36,77.93,2327,26.85,160,94,Medium
Bangladesh,West,2023,Tap,0.82,7.31,0.2,7.89,18.34,0.28,10,Filtration,79.64,21,2,2,40.45,2848,54.58,46.08,67.9,2315,23.86,1337,25,Low
Indonesia,West,2007,River,2.84,7.58,3.57,6.79,21.03,6.98,488,Boiling,79.64,140,6,8,25.72,4561,61.06,53.84,74.35,1618,25.94,132,154,High
Pakistan,West,2013,River,3.08,6.45,4.2,6.08,18.53,8.42,523,Filtration,67.12,131,11,14,71.15,1606,58.52,35.69,55.8,535,28.42,357,156,High
Brazil,South,2023,Well,1.18,7.05,1.74,7.86,14.36,3.36,97,Filtration,88.49,46,3,4,17.5,9581,75.28,95.84,90.66,1794,24.48,26,53,Low
USA,West,2000,Spring,0.62,6.94,1.26,9.33,3.91,1.42,5,Boiling,97.0,19,0,0,2.0,52087,91.58,74.77,94.48,731,12.79,38,19,Low
USA,East,2016,Pond,1.65,7.06,1.15,8.48,11.45,4.92,163,Boiling,97.0,51,1,7,13.36,51583,85.11,78.58,91.75,587,13.66,37,59,Low
Ethiopia,North,2023,Tap,1.32,7.25,1.67,6.86,17.12,4.99,124,None,57.08,69,1,7,67.88,1104,40.17,17.4,34.67,748,17.38,147,77,Medium
Brazil,East,2004,Lake,1.74,6.57,0.66,7.21,17.17,3.05,120,Filtration,87.23,44,4,5,21.94,8254,73.59,79.84,69.8,1676,24.33,26,53,Low
Mexico,East,2024,Well,1.38,6.49,1.69,7.25,13.38,2.07,83,Chlorination,96.9,38,0,8,13.01,10541,69.0,77.5,85.74,927,25.32,107,46,Low
India,North,2001,Tap,1.71,6.95,0.45,8.54,17.26,4.21,123,None,66.03,82,3,8,37.27,2478,59.53,34.07,69.21,1009,20.63,520,93,Medium
China,East,2024,Spring,0.45,7.15,0.48,8.91,11.89,0.05,3,Chlorination,95.37,8,0,1,7.8,14107,84.02,63.24,87.94,1295,12.79,123,9,Low
USA,South,2023,Tap,0.02,6.63,1.3,9.43,7.4,0.6,15,None,90.7,7,0,0,9.01,46784,81.5,84.86,96.07,793,13.48,34,7,Low
Nigeria,North,2008,River,2.05,6.21,4.86,6.2,18.99,7.56,619,Filtration,60.02,172,4,9,68.85,2065,45.66,52.75,47.51,1277,31.88,242,185,High
USA,East,2003,River,2.34,6.97,2.75,7.38,14.0,4.21,399,Boiling,95.3,97,3,3,6.13,54091,95.05,76.55,92.01,931,12.62,40,103,Medium
Indonesia,Central,2016,Well,2.52,6.89,3.2,8.07,18.45,5.72,213,Boiling,79.96,87,4,6,29.2,4695,74.37,58.11,73.81,2169,25.48,164,97,Medium
USA,East,2016,Spring,0.12,7.06,0.15,9.4,5.45,1.97,3,Filtration,95.99,9,0,0,7.84,55747,85.95,82.99,98.21,945,15.98,39,9,Low
USA,South,2020,Spring,0.85,7.29,0.15,9.5,9.76,0.56,4,Boiling,97.09,14,0,0,11.13,52439,90.37,75.82,95.84,786,12.04,33,14,Low
India,West,2017,Tap,0.57,7.26,0.15,8.79,14.69,0.05,3,Filtration,68.5,19,0,1,37.26,2418,57.71,37.64,67.23,1104,22.52,402,20,Low
India,East,2015,Well,1.42,6.68,1.41,7.08,17.65,3.79,99,Filtration,81.48,61,0,4,38.86,2413,61.66,33.45,69.49,1296,24.93,677,65,Medium
Bangladesh,West,2007,Spring,2.49,7.32,1.26,7.31,23.23,4.43,229,Filtration,74.7,76,0,6,37.01,2644,52.46,36.93,63.83,2410,25.79,1020,82,Medium
Mexico,Central,2010,Pond,2.92,6.69,6.49,4.53,18.61,8.5,1676,None,93.13,115,2,4,17.09,10710,80.58,84.35,95.08,787,22.78,37,121,Medium
Nigeria,East,2020,Pond,2.73,7.15,4.76,5.3,21.3,4.28,584,Boiling,66.34,139,7,14,79.3,1960,50.22,48.61,55.88,804,25.98,226,160,High
USA,North,2020,River,2.15,7.58,4.92,7.83,13.68,5.34,527,None,90.29,119,1,10,13.71,53139,95.34,82.62,98.29,838,11.48,25,130,High
USA,West,2017,Tap,0.53,6.83,0.15,9.29,7.44,0.05,3,Chlorination,86.85,14,0,0,14.38,49590,81.28,76.9,92.58,965,11.32,32,14,Low
China,Central,2022,Lake,0.93,6.93,0.58,8.21,14.62,3.1,87,Filtration,92.08,58,0,1,9.66,15212,73.05,71.89,93.99,1160,13.18,140,59,Low
India,North,2023,River,2.82,7.03,4.24,6.14,22.46,6.63,611,Boiling,80.12,129,4,17,42.5,2570,56.99,41.21,60.39,858,24.23,471,150,High
Nigeria,North,2009,Well,1.54,7.66,0.15,8.11,16.32,3.79,95,Chlorination,60.89,63,3,2,77.69,2144,46.52,56.46,53.56,1387,22.3,225,68,Medium
Ethiopia,North,2012,Spring,1.74,6.86,1.95,8.28,16.95,4.52,246,Filtration,50.02,128,4,7,62.3,1128,45.78,34.13,29.37,695,15.87,207,139,High
Bangladesh,North,2016,River,3.11,7.37,3.91,5.72,27.37,7.3,1061,Chlorination,78.02,160,9,16,35.79,3166,63.49,47.52,60.52,2061,23.89,949,185,High
Mexico,East,2017,Lake,3.31,6.79,5.07,6.28,17.38,6.96,945,None,99.7,108,8,13,15.79,10507,76.3,82.46,76.39,675,22.99,60,129,High
Brazil,East,2009,Lake,1.97,7.17,3.77,6.74,19.26,7.45,340,None,92.03,93,7,8,16.14,9543,79.48,89.77,76.94,1937,22.22,22,108,Medium
Mexico,East,2015,Pond,2.79,7.18,2.37,6.63,15.23,7.29,569,Boiling,94.81,61,2,1,22.13,11025,73.39,84.54,89.12,641,18.69,61,64,Medium
Indonesia,Central,2019,Well,1.74,6.99,2.43,6.67,21.15,4.16,265,Chlorination,77.92,84,0,3,24.06,5416,58.98,63.53,72.26,2783,26.62,154,87,Medium
USA,Central,2004,River,0.87,6.76,1.1,8.29,10.67,2.24,45,Chlorination,95.62,32,0,5,13.87,55928,85.59,90.19,99.46,773,13.56,47,37,Low
Bangladesh,Central,2012,Tap,2.49,7.66,1.44,6.73,27.06,6.19,141,None,73.9,108,0,3,38.12,2708,58.69,45.42,68.68,3202,27.64,1145,111,Medium
Indonesia,South,2017,River,3.89,6.76,9.98,5.39,29.78,8.81,2462,None,84.08,236,15,29,30.51,5669,59.99,62.85,63.37,3127,27.34,197,280,High
Nigeria,Central,2016,Pond,4.13,6.32,5.95,5.92,21.83,12.09,1003,Boiling,57.06,174,12,46,82.13,2202,43.71,47.21,42.64,1264,26.9,172,232,High
Brazil,East,2008,Lake,2.4,6.91,3.59,6.98,24.43,4.51,475,Filtration,86.32,101,4,10,21.34,8487,63.23,85.82,75.84,1955,23.81,35,115,Medium
India,East,2013,Well,1.89,6.38,1.42,7.34,16.74,4.08,140,Boiling,74.71,81,2,10,38.63,2398,52.44,40.82,59.09,1296,25.99,558,93,Medium
Bangladesh,South,2016,Well,3.05,7.28,6.52,6.31,29.7,8.87,681,None,76.11,181,14,23,36.03,3252,58.44,45.53,71.25,2385,28.23,1266,218,High
Bangladesh,South,2003,Tap,1.49,7.17,1.41,7.64,17.87,4.53,43,Boiling,70.16,42,0,6,31.92,2716,63.22,40.96,79.51,1934,27.64,1183,48,Low
USA,Central,2017,Well,0.27,6.41,0.15,9.49,6.93,2.31,3,Filtration,99.07,8,0,2,6.16,55604,85.12,85.22,99.5,679,12.71,36,10,Low
Pakistan,West,2019,Pond,3.01,6.64,5.54,6.83,15.0,6.74,777,None,65.07,172,7,20,65.12,1790,52.53,40.39,66.95,618,20.59,306,199,High
Bangladesh,South,2023,Pond,3.75,6.76,6.39,5.61,29.88,7.66,1048,Filtration,75.92,197,7,23,38.27,2795,57.83,39.11,69.86,2357,28.09,1063,227,High
China,North,2023,Pond,1.7,7.58,3.59,7.61,16.45,2.83,727,Boiling,89.6,82,4,13,13.19,14195,86.99,75.15,99.5,1323,10.39,150,99,Medium
Brazil,East,2014,Well,1.46,7.24,1.34,7.31,12.86,2.37,192,Filtration,90.06,45,1,0,23.39,8632,73.02,86.28,81.84,1330,26.66,22,46,Low
Brazil,North,2010,Well,2.85,6.72,4.01,5.46,20.5,8.48,565,None,84.5,114,2,13,18.75,9185,68.84,88.28,75.17,1789,27.56,26,129,High
China,East,2011,Pond,3.24,6.92,4.97,7.1,18.15,7.37,799,None,95.66,123,4,14,11.6,12337,73.39,63.78,90.77,663,11.47,133,141,High
Ethiopia,East,2008,Well,1.02,6.74,1.46,8.77,13.11,6.06,26,Filtration,45.45,57,3,5,67.36,1019,40.86,21.13,37.97,857,13.67,110,65,Medium
China,South,2012,Well,0.49,7.12,0.72,8.82,7.09,0.05,16,Boiling,93.23,12,0,3,10.82,13467,84.68,65.57,94.56,912,13.87,87,15,Low
China,South,2014,Lake,1.66,6.89,1.75,7.65,15.15,1.94,214,Boiling,92.53,65,0,4,16.31,12130,72.81,69.02,87.47,903,15.88,95,69,Medium
Brazil,North,2014,River,2.79,6.56,3.87,7.49,23.51,1.95,455,Boiling,92.06,86,3,7,18.69,10078,75.22,92.48,79.46,2270,22.46,30,96,Medium
Mexico,East,2004,Spring,1.12,6.83,0.15,6.79,5.39,0.75,12,Boiling,93.34,14,0,0,15.86,9692,71.51,79.98,89.63,612,20.63,78,14,Low
Brazil,North,2022,Well,1.48,7.33,1.98,7.76,15.37,3.47,74,Chlorination,94.71,40,1,0,17.66,9495,64.67,86.8,88.13,1818,22.86,36,41,Low
Pakistan,West,2018,Spring,1.48,7.19,1.04,6.55,11.86,4.29,46,Chlorination,76.34,42,1,3,66.17,1681,53.3,35.07,62.39,495,25.71,232,46,Low
USA,North,2019,Spring,1.13,7.5,1.74,8.41,10.28,1.18,27,Filtration,99.7,27,2,1,6.25,49521,77.49,82.85,92.83,1277,15.76,55,30,Low
Indonesia,Central,2024,Lake,2.63,6.8,3.84,7.83,23.33,4.65,293,Chlorination,82.66,95,6,16,29.72,5669,64.57,58.0,76.85,3177,23.07,171,117,Medium
Mexico,North,2013,Well,0.82,6.85,0.15,7.75,3.97,0.37,3,Chlorination,93.33,10,0,1,13.8,10134,74.54,77.83,90.43,576,21.72,50,11,Low
India,Central,2016,Pond,2.63,6.95,3.62,6.54,20.45,9.19,265,Chlorination,69.76,114,5,10,39.26,2523,58.64,36.74,78.68,1000,24.8,439,129,High
Indonesia,Central,2017,Spring,1.35,7.0,1.97,7.69,16.48,4.51,114,Filtration,75.82,65,0,5,32.82,5187,63.06,63.63,80.36,2814,24.58,88,70,Medium
USA,Central,2020,Well,1.13,7.86,1.26,8.45,10.34,0.61,9,Chlorination,97.34,14,1,1,6.2,56417,99.0,84.34,99.5,805,15.69,35,16,Low
Pakistan,West,2002,Tap,0.58,7.06,0.69,9.48,10.9,1.03,3,Boiling,64.76,22,0,0,70.19,1461,52.2,34.35,59.7,384,19.93,459,22,Low
Pakistan,North,2001,Pond,2.89,6.61,6.3,7.13,19.51,5.87,503,Boiling,67.82,219,5,14,77.09,1423,46.34,39.46,64.2,500,21.91,393,238,High
India,North,2000,Tap,0.02,7.68,0.15,7.65,10.55,2.29,4,Filtration,75.71,16,0,2,30.87,2853,65.31,43.65,77.6,1028,25.81,658,18,Low
Mexico,West,2009,Tap,0.69,7.27,0.23,8.79,6.62,0.05,3,Filtration,92.08,13,0,0,13.46,11531,76.92,82.31,88.56,747,20.37,67,13,Low
Ethiopia,East,2018,Spring,1.37,7.6,0.15,8.86,11.66,7.19,60,Filtration,51.51,55,1,8,67.98,1149,40.01,17.07,42.33,775,15.98,136,64,Medium
China,South,2016,Tap,1.32,7.04,0.46,8.94,11.51,3.25,45,None,99.7,45,1,0,11.31,12731,77.09,66.78,94.92,1120,17.36,130,46,Low
Mexico,North,2011,Lake,1.74,6.98,0.65,7.6,15.3,3.41,148,Chlorination,84.49,53,1,4,18.09,10782,76.83,87.38,88.54,865,21.49,75,58,Low
Ethiopia,South,2000,Lake,1.58,6.63,1.61,7.15,17.41,5.45,214,Filtration,57.2,108,3,9,60.37,1150,47.55,24.53,36.78,776,18.01,155,120,Medium
Pakistan,West,2011,Spring,1.58,6.54,1.52,6.32,13.46,3.95,147,Filtration,69.15,63,3,4,64.56,1802,52.36,36.54,71.12,514,27.45,225,70,Medium
Brazil,East,2016,Well,1.23,7.15,1.61,8.36,12.7,4.22,37,Filtration,94.09,45,2,3,17.79,9828,69.46,96.0,87.7,1539,18.55,17,50,Low
USA,East,2023,River,1.95,7.9,3.23,7.73,14.89,4.75,200,Boiling,99.7,63,2,6,9.46,57652,90.86,91.68,94.06,1207,15.04,41,71,Medium
India,East,2002,Well,1.68,6.69,0.92,7.71,16.19,5.97,48,Filtration,71.82,52,2,2,40.26,2385,59.93,36.62,77.37,1022,24.34,438,56,Low
USA,West,2010,Well,1.4,7.16,0.33,8.12,12.33,2.54,78,Boiling,94.57,26,0,2,9.08,48427,76.78,81.05,95.41,988,13.79,35,28,Low
Nigeria,Central,2016,Well,2.41,6.46,3.37,8.0,20.77,4.58,248,Boiling,65.33,62,7,11,79.57,2198,55.15,58.09,49.25,1163,23.27,407,80,Medium
Nigeria,Central,2022,Well,3.6,6.9,6.44,6.31,21.79,8.66,1238,None,62.7,205,12,16,75.54,2003,44.31,59.43,56.06,1374,28.6,333,233,High
Mexico,South,2002,Pond,2.46,7.06,4.29,6.51,16.85,5.7,394,Filtration,97.44,92,3,11,20.72,9183,79.7,82.02,86.76,710,22.84,65,106,Medium
Pakistan,Central,2007,River,3.27,7.01,5.58,6.51,15.55,11.93,994,None,67.61,160,11,21,70.68,1634,56.28,31.75,72.95,390,18.89,273,192,High
Pakistan,Central,2019,Pond,2.66,8.14,3.07,6.99,18.38,6.89,721,Filtration,71.04,130,4,9,68.1,1758,48.72,33.8,67.06,443,27.27,271,143,High
China,East,2003,Tap,0.35,7.68,0.71,8.15,9.37,0.98,3,Chlorination,93.42,12,0,1,7.65,13314,74.78,65.97,85.63,764,17.02,133,13,Low
China,East,2020,Well,1.12,6.75,2.2,9.77,10.36,4.49,11,Filtration,94.19,41,1,2,10.24,12248,61.02,63.3,81.34,763,12.65,194,44,Low
China,South,2021,Lake,1.98,7.76,3.87,6.37,16.68,2.55,301,Filtration,90.68,99,4,10,16.71,12106,72.68,60.02,81.63,1002,16.85,141,113,Medium
Brazil,North,2006,Spring,0.76,6.75,1.34,8.51,13.68,2.84,32,Filtration,90.5,29,0,2,18.66,9215,70.62,86.5,73.7,1607,21.31,24,31,Low
Indonesia,South,2013,Spring,1.85,7.12,1.3,7.74,17.57,3.7,126,Filtration,82.23,61,5,5,29.2,4683,71.88,55.17,78.96,2086,26.69,164,71,Medium
Bangladesh,South,2013,Pond,3.14,7.39,4.81,6.19,25.54,6.79,626,Filtration,67.19,161,8,19,37.47,2750,58.42,36.47,73.25,1938,31.66,1584,188,High
Indonesia,West,2003,Pond,2.65,7.26,3.81,7.7,20.41,6.64,595,Filtration,84.69,92,6,10,27.09,5494,76.71,64.31,77.7,1709,27.64,175,108,Medium
USA,West,2015,Lake,2.51,6.8,3.85,7.66,15.31,6.59,678,None,94.13,77,5,7,6.39,57349,89.77,73.1,97.09,1032,13.58,46,89,Medium
Indonesia,South,2023,Well,1.64,7.21,0.87,7.77,22.14,2.22,141,Chlorination,86.57,68,0,6,23.1,5881,75.15,65.76,83.48,2652,29.31,177,74,Medium
Brazil,South,2021,River,3.24,7.33,7.62,5.72,20.49,5.79,1579,None,88.06,138,5,20,24.76,8455,71.78,80.09,73.63,1736,22.72,25,163,High
USA,South,2000,Tap,0.8,6.99,0.52,9.47,10.88,1.31,3,Chlorination,99.7,12,0,1,16.34,40760,83.52,81.64,91.96,875,13.8,32,13,Low
Indonesia,Central,2016,Spring,2.52,6.88,4.16,5.84,23.97,3.92,275,None,81.63,102,5,12,31.54,4800,58.02,51.27,74.8,2644,26.44,138,119,Medium
Brazil,West,2024,Tap,2.38,6.71,1.14,7.6,12.52,4.02,99,None,99.7,46,1,2,21.46,10441,65.47,88.5,72.31,1442,24.75,21,49,Low
Bangladesh,South,2009,River,2.6,6.39,2.91,6.6,22.59,4.32,294,Filtration,72.79,131,1,24,36.06,2465,49.93,40.88,74.88,1879,27.8,1700,156,High
Indonesia,East,2021,Pond,3.81,6.11,9.46,5.34,28.47,8.39,2276,None,83.01,205,13,23,27.83,5128,58.61,55.09,74.49,1815,26.63,141,241,High
Brazil,East,2015,Spring,0.56,7.64,0.31,7.27,10.84,1.82,18,Chlorination,82.98,27,1,3,15.59,7516,63.82,78.45,81.09,1399,22.79,21,31,Low
China,Central,2015,Tap,0.75,7.37,0.15,8.83,9.42,1.87,3,Boiling,93.64,13,0,0,11.58,13179,75.52,68.89,89.84,780,15.47,151,13,Low
Pakistan,Central,2007,Pond,2.44,7.06,3.47,6.66,13.55,7.16,454,Chlorination,64.61,118,8,16,74.86,1559,46.52,36.38,61.46,450,26.29,304,142,High
China,North,2006,River,3.0,6.06,4.67,7.42,24.2,6.47,1083,None,99.7,126,2,14,16.87,12203,78.08,72.29,87.75,1156,13.34,145,142,High
Pakistan,North,2005,Tap,0.76,6.61,0.83,8.72,16.43,0.05,4,Boiling,69.29,26,1,1,64.8,1741,59.05,32.17,65.88,490,27.36,235,28,Low
India,North,2015,Well,1.64,6.52,2.66,7.89,22.26,5.4,175,Filtration,74.45,64,7,7,40.32,2636,59.15,34.45,65.4,1495,27.66,568,78,Medium
India,Central,2019,Pond,2.84,6.65,4.91,7.16,21.42,6.59,724,Boiling,74.45,151,7,16,37.04,2795,52.08,23.23,77.55,1308,24.71,433,174,High
India,Central,2015,River,1.71,7.17,4.87,6.48,17.77,6.91,868,Filtration,79.17,122,11,12,42.46,2669,52.78,29.92,75.03,874,28.83,436,145,High
Bangladesh,Central,2006,Tap,0.73,6.97,0.15,8.49,17.18,1.39,3,Chlorination,77.71,24,0,0,40.44,2977,57.0,43.59,68.4,2031,23.59,1015,24,Low
China,East,2008,Well,0.52,7.38,0.49,8.18,10.43,1.42,7,Boiling,90.57,16,0,0,10.74,13324,76.46,64.82,92.19,872,14.04,150,16,Low
Pakistan,Central,2013,Well,1.59,7.24,2.45,6.57,14.06,2.82,272,Boiling,76.53,62,5,4,75.17,1826,60.12,44.34,59.59,463,25.76,282,71,Medium
Brazil,East,2010,River,1.66,6.94,2.83,6.82,17.44,4.57,352,Boiling,93.51,55,2,7,19.66,10382,74.12,80.15,91.03,1632,23.68,30,64,Medium
USA,North,2013,Lake,1.31,7.17,0.84,7.84,10.45,2.11,46,Filtration,92.37,32,0,2,7.74,49351,84.51,88.13,86.77,802,12.69,50,34,Low
Brazil,North,2006,Spring,1.35,7.22,1.09,8.1,12.5,2.09,40,Filtration,93.13,30,0,3,18.21,9204,69.52,82.63,86.08,1580,25.28,29,33,Low
USA,North,2000,River,1.38,6.45,1.38,8.31,9.84,4.32,256,Chlorination,99.7,32,1,5,12.61,43381,93.9,78.99,90.87,893,12.0,24,38,Low
Nigeria,South,2024,Well,2.38,6.8,1.93,6.86,17.97,4.94,121,Chlorination,64.82,85,3,11,73.94,2898,49.54,62.26,59.32,1460,27.8,265,99,Medium
Brazil,South,2012,Well,3.08,6.17,6.72,6.51,24.39,4.81,900,None,87.55,107,1,7,19.19,8251,78.55,82.68,76.11,2266,23.98,31,115,Medium
Indonesia,West,2019,River,2.03,7.02,3.25,6.56,19.51,2.49,263,Filtration,74.9,68,6,10,34.05,5361,67.0,60.74,80.77,1952,22.94,179,84,Medium
Indonesia,West,2002,Lake,2.46,6.95,3.66,6.57,25.36,4.2,351,Chlorination,75.95,81,6,12,31.47,5125,67.05,58.29,86.65,3433,23.17,102,99,Medium
Mexico,West,2019,Spring,0.39,7.04,0.37,8.24,11.88,3.35,30,Boiling,95.34,30,0,1,15.04,10066,73.75,90.27,87.54,670,21.49,66,31,Low
China,South,2003,Tap,1.16,7.0,0.15,8.33,14.38,0.55,3,Boiling,93.5,21,1,1,8.42,13199,75.75,72.57,96.68,1276,13.35,115,23,Low
USA,South,2010,River,1.09,8.12,1.28,8.17,15.63,0.05,162,Boiling,89.31,35,1,3,16.67,51829,84.34,85.58,90.36,976,7.66,23,39,Low
USA,West,2001,Spring,0.08,6.41,0.95,9.34,3.93,2.82,10,Chlorination,87.39,19,1,1,11.06,42872,76.69,77.94,82.59,974,14.14,35,21,Low
China,West,2013,Spring,0.39,6.26,1.67,8.63,11.18,1.33,25,Boiling,86.35,24,1,1,12.79,12386,74.76,66.49,85.94,861,12.88,178,26,Low
Bangladesh,Central,2011,Pond,3.35,7.28,6.09,5.95,29.17,7.34,1107,Boiling,78.23,234,8,29,40.72,2662,49.56,49.11,68.04,2549,23.79,978,271,High
Mexico,West,2016,Well,1.16,7.01,0.83,8.5,8.17,0.69,10,Filtration,91.55,21,1,1,19.85,10929,74.34,80.6,87.24,785,18.69,61,23,Low
Bangladesh,Central,2011,Tap,0.6,7.01,0.41,7.09,16.35,1.62,13,Filtration,75.83,27,1,4,36.46,3125,67.0,44.17,72.89,1840,27.28,915,32,Low
Bangladesh,East,2011,River,2.36,6.61,3.57,6.7,25.97,3.38,241,Chlorination,78.32,103,0,8,35.6,3262,58.32,32.3,79.51,2307,23.68,949,111,Medium
Bangladesh,South,2000,Well,2.2,7.44,2.19,6.8,23.77,7.17,281,Filtration,71.13,142,6,14,40.39,2810,52.41,32.72,68.85,2874,26.81,756,162,High
China,West,2012,Pond,2.84,7.29,6.47,6.52,22.68,8.91,1314,None,85.79,167,10,22,22.08,12553,74.75,58.32,91.33,945,10.88,106,199,High
Bangladesh,South,2013,Pond,3.01,7.2,5.44,5.78,25.9,6.92,700,Chlorination,67.21,213,9,25,40.26,2293,57.24,35.88,62.96,2106,29.66,1214,247,High
Indonesia,South,2023,Well,2.62,6.89,6.04,7.04,21.58,6.07,975,None,85.21,166,2,20,30.91,5383,56.4,54.07,73.25,2506,27.59,135,188,High
India,South,2001,Lake,2.98,7.29,4.68,6.14,23.53,6.04,479,None,78.29,125,10,12,39.27,2140,53.59,31.39,69.66,1105,23.34,541,147,High
Nigeria,East,2011,Spring,1.72,6.86,0.15,7.41,13.26,5.36,120,Chlorination,66.14,59,0,1,77.19,2565,41.74,55.51,43.38,1043,27.74,221,60,Medium
USA,North,2020,River,1.19,7.03,1.69,6.94,12.43,1.17,125,Filtration,89.87,52,1,2,13.41,60619,96.78,86.57,96.04,894,17.39,42,55,Low
USA,West,2015,River,1.38,6.68,2.04,7.82,11.79,2.08,160,Filtration,89.63,56,2,4,9.52,54580,92.67,80.69,94.99,839,10.61,36,62,Medium
Nigeria,North,2003,River,2.3,7.39,3.74,7.52,15.88,3.86,346,Chlorination,53.07,114,1,17,78.74,2150,51.28,57.95,44.6,1060,24.44,204,132,High
China,North,2007,Well,2.59,7.15,2.88,7.56,17.08,5.29,442,None,99.7,74,2,13,9.2,12046,78.65,66.13,76.79,782,15.46,200,89,Medium
Brazil,North,2001,Lake,2.48,6.92,4.2,7.56,23.4,5.4,323,Chlorination,80.49,118,5,9,27.97,7650,64.48,85.82,77.57,2638,23.85,35,132,High
China,South,2009,Tap,0.59,6.69,1.42,9.99,9.69,2.01,3,Chlorination,95.59,17,0,0,7.98,12785,79.65,66.9,81.86,1057,11.62,128,17,Low
USA,Central,2008,Pond,1.84,6.81,2.26,8.96,13.97,6.45,376,Boiling,93.38,57,2,5,12.45,52949,94.02,84.95,99.5,869,9.93,32,64,Medium
USA,South,2022,Well,0.45,6.71,1.46,8.54,8.97,0.05,31,Boiling,99.7,20,0,2,11.13,54135,90.97,89.02,86.18,1077,9.68,39,22,Low
Nigeria,South,2014,Tap,2.17,6.76,2.84,6.94,19.18,4.28,260,None,60.46,100,3,15,79.66,1931,49.63,55.79,48.72,1392,27.11,213,118,Medium
Bangladesh,North,2012,Pond,3.2,6.66,6.63,6.62,25.56,7.93,913,Filtration,72.08,217,12,23,38.63,2877,59.39,43.43,73.36,1964,28.67,845,252,High
China,South,2022,Pond,2.49,6.95,5.47,6.2,21.14,5.88,585,Boiling,92.43,152,5,15,15.53,12022,76.21,61.01,82.09,932,14.59,141,172,High
Pakistan,North,2016,Lake,1.4,7.13,1.8,7.03,17.24,1.08,78,Boiling,68.74,50,3,6,68.53,1823,53.68,42.97,71.62,755,22.82,232,59,Low
Nigeria,Central,2015,Spring,2.33,6.49,2.18,7.43,18.89,5.84,234,None,65.42,127,3,11,78.67,2115,43.07,61.39,53.17,1074,24.97,223,141,High
Indonesia,West,2001,River,2.46,7.09,4.64,6.9,22.38,3.55,616,Chlorination,79.09,84,6,13,32.62,4230,62.83,57.12,69.97,2019,28.5,163,103,Medium
USA,North,2019,Tap,0.76,6.73,0.22,8.97,8.38,2.72,3,Boiling,98.37,9,1,0,8.82,50655,77.81,88.63,92.23,839,10.37,40,10,Low
Nigeria,Central,2019,Well,1.84,6.45,3.35,6.95,16.54,6.51,428,Filtration,63.99,83,5,9,77.73,2253,41.61,54.97,44.64,1109,24.8,294,97,Medium
China,West,2013,Tap,2.02,7.63,1.74,8.26,14.42,3.5,57,None,86.24,39,4,3,14.26,13075,76.95,70.04,92.94,889,14.48,136,46,Low
USA,East,2002,Spring,0.76,6.72,1.17,9.12,9.84,2.83,14,Boiling,99.7,29,0,0,13.51,49321,87.66,86.24,91.07,867,11.15,45,29,Low
Brazil,North,2022,River,2.59,6.43,4.07,6.4,22.27,3.99,851,None,93.06,131,2,5,18.5,9454,77.29,91.73,88.41,1987,20.85,29,138,High
Nigeria,North,2011,Tap,1.3,7.09,0.84,9.2,11.63,6.03,37,Boiling,59.9,54,1,7,76.24,2087,52.72,55.29,41.7,1042,24.98,198,62,Medium
Mexico,East,2007,Spring,1.22,6.92,1.2,7.74,12.84,1.31,65,Boiling,90.52,42,0,5,17.92,10598,71.23,79.03,87.83,635,24.17,60,47,Low
USA,East,2001,Well,1.26,7.52,3.0,7.35,12.81,3.79,144,None,99.7,45,2,5,10.5,51188,88.71,82.1,91.04,839,17.1,56,52,Low
China,North,2003,Lake,1.67,7.58,0.78,7.76,14.67,3.7,138,Filtration,88.45,50,2,3,18.32,13029,70.98,69.94,87.98,764,13.35,172,55,Low
India,East,2013,Pond,2.88,6.4,3.56,6.07,23.9,7.31,504,Filtration,76.8,143,5,6,38.92,2667,53.71,43.4,71.18,877,26.84,469,154,High
Pakistan,South,2015,Well,1.02,7.09,1.69,7.24,11.9,3.76,128,Chlorination,69.28,75,2,5,71.61,1619,47.12,40.61,62.57,390,26.09,335,82,Medium
Ethiopia,West,2018,River,2.52,7.06,4.32,8.99,15.87,10.25,469,Boiling,51.29,190,12,16,66.05,1034,44.36,27.76,38.19,837,12.29,112,218,High
Bangladesh,West,2001,Pond,4.02,6.72,4.8,5.16,27.8,8.29,503,Chlorination,69.1,135,4,27,39.1,2908,52.9,36.25,74.4,1585,24.61,1224,166,High
Ethiopia,West,2011,Well,2.79,6.05,5.08,7.71,15.82,8.39,400,None,49.87,181,17,14,67.01,1201,44.46,23.36,42.92,807,16.68,135,212,High
China,South,2013,Well,1.02,7.31,0.15,9.6,10.48,2.19,11,Chlorination,94.49,12,1,3,13.8,10223,72.0,57.97,82.78,934,11.19,171,16,Low
Indonesia,East,2005,Well,2.47,6.34,4.16,5.76,22.45,7.01,514,None,71.64,117,7,9,32.92,3991,63.68,58.42,68.76,2190,25.1,145,133,High
Indonesia,Central,2012,Well,1.36,6.3,2.05,8.21,20.37,3.67,165,Filtration,81.59,82,1,4,28.76,4137,58.02,52.05,81.79,2802,29.84,194,87,Medium
India,East,2003,Pond,3.84,6.65,7.79,5.27,24.23,11.26,1234,None,72.13,239,11,28,45.29,2451,54.81,42.7,69.0,796,26.27,505,278,High
Bangladesh,North,2021,River,4.93,6.22,8.2,4.96,30.35,11.01,2454,None,76.28,249,10,27,41.22,2766,65.13,43.54,68.66,2447,20.61,1559,286,High
Mexico,West,2017,Spring,0.88,6.82,0.61,7.71,9.55,0.05,3,Chlorination,98.73,16,0,0,10.16,8721,60.05,77.91,88.9,765,25.43,47,16,Low
India,East,2011,Tap,1.05,7.77,1.52,8.25,12.03,3.21,41,Boiling,72.3,40,0,5,39.9,2711,61.62,35.5,74.89,1101,27.94,481,45,Low
Ethiopia,Central,2019,Lake,1.53,6.94,3.11,8.04,9.22,4.95,226,Chlorination,56.63,82,3,5,65.57,1134,38.05,27.95,43.99,535,23.09,125,90,Medium
India,North,2021,Tap,0.57,6.17,0.15,7.59,11.64,2.2,10,Filtration,77.35,26,0,1,30.64,2814,63.42,42.95,77.34,1294,26.36,462,27,Low
Ethiopia,South,2020,Tap,0.63,7.83,0.25,8.54,8.43,2.84,3,Filtration,55.03,18,0,0,60.17,1299,43.31,24.5,43.37,839,17.69,82,18,Low
USA,South,2018,Lake,0.86,6.55,0.4,8.45,9.58,2.49,91,Filtration,90.79,36,1,2,13.14,44624,92.07,79.29,92.19,843,11.52,40,39,Low
Indonesia,Central,2007,Pond,3.07,7.56,6.53,5.82,27.04,5.57,842,Boiling,80.66,185,6,15,33.7,5439,65.02,68.02,74.05,2366,26.22,204,206,High
USA,North,2006,River,1.61,6.8,2.07,7.92,10.09,1.82,115,Chlorination,99.7,27,0,4,8.8,53376,89.24,86.02,99.5,653,13.44,46,31,Low
Pakistan,West,2015,Lake,3.08,6.67,5.4,5.71,20.83,7.34,835,None,63.09,243,5,20,72.66,1499,53.91,41.63,62.85,547,24.58,321,268,High
Bangladesh,East,2018,River,3.58,7.25,7.98,4.78,31.72,10.51,1117,None,66.42,196,14,28,45.58,2785,60.51,40.91,65.55,2199,24.72,963,238,High
Mexico,North,2005,Pond,2.55,7.1,3.07,6.27,15.46,5.03,1000,Boiling,92.81,95,6,8,22.17,10369,71.16,78.61,86.48,651,24.85,68,109,Medium
Ethiopia,South,2019,Tap,0.85,7.11,1.37,8.06,10.03,3.46,13,Filtration,56.53,36,1,3,60.95,1189,28.45,22.56,32.44,1162,19.53,95,40,Low
Mexico,Central,2020,River,1.56,6.79,1.7,7.73,15.15,4.03,206,Boiling,98.41,44,1,5,15.04,11404,75.09,82.63,95.36,784,20.78,67,50,Low
Ethiopia,Central,2010,Pond,4.27,6.53,7.7,6.26,18.44,9.5,886,None,51.19,199,9,24,67.5,1373,51.96,23.75,42.76,728,19.95,165,232,High
China,East,2004,Pond,1.69,7.55,3.52,7.6,17.6,4.34,223,Filtration,99.7,77,1,5,3.83,12098,79.04,64.42,94.88,834,12.98,128,83,Medium
India,Central,2015,Spring,1.13,7.06,0.96,9.19,18.87,2.99,43,Boiling,73.72,41,1,2,29.97,2554,68.91,36.42,79.34,1280,24.18,654,44,Low
Pakistan,Central,2006,Lake,3.31,7.49,7.18,6.28,20.76,8.83,1548,None,68.53,204,11,36,74.86,1560,56.54,41.72,70.18,470,27.11,366,251,High
Indonesia,North,2004,Spring,2.89,6.85,3.96,6.42,23.95,5.8,501,None,85.05,90,5,11,28.73,5263,65.73,54.8,84.93,2279,23.29,125,106,Medium
Ethiopia,West,2010,Tap,1.17,7.09,0.38,7.27,15.59,5.9,9,Boiling,51.73,33,1,5,60.79,1163,44.38,23.52,40.8,904,20.43,176,39,Low
Mexico,East,2014,Lake,2.5,6.73,4.24,7.48,18.41,5.92,769,None,91.38,109,3,12,16.56,10329,68.73,85.01,86.21,892,20.87,55,124,Medium
Pakistan,North,2002,Tap,0.5,7.5,0.67,8.25,12.84,0.73,3,Chlorination,71.73,16,0,1,69.12,1375,56.74,39.2,58.35,472,23.05,290,17,Low
Brazil,West,2004,Spring,0.9,7.21,0.99,8.65,14.18,0.31,30,Chlorination,81.47,40,0,3,24.63,8721,73.26,84.77,76.82,1680,22.4,20,43,Low
Brazil,North,2022,Pond,3.59,7.03,4.96,6.29,21.5,6.39,709,Filtration,94.04,110,3,12,17.95,9245,72.04,91.48,85.6,1581,22.89,30,125,High
USA,North,2020,Tap,0.73,7.11,0.21,9.49,5.94,0.79,3,Chlorination,98.47,16,0,0,4.74,56981,77.34,81.29,93.79,924,12.66,30,16,Low
Indonesia,Central,2004,Lake,2.33,7.0,2.79,5.99,27.5,4.9,294,Chlorination,79.59,122,2,8,25.3,4773,62.96,54.77,74.82,2616,22.86,189,132,High
China,West,2008,Lake,1.66,6.85,1.19,8.2,12.27,5.17,66,Boiling,96.9,37,1,4,13.67,13138,80.83,59.9,84.52,1049,16.52,183,42,Low
Mexico,East,2014,Tap,0.92,6.71,1.09,8.67,12.33,0.99,3,Filtration,97.55,17,0,2,16.75,12017,81.67,77.12,92.11,690,19.62,77,19,Low
India,East,2002,Lake,1.97,7.25,2.63,6.55,20.42,4.73,375,Boiling,73.27,109,3,9,35.77,2354,58.13,35.9,79.24,1266,24.47,406,121,Medium
India,West,2005,Pond,2.37,7.17,5.04,6.75,19.64,7.09,740,Boiling,72.61,132,6,12,38.71,2449,45.35,37.71,76.66,1125,23.87,442,150,High
Mexico,Central,2016,Pond,1.33,7.16,1.54,7.11,14.98,3.78,227,Chlorination,97.57,44,4,4,11.04,10601,71.43,80.42,95.94,733,20.22,68,52,Low
Bangladesh,South,2020,Lake,2.25,6.94,1.9,7.47,23.95,5.77,225,Chlorination,72.44,96,4,8,38.18,2728,59.98,46.62,72.84,2446,24.68,1316,108,Medium
China,North,2007,Tap,0.9,7.47,0.86,8.5,12.49,1.14,18,None,96.94,25,1,2,9.43,13567,74.35,70.86,89.45,1187,16.44,129,28,Low
Pakistan,Central,2020,Spring,1.81,7.02,1.76,7.11,17.59,5.78,191,None,62.94,82,4,6,68.3,1887,53.4,32.72,70.0,429,21.81,311,92,Medium
Ethiopia,West,2024,Lake,1.92,7.77,3.74,8.39,13.4,6.71,170,Filtration,58.65,79,3,7,63.94,1173,40.64,23.15,36.4,859,20.86,121,89,Medium
Bangladesh,North,2010,Lake,2.75,6.66,3.2,7.01,24.35,4.9,354,Chlorination,70.2,87,1,16,34.51,2528,55.65,44.06,61.62,2011,23.33,1227,104,Medium
Ethiopia,East,2005,Lake,3.69,7.01,6.68,6.61,17.66,10.36,734,None,51.24,256,14,27,60.75,1038,31.49,27.76,31.09,794,14.18,170,297,High
Ethiopia,South,2007,Lake,2.5,7.19,5.07,5.41,16.49,6.44,681,Boiling,55.93,198,8,19,66.43,1160,39.98,29.76,42.15,760,24.55,131,225,High
Bangladesh,East,2009,Tap,1.09,7.55,0.28,8.04,17.37,3.48,7,Chlorination,70.45,29,0,3,37.29,2409,55.61,36.85,65.05,1906,25.89,1363,32,Low
USA,West,2023,Spring,1.01,7.34,1.01,9.25,8.06,3.64,4,Filtration,99.7,14,0,1,2.0,58728,91.72,90.2,94.5,879,15.61,45,15,Low
Brazil,North,2002,Spring,1.51,6.98,0.29,6.75,17.48,4.75,76,Filtration,84.11,48,0,4,27.65,7861,69.16,87.0,87.72,2726,25.37,26,52,Low
Ethiopia,West,2022,River,2.06,7.07,2.53,6.85,17.25,4.01,347,Boiling,57.32,135,5,10,64.34,1289,52.08,23.89,41.76,794,19.49,137,150,High
Bangladesh,North,2013,Lake,4.33,6.63,6.82,5.95,30.95,9.59,839,None,77.59,212,8,26,37.46,3230,64.23,39.87,73.12,2650,25.74,1700,246,High
Bangladesh,Central,2022,Lake,1.76,7.45,0.88,8.27,23.36,5.24,151,Boiling,72.91,87,2,4,39.66,2946,54.72,40.98,82.2,1907,22.7,1297,93,Medium
Nigeria,South,2013,River,4.23,7.46,8.99,4.96,21.82,8.98,2192,None,63.32,229,15,41,69.88,2414,49.77,63.03,58.28,1104,23.64,297,285,High
USA,Central,2009,Spring,0.89,7.13,0.15,7.79,6.5,1.48,3,Chlorination,99.7,11,0,1,8.17,53730,80.51,92.18,99.5,877,13.13,32,12,Low
Indonesia,Central,2011,Well,1.87,5.98,2.01,6.39,19.66,2.71,211,Filtration,78.41,100,3,13,34.7,4571,73.02,56.73,71.35,2468,24.45,126,116,Medium
Nigeria,West,2005,Pond,4.13,6.47,10.42,4.58,22.48,9.62,2356,None,64.31,276,18,39,75.27,2284,47.28,56.18,51.11,1051,28.86,148,333,High
Nigeria,South,2011,Well,2.05,7.4,2.0,6.15,22.4,7.22,275,Boiling,61.52,145,6,10,75.6,2199,42.1,57.17,49.27,1529,23.77,235,161,High
Mexico,North,2022,Spring,0.71,6.87,0.15,8.14,6.92,1.05,3,Chlorination,99.7,7,0,2,10.02,12823,73.2,87.71,99.5,677,18.82,41,9,Low
Brazil,North,2013,Lake,2.83,7.47,4.76,6.58,19.62,4.93,544,None,99.26,110,2,9,16.6,10001,66.66,88.2,86.0,1864,21.53,24,121,Medium
Bangladesh,East,2001,Well,2.34,6.72,1.91,6.57,23.79,4.31,93,Chlorination,74.52,76,4,7,32.63,2730,65.85,40.23,71.24,2263,27.11,1003,87,Medium
Brazil,North,2008,Tap,1.13,7.23,0.34,7.96,15.6,1.78,6,Chlorination,88.11,31,0,0,12.14,9655,65.29,91.43,89.95,2423,22.27,34,31,Low
China,West,2009,Tap,0.66,6.52,0.18,9.43,6.33,0.59,3,Boiling,90.7,11,0,1,13.46,12370,72.89,64.34,87.84,688,14.86,126,12,Low
Mexico,Central,2016,River,1.79,6.98,1.92,7.09,14.93,5.27,285,Boiling,88.37,53,4,4,18.08,10529,66.19,76.27,92.11,695,20.58,76,61,Medium
Indonesia,Central,2016,Spring,2.81,7.34,3.24,6.66,25.15,7.14,308,Chlorination,72.34,94,3,2,28.12,4716,69.76,60.39,80.69,3007,28.93,115,99,Medium
Brazil,Central,2002,Spring,1.08,7.2,1.84,7.64,10.72,2.42,66,Chlorination,81.43,30,1,6,17.42,8427,68.33,80.81,78.78,1537,22.86,28,37,Low
India,South,2018,Well,2.76,6.6,2.85,6.81,17.25,4.25,645,None,75.2,136,7,11,31.92,2796,65.79,35.64,85.74,1417,26.1,502,154,High
Ethiopia,North,2000,Lake,2.13,6.25,0.92,6.99,17.17,5.23,247,Boiling,51.59,116,6,12,61.39,1053,46.59,19.74,37.27,919,15.59,155,134,High
China,West,2011,Spring,1.79,6.53,2.34,8.64,17.52,3.14,273,None,99.7,49,4,2,12.19,12571,77.99,67.66,79.3,935,12.67,255,55,Low
USA,South,2006,Well,1.35,6.86,0.66,8.37,11.58,3.43,11,Filtration,99.7,25,0,0,2.0,54279,82.32,87.94,93.64,815,13.08,44,25,Low
Indonesia,East,2003,Well,3.5,7.01,5.4,5.36,27.3,8.41,1012,None,82.3,196,9,16,35.36,4264,64.06,57.92,73.02,2944,24.49,185,221,High
China,West,2009,Pond,2.83,6.87,3.1,6.68,19.12,4.06,265,Chlorination,93.09,99,3,6,15.8,13088,74.74,62.99,97.27,837,14.82,95,108,Medium
Ethiopia,West,2012,Pond,2.32,6.6,4.49,7.2,19.62,7.13,570,Filtration,62.66,188,5,8,60.16,1257,45.64,20.21,45.94,975,20.91,128,201,High
Mexico,West,2001,Spring,1.54,6.9,2.2,8.31,12.21,3.23,114,None,88.32,53,1,7,17.27,10426,75.64,90.53,91.78,720,20.9,84,61,Medium
Ethiopia,Central,2009,Well,1.26,7.46,1.53,8.39,10.73,2.99,48,Filtration,53.26,48,2,3,59.64,1142,50.34,26.49,35.22,743,17.18,129,53,Low
Nigeria,West,2020,River,2.5,7.63,2.73,6.27,21.5,6.77,305,Boiling,58.45,126,5,11,75.11,2015,52.41,55.95,42.85,1534,24.17,207,142,High
Ethiopia,North,2021,River,3.13,6.82,6.79,6.45,16.89,7.83,958,None,47.79,211,8,34,68.68,1301,43.42,19.76,42.12,854,19.38,127,253,High
Nigeria,West,2024,Pond,3.52,7.19,9.18,5.41,25.08,9.61,1607,None,60.24,263,16,41,82.91,2340,47.85,59.17,53.52,1253,26.59,205,320,High
Mexico,Central,2003,Spring,1.04,6.52,0.71,8.66,11.47,3.95,14,Boiling,92.26,25,0,1,22.04,9165,72.34,88.0,92.09,948,22.05,53,26,Low
Pakistan,West,2017,Lake,3.65,7.34,6.49,6.67,19.59,5.51,1010,None,72.06,191,12,19,73.09,1666,53.96,39.82,71.6,449,21.32,310,222,High
Nigeria,East,2004,River,2.9,7.67,4.32,6.44,22.31,6.33,617,Filtration,63.45,154,7,16,81.74,2015,44.3,54.57,53.75,1139,28.57,178,177,High
USA,East,2018,River,1.7,7.26,1.4,7.93,14.71,4.83,153,Boiling,99.7,38,1,4,6.88,54962,87.06,82.27,92.23,790,15.32,33,43,Low
Ethiopia,Central,2001,Pond,2.53,7.03,4.69,5.74,16.98,5.77,448,Filtration,58.83,142,10,12,62.11,1202,34.94,24.23,39.75,689,24.09,148,164,High
Ethiopia,North,2011,Pond,3.56,7.03,5.89,6.04,20.84,10.79,832,None,52.7,244,17,18,59.52,1232,38.51,22.46,46.58,841,15.67,85,279,High
USA,North,2016,Spring,0.76,7.46,0.21,9.04,13.4,1.14,48,None,96.54,20,1,1,5.15,56728,81.82,84.86,99.5,944,12.63,30,22,Low
India,South,2009,Pond,3.82,6.84,6.98,7.19,24.25,8.87,972,None,75.46,200,14,25,45.65,2328,66.6,41.67,75.11,906,24.8,450,239,High
Bangladesh,Central,2001,Tap,2.49,7.51,2.6,7.27,21.95,4.35,307,None,70.42,94,6,11,36.91,2447,56.48,43.03,65.18,2552,24.46,1700,111,Medium
Pakistan,West,2005,Well,1.61,6.71,1.29,7.68,12.98,4.07,52,Filtration,73.3,54,2,7,65.6,1686,50.25,38.12,69.57,513,23.33,334,63,Medium
Indonesia,Central,2007,River,4.33,7.1,8.84,5.62,29.23,11.7,2074,None,81.63,329,9,18,27.13,4922,65.07,52.51,73.11,2283,24.25,152,356,High
Nigeria,South,2018,Tap,1.94,7.0,2.26,6.79,16.22,5.61,83,Boiling,56.42,79,1,8,77.73,2405,48.94,63.22,59.22,1096,29.6,374,88,Medium
USA,Central,2010,Lake,1.08,6.73,2.16,8.16,12.38,1.93,189,Boiling,95.61,42,2,6,13.3,45778,93.21,79.85,88.91,893,12.09,35,50,Low
Mexico,Central,2024,Tap,0.3,7.39,0.15,7.4,2.88,3.31,3,Chlorination,93.07,9,0,3,21.68,10491,62.03,85.16,87.72,688,20.69,54,12,Low
Nigeria,South,2011,Spring,0.81,7.39,1.79,6.76,15.69,4.91,103,Boiling,61.41,77,1,9,72.62,2310,53.12,51.5,48.24,1051,27.28,207,87,Medium
Bangladesh,North,2008,Lake,1.24,7.43,1.95,6.84,17.22,4.75,91,Chlorination,76.53,87,4,6,35.12,2670,62.15,41.22,63.48,1879,23.72,1145,97,Medium
Mexico,West,2001,Lake,1.88,6.95,0.96,7.58,10.86,2.98,142,Boiling,91.74,44,1,3,12.99,9809,65.26,88.07,96.43,667,24.83,78,48,Low
China,South,2007,Pond,2.19,7.76,2.31,7.64,19.48,5.04,172,Boiling,85.08,78,2,12,15.08,13037,77.58,68.83,83.42,1184,15.1,122,92,Medium
Ethiopia,East,2010,Tap,2.01,6.71,1.6,7.44,14.2,4.79,296,None,50.72,115,1,9,57.11,1292,47.92,24.07,38.59,1124,20.05,143,125,High
China,North,2020,Spring,0.77,7.4,1.39,8.64,11.78,0.37,7,Boiling,99.7,23,1,0,5.97,14646,80.4,71.19,95.82,1151,14.06,159,24,Low
Nigeria,East,2003,River,3.79,6.9,7.81,6.63,28.61,8.29,1833,None,58.68,388,16,31,79.24,1975,44.0,56.56,46.71,1571,23.68,138,435,High
Bangladesh,North,2009,Pond,4.26,7.02,10.89,5.77,33.4,12.7,1545,None,70.98,266,21,26,40.41,2896,64.32,42.41,72.45,2602,29.82,1700,313,High
Pakistan,West,2020,Tap,0.3,7.36,0.95,8.22,9.82,0.69,3,Boiling,70.85,18,0,2,65.89,1976,49.46,43.24,71.61,471,22.79,257,20,Low
Nigeria,West,2019,River,2.96,6.58,2.8,5.93,17.5,7.75,326,Filtration,60.35,107,2,7,73.9,2175,52.95,61.98,47.75,888,29.44,191,116,Medium
USA,Central,2015,Tap,1.58,7.04,2.37,8.41,10.35,1.33,99,None,90.13,41,1,2,10.0,56992,89.85,79.91,99.5,925,11.79,36,44,Low
Brazil,East,2007,Pond,2.84,7.14,5.26,6.1,21.4,4.13,544,Boiling,87.42,91,6,5,23.75,8508,66.53,83.03,86.48,1970,25.57,21,102,Medium
Nigeria,North,2003,River,3.35,7.1,3.72,6.7,19.84,8.74,624,Filtration,56.8,144,2,29,78.06,2160,40.84,54.88,46.7,1125,29.36,204,175,High
Ethiopia,West,2009,Pond,2.9,6.93,4.79,7.5,15.48,5.07,434,Boiling,48.87,211,3,22,64.04,1269,35.34,28.05,44.02,815,17.03,162,236,High
Ethiopia,South,2011,Tap,0.94,7.65,1.64,6.96,13.05,6.55,38,Boiling,54.47,41,2,4,65.53,1240,44.4,15.32,31.5,821,16.46,204,47,Low
Nigeria,West,2013,Lake,2.69,7.05,2.5,5.03,18.4,5.53,304,Filtration,65.75,139,3,13,83.24,2680,47.22,63.9,48.44,1419,29.19,131,155,High
Mexico,South,2015,Well,1.8,7.15,0.92,7.23,15.72,3.81,111,Boiling,95.02,40,2,0,15.75,9352,62.86,89.62,83.45,825,22.32,55,42,Low
Brazil,North,2021,Lake,3.65,6.62,6.35,6.26,27.2,8.62,916,None,94.38,165,4,11,19.8,8602,76.13,85.03,80.86,2450,22.83,37,180,High
USA,West,2017,Pond,2.05,7.28,3.15,8.63,11.33,5.32,387,Chlorination,94.26,99,2,9,12.78,49356,74.29,79.96,80.88,896,12.74,37,110,Medium
Nigeria,West,2020,Pond,2.01,6.83,2.41,7.04,12.54,5.73,656,Chlorination,66.5,116,3,10,79.65,2125,45.68,59.41,55.75,975,24.82,176,129,High
Mexico,North,2021,Pond,1.51,6.98,3.07,6.35,14.82,2.6,201,Boiling,94.99,54,2,4,16.84,9882,76.59,79.39,90.42,631,18.35,62,60,Medium
Ethiopia,West,2020,River,1.6,7.45,2.02,6.9,13.32,6.65,229,Chlorination,55.54,92,6,9,63.82,1272,36.37,17.15,39.23,826,15.72,216,107,Medium
Ethiopia,South,2011,Spring,1.08,6.88,0.3,8.03,8.76,3.85,31,Chlorination,57.41,48,1,3,64.39,1247,45.81,26.79,38.7,785,18.5,136,52,Low
Bangladesh,West,2017,Pond,2.66,6.5,4.34,5.34,22.06,5.23,490,Chlorination,76.7,131,10,14,39.53,2806,58.01,37.98,60.39,1705,23.63,1478,155,High
Nigeria,East,2006,Lake,2.91,6.86,7.43,5.5,21.59,10.48,1303,None,53.24,398,7,33,79.13,1933,51.51,52.79,52.97,998,28.06,206,438,High
Brazil,Central,2019,Well,2.18,6.7,2.71,6.65,16.21,5.95,449,None,79.37,84,3,7,24.27,7599,60.45,83.58,73.92,1395,22.37,37,94,Medium
India,South,2023,Pond,3.41,6.92,5.47,7.68,20.41,7.88,886,Chlorination,81.61,212,5,17,40.5,2612,53.16,30.45,75.45,964,25.6,323,234,High
Brazil,East,2022,Pond,3.66,7.26,5.32,5.65,20.68,6.04,640,Filtration,89.52,167,6,12,19.09,8341,70.21,84.56,79.64,1376,22.23,33,185,High
Ethiopia,North,2006,Pond,2.1,6.74,4.99,7.27,20.43,6.84,590,Filtration,54.14,165,7,14,72.07,1211,43.85,17.88,38.05,1113,24.14,98,186,High
Ethiopia,South,2008,River,2.73,8.04,4.03,7.14,16.46,5.01,288,Filtration,52.44,149,2,18,60.96,1182,37.62,23.53,40.35,804,17.77,123,169,High
China,Central,2000,Pond,3.48,7.04,7.16,5.99,19.85,6.57,1799,None,85.62,150,8,22,17.94,10778,83.4,61.99,78.87,1021,14.4,130,180,High
Ethiopia,Central,2005,Lake,3.13,7.45,5.97,7.14,19.13,7.01,1101,None,47.18,194,18,28,61.76,1223,51.81,23.24,39.09,770,20.43,123,240,High
USA,North,2005,Tap,0.09,7.01,0.43,9.86,7.41,0.05,3,None,96.22,5,0,0,7.24,41784,86.39,75.82,92.9,1094,8.42,40,5,Low
Indonesia,North,2021,Spring,3.1,6.92,4.27,7.38,21.63,6.8,460,None,75.55,122,9,2,34.58,5036,68.61,54.74,75.28,2272,26.43,192,133,High
Nigeria,South,2011,Pond,3.03,6.81,4.19,6.21,18.58,10.09,529,Chlorination,62.16,161,14,23,82.8,2107,50.85,50.8,50.75,890,26.7,159,198,High
Brazil,West,2021,River,3.14,7.78,5.77,6.47,27.9,5.35,960,None,80.49,115,8,21,24.72,9255,74.26,88.17,72.7,2494,26.84,25,144,High
Indonesia,North,2011,Lake,2.39,7.3,1.44,7.21,24.65,6.21,283,Chlorination,76.04,107,1,7,21.79,5016,70.62,55.97,71.51,2481,25.97,119,115,Medium
Mexico,West,2009,Pond,2.65,7.12,4.38,6.87,13.2,5.99,800,Filtration,99.7,67,3,13,16.73,11841,82.01,84.85,91.41,814,22.41,71,83,Medium
India,East,2022,River,2.77,6.88,5.57,5.81,18.77,6.34,951,Chlorination,81.22,130,9,13,37.64,2811,63.51,37.43,87.55,1430,25.38,631,152,High
USA,Central,2005,Tap,0.02,6.81,0.15,8.85,6.27,2.1,3,Filtration,93.22,9,0,2,12.87,46911,88.47,77.97,83.12,840,11.73,27,11,Low
Brazil,West,2016,Well,2.44,6.65,2.96,6.47,19.95,4.82,318,None,90.07,125,4,9,19.55,9221,69.14,84.81,78.42,1931,20.9,33,138,High
Indonesia,Central,2018,Pond,3.11,7.03,4.88,6.57,24.76,6.07,473,Filtration,84.29,141,4,10,33.58,4960,61.92,62.46,64.68,2192,22.24,167,155,High
India,West,2017,Lake,2.16,7.67,4.15,6.16,21.49,3.88,392,Filtration,70.0,67,1,11,40.2,2376,46.82,34.1,83.79,1387,26.7,437,79,Medium
China,East,2005,River,1.96,6.98,1.69,7.7,14.44,4.77,182,Chlorination,97.56,43,2,3,10.54,11015,67.87,54.58,81.88,769,16.36,130,48,Low
USA,North,2023,River,1.22,6.14,0.15,8.4,10.11,0.05,88,Filtration,98.53,27,0,0,13.33,51992,91.27,83.89,98.63,787,13.94,50,27,Low
USA,East,2018,Pond,1.77,6.36,3.56,7.34,13.71,3.54,579,Boiling,91.97,91,0,6,18.21,48336,83.58,77.62,96.95,873,11.29,40,97,Medium
China,North,2009,River,2.49,7.49,5.21,7.33,20.42,5.18,239,Filtration,92.1,104,3,8,14.4,11464,73.23,67.89,88.43,1170,13.81,212,115,Medium
Nigeria,North,2023,Well,2.61,6.88,5.95,5.77,17.54,8.49,819,None,62.14,188,10,35,76.06,2475,45.77,54.98,46.66,1330,27.68,261,233,High
China,Central,2007,River,2.23,7.32,2.9,7.86,18.9,4.08,256,Filtration,94.03,63,4,9,15.27,11027,68.23,66.7,86.95,997,13.57,207,76,Medium
USA,East,2020,Spring,0.23,6.64,1.63,10.26,3.6,1.14,5,Boiling,99.7,12,0,0,8.52,56811,95.87,78.42,88.0,980,11.52,47,12,Low
USA,West,2023,Spring,0.65,6.98,0.74,8.99,8.15,4.35,3,Chlorination,99.7,8,0,1,9.0,55328,95.36,86.42,94.0,931,14.66,22,9,Low
Indonesia,East,2005,River,3.16,7.25,4.27,6.64,17.86,9.0,818,Filtration,84.03,110,5,9,20.55,4877,61.41,64.74,79.89,2078,28.67,100,124,Medium
Ethiopia,Central,2020,Pond,2.58,6.35,6.9,6.68,19.84,6.41,905,Boiling,60.94,158,15,15,62.87,1278,42.47,29.0,42.69,1276,21.2,93,188,High
India,North,2024,Spring,1.73,6.63,3.32,7.14,21.23,4.54,259,None,76.94,85,0,10,34.04,2660,62.99,34.03,77.75,1221,27.04,497,95,Medium
China,Central,2006,Lake,2.2,7.4,2.39,6.19,18.05,5.67,367,None,89.93,103,4,9,13.81,12551,66.02,61.25,94.77,940,14.92,126,116,Medium
India,South,2023,Spring,1.28,6.69,1.83,8.09,14.21,3.76,77,Chlorination,75.55,79,0,1,36.54,3004,62.16,41.04,75.86,1262,28.73,606,80,Medium
China,South,2000,River,2.88,6.31,5.43,6.17,16.63,6.13,900,None,96.49,79,1,11,10.6,12037,73.25,72.29,87.86,1026,16.53,120,91,Medium
Mexico,West,2017,Pond,2.4,7.68,4.89,6.92,14.93,5.43,572,Boiling,95.47,125,2,6,20.67,10020,73.79,73.51,83.85,1017,19.1,97,133,High
USA,Central,2023,Tap,0.27,6.58,0.15,9.51,8.48,2.18,3,Filtration,89.35,15,1,3,13.09,53063,92.85,82.08,90.42,886,15.35,32,19,Low
Ethiopia,West,2024,Pond,2.51,7.44,5.85,7.34,18.45,7.14,815,Boiling,52.47,147,13,22,64.61,1201,47.74,29.82,43.37,907,19.31,85,182,High
Indonesia,West,2019,Pond,3.15,6.74,5.57,6.21,28.4,7.17,607,Chlorination,80.28,131,3,24,31.0,4333,73.89,57.42,74.35,2758,26.24,122,158,High
Ethiopia,South,2011,Pond,2.32,6.95,5.3,5.39,16.19,8.58,421,Filtration,56.01,190,15,14,57.89,1392,45.59,29.42,41.18,799,20.96,96,219,High
Ethiopia,West,2015,Lake,2.79,6.77,5.14,6.6,18.49,7.22,520,Boiling,52.02,266,9,17,60.43,1146,41.05,19.42,42.65,875,22.04,122,292,High
Ethiopia,South,2009,Well,2.33,6.83,0.44,7.69,15.24,5.84,197,Chlorination,52.86,103,4,17,62.42,1284,41.45,29.77,39.45,1080,22.52,142,124,Medium
India,North,2009,River,2.26,6.58,3.38,6.85,21.11,5.34,460,Chlorination,76.71,127,2,14,40.65,2488,60.37,41.87,70.26,1076,22.83,587,143,High
China,Central,2013,Well,1.25,7.04,0.59,9.36,9.86,4.07,13,Filtration,90.28,31,1,2,10.43,11818,79.42,60.9,89.42,638,16.54,171,34,Low
Pakistan,West,2024,Tap,0.47,6.93,0.72,8.25,7.55,2.18,3,Filtration,71.72,30,0,1,66.28,1611,58.04,41.97,64.75,420,23.47,398,31,Low
Mexico,South,2019,Well,2.09,6.72,3.51,7.43,14.02,3.83,262,None,94.18,54,4,5,16.65,10327,63.76,79.63,87.0,983,21.0,64,63,Medium
Brazil,East,2009,River,3.21,7.17,6.11,4.77,22.9,6.43,1294,None,90.71,195,6,14,15.25,8737,71.42,87.37,85.9,2117,28.48,27,215,High
Ethiopia,West,2009,River,2.39,7.31,3.48,7.62,11.74,7.06,331,Filtration,54.22,145,6,28,63.16,1230,50.91,28.04,35.59,1068,17.0,116,179,High
Nigeria,North,2024,Tap,2.12,7.66,2.82,7.49,14.52,4.82,141,None,67.08,72,1,4,65.29,2497,51.58,64.13,45.66,1284,26.23,204,77,Medium
India,North,2010,River,2.7,7.25,3.21,6.58,22.57,5.02,452,Filtration,79.18,121,2,12,31.88,2855,55.45,43.7,76.2,1245,23.0,395,135,High
Indonesia,East,2022,Tap,2.96,6.76,2.49,6.66,21.79,7.21,476,None,82.75,157,7,5,30.47,5196,61.02,61.43,88.02,3600,26.94,185,169,High
Brazil,South,2001,Tap,0.75,6.95,2.09,7.0,13.94,2.62,22,Boiling,94.57,23,0,3,18.75,8714,75.14,85.06,69.37,1765,25.88,27,26,Low
Pakistan,West,2024,River,1.36,6.51,0.97,7.49,13.36,2.32,136,Chlorination,79.67,62,2,4,60.69,2154,59.32,40.04,79.18,466,19.86,355,68,Medium
Nigeria,South,2019,Spring,1.18,7.1,0.15,7.93,16.19,4.91,76,Filtration,55.38,64,0,4,70.1,2497,45.14,55.16,55.54,1134,25.73,240,68,Medium
Pakistan,North,2007,Tap,0.93,6.85,0.15,8.5,13.12,2.14,6,Filtration,68.5,21,1,1,67.97,1695,49.88,42.45,64.06,340,25.77,343,23,Low
Brazil,South,2022,River,2.49,7.18,3.13,6.25,26.37,4.95,701,Filtration,90.69,125,1,9,20.12,9710,74.81,82.02,82.65,3257,26.94,21,135,High
Ethiopia,North,2006,Spring,0.42,7.05,1.28,8.05,8.38,5.29,17,Boiling,46.97,38,1,0,61.79,1158,38.1,22.5,48.31,801,15.56,144,39,Low
Nigeria,South,2007,Tap,1.0,6.77,0.79,8.72,13.38,0.05,4,Chlorination,65.16,21,1,1,72.36,2254,49.17,57.61,56.14,1115,26.97,219,23,Low
Pakistan,East,2000,Spring,1.97,8.07,3.0,7.09,16.53,6.79,218,None,66.54,77,3,13,64.91,1480,48.99,37.22,65.44,429,24.67,351,93,Medium
Indonesia,Central,2020,Lake,3.61,6.93,6.12,5.88,27.64,9.52,1279,None,76.45,151,8,17,29.07,5304,72.89,62.32,80.03,2068,27.38,103,176,High
China,East,2001,Pond,2.67,6.81,3.13,7.43,22.55,6.1,313,Chlorination,89.62,106,6,6,11.73,12717,69.76,64.41,92.0,1295,13.48,143,118,Medium
USA,East,2017,Lake,2.04,7.16,3.62,7.6,12.83,4.31,312,None,96.34,66,1,7,11.67,56218,83.59,84.23,97.04,967,14.77,26,74,Medium
China,Central,2014,Spring,0.89,6.29,1.15,9.57,12.96,1.78,3,Filtration,94.93,20,0,0,7.06,14620,81.28,60.6,81.63,1223,11.36,186,20,Low
Brazil,Central,2000,Tap,1.06,6.98,0.45,8.7,10.38,1.44,5,Chlorination,88.06,10,0,1,13.75,7245,73.72,83.69,76.03,1948,24.09,33,11,Low
India,West,2004,River,2.86,6.94,5.11,6.01,26.79,5.15,495,Boiling,71.93,160,9,31,48.27,2231,43.5,39.1,71.35,1134,21.8,440,200,High
USA,West,2001,Well,1.03,6.88,0.35,8.87,5.74,3.3,24,Chlorination,97.02,23,1,1,6.85,51357,89.61,80.86,89.69,748,16.76,29,25,Low
Mexico,East,2019,River,2.42,6.9,2.34,7.41,18.43,4.53,193,Filtration,93.96,57,3,4,15.6,11415,72.43,77.18,86.74,921,21.12,95,64,Medium
Indonesia,East,2002,Well,1.89,7.6,1.05,7.63,14.24,1.63,121,Chlorination,86.01,77,0,6,28.91,4699,68.04,59.51,70.12,1990,27.43,167,83,Medium
Mexico,North,2018,Well,0.58,7.22,0.38,8.27,7.14,1.91,8,Boiling,89.1,21,2,1,17.35,9088,71.94,76.45,75.28,770,20.0,66,24,Low
Nigeria,North,2017,Tap,1.23,6.65,1.15,7.16,13.91,3.81,32,Boiling,68.98,52,1,1,68.04,2137,40.15,52.32,43.11,1426,25.9,259,54,Low
USA,West,2021,Spring,0.52,7.26,0.16,9.18,10.62,1.45,3,Chlorination,93.4,15,0,1,9.79,53197,89.98,76.03,93.24,933,8.27,31,16,Low
Mexico,West,2017,River,1.45,6.83,1.96,7.86,9.74,2.74,41,Chlorination,96.42,32,1,1,14.17,12655,71.74,77.74,82.17,637,22.46,56,34,Low
Mexico,North,2013,Spring,1.76,7.65,2.39,6.59,15.64,3.38,270,None,86.89,84,1,8,17.31,10336,71.97,78.85,83.39,662,22.98,68,93,Medium
Pakistan,North,2023,Lake,3.23,6.72,5.24,7.45,20.79,8.02,689,None,67.54,179,8,14,70.33,1821,58.61,44.96,62.44,571,23.94,236,201,High
China,South,2007,Tap,0.87,7.12,0.35,8.85,10.6,1.93,3,Filtration,85.35,15,1,1,8.29,11411,71.77,66.69,85.22,1199,11.19,163,17,Low
Pakistan,South,2011,Tap,1.2,7.1,2.47,7.08,11.15,5.64,195,None,67.86,64,2,13,74.56,1300,54.37,36.96,58.64,440,26.79,290,79,Medium
USA,North,2020,Lake,1.25,7.57,0.15,8.73,13.22,1.22,88,Filtration,99.47,35,0,7,7.14,59682,95.96,87.18,97.26,805,12.14,48,42,Low
USA,South,2009,River,1.43,6.6,1.85,8.42,13.45,2.66,92,Filtration,98.84,33,3,3,9.56,47119,85.58,85.36,94.2,864,16.49,24,39,Low
Brazil,Central,2022,Pond,2.28,7.29,2.06,6.88,17.74,3.12,540,Chlorination,94.48,86,2,2,19.88,9107,70.57,82.18,87.05,1681,21.59,31,90,Medium
Pakistan,West,2019,Lake,3.28,6.77,6.44,6.77,20.16,5.65,672,None,70.36,157,2,20,71.75,1647,42.8,31.83,73.56,447,22.37,293,179,High
Bangladesh,West,2016,River,2.84,6.44,4.36,6.98,29.44,5.93,758,Boiling,73.27,140,7,18,41.35,2845,52.42,34.03,66.59,2677,27.22,1700,165,High
China,North,2010,Well,1.33,6.38,1.55,8.77,17.08,0.53,76,Boiling,94.88,39,1,4,13.22,12825,70.64,70.77,85.94,785,17.13,160,44,Low
USA,East,2001,Tap,0.98,7.34,0.15,9.38,4.73,2.44,3,Chlorination,96.51,13,1,0,12.4,51094,90.6,87.37,92.25,1215,14.23,45,14,Low
Brazil,North,2003,River,2.38,6.81,4.25,7.64,15.19,5.35,478,Boiling,91.63,80,5,8,19.86,8875,79.11,95.65,80.65,1711,26.23,39,93,Medium
Pakistan,South,2000,Spring,1.16,7.02,2.02,7.47,13.26,4.85,82,Boiling,71.04,70,3,7,62.0,1813,52.77,35.66,78.85,465,28.48,270,80,Medium
China,East,2014,Spring,1.25,6.98,0.51,8.31,8.39,0.39,8,Chlorination,95.44,22,0,1,12.71,12707,71.51,71.45,92.88,1026,13.22,99,23,Low
Pakistan,South,2012,Tap,0.69,6.95,2.67,7.87,9.59,2.77,27,Boiling,73.5,43,0,5,60.83,1460,50.94,34.04,66.0,498,29.59,271,48,Low
Mexico,Central,2007,Lake,1.45,7.51,1.23,8.02,8.44,3.92,194,Chlorination,94.92,40,0,4,10.36,11206,79.2,85.52,92.38,873,21.1,82,44,Low
Brazil,South,2024,Pond,3.5,7.28,6.76,6.04,21.47,4.57,1393,Filtration,87.82,122,8,21,22.15,9732,77.61,95.33,81.07,1902,24.77,30,151,High
China,Central,2003,Lake,2.18,7.26,4.3,7.33,17.59,6.51,381,None,95.38,70,2,7,13.21,13426,78.66,66.98,92.67,1036,15.83,133,79,Medium
Ethiopia,Central,2009,River,3.15,7.65,2.69,7.33,16.78,7.93,619,Boiling,55.69,149,2,10,62.18,1290,49.61,27.79,42.97,812,16.9,108,161,High
Nigeria,South,2018,Lake,2.96,6.98,2.4,7.62,22.73,7.21,401,Chlorination,62.09,120,4,16,75.24,2266,49.73,49.87,47.93,1110,29.87,221,140,High
Nigeria,South,2017,Tap,1.79,6.55,2.2,8.04,19.99,4.65,117,Boiling,64.13,96,4,4,75.81,2267,49.91,60.99,45.65,1466,29.78,228,104,Medium
China,Central,2004,River,2.94,6.68,6.04,7.19,21.91,6.6,515,None,91.14,105,6,12,17.13,11626,73.67,65.42,85.65,909,13.06,170,123,Medium
Pakistan,East,2018,Well,1.8,7.55,3.23,7.2,18.89,5.16,328,Boiling,62.19,101,5,5,74.02,1835,62.7,35.81,65.67,700,27.23,366,111,Medium
Brazil,Central,2022,Lake,2.44,6.92,2.67,6.42,19.21,2.15,240,Filtration,91.87,63,3,9,18.64,9296,71.78,84.78,86.84,2038,25.3,29,75,Medium
Nigeria,West,2021,Lake,2.14,7.09,3.32,5.87,16.37,8.85,654,Chlorination,61.4,170,8,10,73.99,2361,45.38,59.4,52.42,1037,25.65,215,188,High
Brazil,Central,2015,Pond,3.97,7.01,8.2,5.67,23.76,11.47,1455,None,89.94,157,8,30,30.97,8239,63.41,84.72,84.51,1723,24.42,26,195,High
Nigeria,East,2000,River,3.17,6.28,4.64,6.14,22.44,6.21,789,Filtration,56.83,180,3,29,74.74,2206,42.82,56.16,51.14,1206,26.35,271,212,High
Mexico,West,2011,Spring,1.31,7.22,0.53,8.67,10.26,3.26,3,Boiling,99.55,18,1,0,15.42,10083,76.14,86.26,90.66,750,20.71,100,19,Low
Pakistan,North,2023,Lake,2.53,7.04,2.98,6.42,15.37,6.79,302,Boiling,74.11,77,5,10,65.81,1810,45.68,39.69,63.75,450,25.17,380,92,Medium
Mexico,North,2001,Tap,0.93,7.32,0.15,7.71,7.2,0.05,6,Boiling,91.57,15,0,5,10.42,9627,65.89,75.66,88.1,815,23.03,55,20,Low
Nigeria,East,2020,Lake,3.13,7.11,4.26,6.01,20.16,7.43,998,None,60.1,209,7,8,74.64,2298,54.28,55.57,48.44,940,27.66,251,224,High
Ethiopia,Central,2024,Pond,2.39,6.46,3.99,7.74,14.13,7.98,337,Chlorination,53.32,168,3,20,63.83,1301,42.75,33.22,36.39,937,19.63,123,191,High
Ethiopia,South,2007,Well,2.32,6.32,4.79,7.28,13.55,9.45,728,None,56.52,183,4,16,62.04,1264,45.69,22.33,44.27,583,18.32,117,203,High
Mexico,East,2017,Pond,2.76,7.19,3.12,7.55,15.36,4.96,431,Filtration,91.24,89,1,11,24.22,9801,73.38,79.68,93.05,675,21.84,57,101,Medium
Ethiopia,West,2024,Lake,2.13,6.74,1.96,8.03,14.83,3.79,246,Chlorination,57.33,103,6,8,62.29,1292,37.35,19.92,38.39,794,17.23,138,117,Medium
Nigeria,West,2015,Spring,2.72,7.05,3.72,6.5,19.22,10.36,611,None,61.74,121,9,15,76.94,2369,47.91,60.34,46.65,1024,27.33,261,145,High
China,North,2004,Lake,1.59,7.1,2.7,6.88,13.81,5.02,193,Boiling,80.57,71,0,5,9.55,11172,80.3,67.69,86.46,900,14.11,157,76,Medium
Mexico,West,2021,River,1.49,7.19,1.87,7.33,8.86,5.26,110,Filtration,85.9,47,3,4,19.66,9713,74.2,87.0,92.15,687,20.27,62,54,Low
India,East,2012,Lake,2.98,7.16,3.94,6.07,20.84,4.52,277,Boiling,78.3,125,1,15,38.33,2745,66.51,38.37,70.78,1095,23.98,641,141,High
Pakistan,West,2018,Spring,1.86,6.71,2.96,7.0,14.64,4.35,250,None,73.54,81,2,13,65.73,1919,59.03,36.23,75.05,700,24.94,237,96,Medium
Ethiopia,East,2002,River,2.7,7.31,4.49,7.52,17.88,7.6,387,Filtration,61.05,130,15,26,60.33,1082,45.43,24.52,34.09,948,18.33,138,171,High
Ethiopia,South,2007,Tap,0.67,7.44,0.3,8.06,11.69,4.12,5,Chlorination,57.87,29,0,2,60.56,1127,33.64,22.5,46.24,841,17.65,220,31,Low
USA,North,2011,River,2.09,7.04,3.25,8.72,13.04,1.62,346,Chlorination,94.82,76,0,5,14.33,52908,85.43,79.65,97.67,804,12.53,54,81,Medium
Bangladesh,West,2001,Pond,4.21,7.19,10.78,5.14,30.14,8.42,1389,None,70.86,260,25,31,39.15,2662,50.6,37.88,70.07,2460,25.1,1700,316,High
Mexico,East,2010,Well,2.12,7.63,4.8,6.64,16.45,2.85,443,None,94.7,106,4,13,23.52,10500,70.01,82.24,86.89,666,19.88,49,123,Medium
Indonesia,Central,2011,Pond,2.04,7.33,4.32,7.0,23.94,6.91,414,Chlorination,78.08,148,4,13,34.72,4720,64.37,55.27,81.37,1859,26.94,169,165,High
Ethiopia,North,2017,River,1.33,7.29,2.31,8.01,14.63,7.02,198,Chlorination,52.99,119,5,20,71.68,1062,54.78,15.0,39.61,827,17.47,141,144,High
Pakistan,South,2012,Tap,1.83,7.34,3.71,7.22,19.99,8.89,140,None,70.96,124,2,15,74.27,1569,46.87,40.19,57.66,382,25.03,352,141,High
India,East,2004,Lake,2.4,6.75,2.57,5.82,18.9,3.93,317,Chlorination,78.98,110,4,6,37.93,3169,64.15,41.95,72.78,1214,23.81,301,120,Medium
Ethiopia,South,2021,River,2.68,6.96,3.16,7.22,11.79,6.46,260,Filtration,51.53,129,4,14,67.43,1319,35.95,16.94,36.41,826,21.05,132,147,High
India,South,2011,Pond,3.23,6.71,6.22,5.51,25.86,8.22,1051,None,83.83,226,7,14,35.35,3042,72.52,41.36,81.75,1414,21.98,391,247,High
Nigeria,West,2001,River,3.1,7.05,3.96,7.08,19.7,8.56,376,Filtration,60.41,136,7,18,74.9,2027,45.85,54.1,46.47,1329,27.51,233,161,High
Nigeria,West,2004,River,3.38,6.35,4.3,6.28,19.71,9.99,850,Boiling,56.87,221,12,27,75.87,2137,42.41,53.64,51.18,813,27.36,303,260,High
Bangladesh,East,2006,River,2.54,6.33,4.85,6.74,27.53,7.45,513,Filtration,71.87,137,4,24,39.41,2469,56.85,40.5,64.21,2284,25.22,1355,165,High
China,Central,2023,Tap,1.58,6.9,2.18,7.11,13.15,3.03,130,None,93.24,58,2,2,12.05,13917,75.88,67.08,89.64,1122,14.88,209,62,Medium
Indonesia,East,2011,Spring,1.56,7.02,2.18,7.63,19.35,1.1,204,Boiling,80.24,63,4,5,33.71,4874,69.51,64.94,87.42,2061,27.06,137,72,Medium
USA,Central,2015,Spring,0.71,6.87,0.72,9.46,9.29,1.04,9,Chlorination,95.91,18,0,1,11.05,50401,87.19,77.92,91.79,1206,13.92,33,19,Low
Bangladesh,South,2022,River,2.58,7.53,4.34,7.98,23.95,7.16,298,Filtration,79.65,117,1,12,33.24,3091,45.94,42.59,72.14,1829,22.8,1337,130,High
Brazil,North,2007,Tap,0.77,6.44,0.15,9.52,12.45,2.44,3,Filtration,96.34,18,1,1,17.56,8972,65.81,91.08,86.52,1677,23.61,25,20,Low
USA,East,2008,Tap,1.1,7.18,0.15,7.71,6.65,0.44,45,None,95.2,22,0,0,9.38,55765,95.51,83.53,99.5,905,17.98,42,22,Low
Mexico,East,2014,River,1.41,7.29,2.57,7.61,14.52,4.78,239,Chlorination,99.65,63,2,6,18.64,11527,70.13,82.38,87.3,964,20.11,81,71,Medium
Pakistan,Central,2004,Pond,3.11,6.65,8.5,5.96,23.52,4.69,2048,None,68.66,299,8,20,72.83,1649,51.76,35.68,60.02,558,23.24,238,327,High
Brazil,South,2012,Pond,2.8,6.78,3.68,6.15,20.64,7.23,369,Chlorination,91.46,102,5,14,19.34,9864,74.24,92.72,79.2,2015,26.54,24,121,Medium
Brazil,South,2004,Well,2.07,6.8,4.28,6.92,22.81,5.26,557,None,91.83,79,0,10,22.53,10117,77.9,86.02,90.8,2141,26.14,25,89,Medium
Bangladesh,Central,2010,River,2.42,6.75,2.52,6.01,28.47,6.79,532,Chlorination,74.36,126,4,11,42.23,3138,60.68,36.71,66.2,2062,23.33,1159,141,High
China,South,2009,Well,1.95,7.85,1.9,8.79,13.25,4.36,131,Boiling,96.83,41,0,1,8.46,12416,81.09,56.12,95.06,873,17.62,132,42,Low
Bangladesh,West,2019,Pond,4.77,7.37,10.34,4.09,31.24,11.24,2654,None,71.75,267,21,36,41.95,2656,52.27,41.48,68.22,2632,22.46,1130,324,High
Mexico,North,2012,Pond,1.99,7.26,3.51,7.11,18.48,3.05,529,Boiling,87.32,74,8,9,23.44,9945,69.71,80.29,88.5,1000,19.07,65,91,Medium
Ethiopia,East,2008,River,3.06,7.35,5.52,6.06,17.02,9.77,448,None,62.31,250,4,26,58.15,1128,45.75,21.93,42.73,785,14.12,102,280,High
Ethiopia,North,2020,Well,2.75,6.9,5.43,7.26,17.41,7.99,458,None,62.07,202,6,34,59.35,1301,55.49,23.91,43.47,885,17.89,197,242,High
China,East,2013,Well,2.66,7.37,2.41,7.55,18.01,3.08,204,None,88.47,49,4,7,16.32,11517,72.25,64.99,86.53,1046,12.17,125,60,Medium
Mexico,West,2017,River,1.59,6.99,2.16,7.52,13.35,4.71,139,Filtration,93.28,41,0,3,14.3,11280,75.78,75.97,95.53,614,22.5,57,44,Low
China,South,2014,Well,1.99,6.9,2.79,7.04,20.51,4.48,225,None,91.17,114,4,7,16.17,11124,69.94,60.68,81.52,1028,15.79,141,125,High
India,Central,2009,Lake,2.27,6.65,2.86,7.28,16.0,5.43,270,Chlorination,78.68,91,4,10,37.11,2712,58.28,40.7,79.32,1020,25.79,504,105,Medium
Ethiopia,West,2023,Pond,1.88,7.3,4.33,7.54,17.56,7.92,549,Filtration,48.54,150,7,20,69.46,1121,44.72,24.23,44.39,695,17.7,207,177,High
Brazil,North,2006,Spring,0.53,6.72,0.15,9.07,12.96,3.93,14,Chlorination,91.82,31,1,1,22.14,9224,71.19,90.87,81.95,1759,23.21,36,33,Low
Indonesia,Central,2007,Tap,1.58,7.11,0.15,7.55,18.91,6.07,20,Chlorination,69.97,63,1,4,26.8,4117,64.86,61.39,72.83,2190,23.74,164,68,Medium
Pakistan,South,2002,Well,1.6,7.13,0.97,7.37,16.36,5.6,57,Chlorination,62.39,67,1,7,73.02,1294,48.47,33.33,51.52,620,28.33,263,75,Medium
Mexico,West,2014,Well,0.55,6.68,0.66,9.01,7.33,0.12,9,Chlorination,90.15,10,1,1,7.55,10977,71.48,80.3,97.17,429,14.53,52,12,Low
USA,Central,2015,Tap,0.4,6.55,0.15,8.12,9.01,3.61,3,Chlorination,88.69,21,0,1,11.93,42919,85.86,84.19,93.21,919,12.39,33,22,Low
China,West,2003,Well,1.62,7.09,2.45,8.39,14.56,4.61,195,Boiling,91.94,39,1,5,13.2,11527,72.21,66.86,82.43,925,12.95,216,45,Low
Pakistan,West,2020,Tap,0.64,7.17,0.74,8.61,7.86,3.27,3,Filtration,72.96,29,1,1,70.86,1786,52.76,39.98,72.76,435,21.26,246,31,Low
USA,South,2005,River,1.35,6.76,1.54,8.25,13.85,3.08,179,Chlorination,94.24,51,0,4,8.44,46296,85.45,76.78,99.5,874,12.21,46,55,Low
Pakistan,East,2000,Lake,2.24,7.26,1.3,6.95,17.22,7.17,142,Boiling,68.88,90,2,7,68.09,1651,50.1,38.83,73.37,486,23.66,355,99,Medium
Indonesia,Central,2003,Lake,3.11,7.18,4.73,7.5,23.06,6.4,431,Boiling,84.7,144,5,9,27.32,4442,68.98,61.13,75.61,2042,26.13,219,158,High
USA,South,2010,Pond,2.26,7.3,4.0,7.45,14.4,7.03,580,Chlorination,96.71,67,3,5,15.68,57167,90.39,82.11,91.44,942,14.03,31,75,Medium
Bangladesh,West,2011,Spring,3.36,7.06,4.01,6.73,33.58,7.14,907,None,67.21,130,4,21,32.16,2696,58.39,35.78,64.66,3312,25.79,1555,155,High
Nigeria,South,2004,Well,2.07,6.62,1.43,6.21,16.05,3.33,208,Chlorination,66.13,85,0,5,78.29,2678,43.09,52.99,51.82,1193,30.03,328,90,Medium
Bangladesh,East,2022,Spring,2.61,6.82,1.28,7.88,26.51,4.53,175,Boiling,73.11,99,1,10,32.77,3051,48.33,45.75,70.17,2802,28.85,1167,110,Medium
Ethiopia,Central,2020,River,2.32,7.45,4.2,7.33,19.13,6.55,265,Chlorination,57.11,125,4,12,62.81,1371,47.85,25.27,41.75,930,20.45,211,141,High
Nigeria,East,2015,Lake,2.4,6.67,3.66,6.37,16.92,10.05,224,Boiling,63.16,183,5,15,73.22,2303,53.15,56.0,56.41,1066,29.88,291,203,High
Bangladesh,North,2012,River,3.58,7.29,4.41,6.12,29.48,10.77,703,Chlorination,65.73,149,8,13,45.02,3215,64.17,47.3,67.33,2701,27.28,1092,170,High
Nigeria,Central,2012,River,2.46,6.58,4.82,5.73,21.53,8.18,522,Boiling,60.44,177,9,19,73.81,2193,47.11,50.19,56.66,968,29.61,260,205,High
Nigeria,East,2016,Well,1.43,6.1,2.41,7.13,11.98,6.02,89,Chlorination,59.01,58,1,5,78.49,2238,39.22,50.05,39.97,1319,27.09,257,64,Medium
Brazil,West,2006,River,3.21,6.83,5.19,6.59,17.62,5.46,651,None,79.4,111,5,11,21.99,8197,73.25,84.58,71.83,1797,23.24,34,127,High
China,Central,2007,Lake,3.0,6.84,3.44,6.66,19.0,5.29,616,None,99.44,98,3,7,14.49,14054,80.33,65.31,92.05,928,16.76,120,108,Medium
China,Central,2012,Spring,0.91,7.2,0.23,8.66,14.92,2.21,36,Boiling,84.44,25,0,5,11.88,12290,68.69,60.69,83.48,1059,13.68,164,30,Low
Brazil,South,2022,Lake,3.23,7.17,4.51,5.88,22.04,9.43,792,None,87.31,158,4,21,26.58,8997,78.71,86.83,69.15,1560,26.35,41,183,High
Pakistan,West,2015,Well,1.92,7.34,3.11,7.16,17.55,5.45,289,None,64.44,140,2,9,66.57,1709,51.56,34.53,67.53,458,24.02,258,151,High
India,North,2003,Lake,2.9,6.72,3.5,6.4,23.26,5.22,346,Filtration,77.94,101,2,16,41.16,2684,61.45,43.71,75.65,1140,27.45,554,119,Medium
Pakistan,East,2007,Tap,0.69,7.82,0.52,8.52,12.77,0.05,3,Chlorination,77.14,8,1,2,63.85,1702,61.5,43.62,61.58,472,23.95,455,11,Low
USA,South,2015,Spring,0.73,7.3,0.47,9.04,11.63,0.54,3,Chlorination,97.62,12,0,0,8.21,51250,84.77,87.54,93.37,933,12.16,36,12,Low
USA,East,2020,Tap,1.06,6.51,1.53,8.78,13.07,1.74,36,None,89.84,29,1,4,10.52,47473,88.68,82.06,95.24,767,11.23,53,34,Low
Nigeria,North,2009,Tap,2.62,7.25,1.51,7.78,20.09,5.16,201,None,54.63,103,5,10,73.41,2324,54.83,54.81,52.23,1207,25.81,291,118,Medium
Bangladesh,North,2024,Pond,2.89,7.05,5.73,6.99,26.31,4.47,674,Boiling,75.15,168,11,9,37.02,2962,61.48,39.21,69.18,1999,22.88,1471,188,High
Bangladesh,Central,2011,Well,2.06,7.36,2.74,6.63,22.59,5.56,283,Chlorination,67.39,103,1,11,35.61,2800,56.57,37.75,70.85,2530,26.66,1044,115,Medium
China,North,2011,River,1.98,6.73,2.14,8.36,16.27,2.52,124,Filtration,93.37,36,1,3,5.74,13436,80.74,68.62,82.71,893,17.53,163,40,Low
Mexico,East,2004,Tap,0.68,7.03,0.44,8.03,8.7,0.63,3,Filtration,95.1,8,1,1,14.65,10197,74.63,83.77,88.14,977,23.97,91,10,Low
Pakistan,West,2015,Lake,3.34,6.91,6.02,6.13,20.9,5.13,971,None,63.44,132,4,15,73.91,1600,55.39,36.28,65.56,582,24.52,343,151,High
Ethiopia,West,2000,River,2.8,6.36,4.15,7.34,20.72,8.53,413,Boiling,53.53,147,11,16,63.09,1299,45.88,26.31,46.19,854,16.06,94,174,High
Indonesia,Central,2008,Lake,2.38,6.92,3.84,7.58,26.92,6.14,343,Boiling,82.23,106,5,20,30.17,5089,63.39,59.22,77.85,2727,24.51,168,131,High
Bangladesh,East,2011,Lake,3.48,6.72,3.13,6.04,29.11,10.08,487,Chlorination,78.11,110,12,11,36.98,3560,65.68,46.41,76.01,2811,25.89,1636,133,High
Indonesia,East,2004,River,2.98,6.76,7.08,6.06,20.75,8.17,1403,None,78.51,168,5,31,33.53,4879,65.87,58.73,68.64,1595,27.86,160,204,High
Nigeria,North,2021,River,4.12,7.02,6.7,5.08,23.13,9.87,1766,None,60.86,178,11,31,76.28,2154,50.5,54.86,51.05,943,27.26,195,220,High
Indonesia,East,2019,Lake,3.04,7.21,3.81,6.21,23.41,6.69,510,Boiling,79.6,137,1,8,31.44,4784,57.5,59.05,73.53,2393,26.89,114,146,High
Ethiopia,South,2021,Well,1.94,6.73,1.5,9.01,14.15,4.47,51,Filtration,47.59,52,4,6,61.93,1242,37.29,20.27,42.5,739,16.62,175,62,Medium
Brazil,North,2023,Spring,0.72,7.45,1.65,7.21,11.52,2.49,31,Filtration,86.54,50,0,3,21.92,8989,74.38,85.5,83.08,1568,26.28,26,53,Low
Ethiopia,South,2002,Pond,2.48,6.37,3.23,6.25,17.07,9.07,631,Chlorination,47.11,148,5,13,69.19,1074,48.48,22.6,42.28,947,20.17,137,166,High
Indonesia,Central,2004,Spring,2.44,7.15,4.24,5.58,22.27,5.08,276,None,76.79,94,7,14,34.76,4378,55.49,65.39,79.48,1771,27.06,216,115,Medium
Ethiopia,West,2001,Well,2.24,7.23,2.77,6.46,18.71,9.81,645,None,59.74,128,6,14,60.57,1214,44.4,21.49,36.78,1004,15.99,91,148,High
India,Central,2013,Pond,3.62,7.02,4.27,6.63,27.26,6.92,823,Filtration,73.7,122,2,21,36.85,2647,58.24,42.85,68.41,1033,26.06,704,145,High
Nigeria,West,2001,River,4.06,7.13,9.37,4.21,25.02,9.45,1191,None,54.83,287,12,37,84.63,1933,47.14,53.46,39.72,1653,29.3,312,336,High
Pakistan,Central,2012,Pond,3.94,7.34,7.74,5.53,17.79,9.2,1626,None,76.61,224,21,26,65.18,1736,45.1,40.73,59.36,610,21.96,293,271,High
Brazil,East,2006,Lake,2.56,6.47,2.72,6.76,16.7,4.83,419,Boiling,95.38,102,1,5,20.7,7546,67.11,80.83,86.3,2155,21.7,25,108,Medium
Bangladesh,South,2009,Spring,2.18,6.81,1.39,6.57,23.6,4.65,153,Chlorination,69.87,121,2,8,38.6,2519,54.44,40.43,66.26,2272,27.55,1144,131,High
USA,West,2012,Pond,1.57,6.69,1.07,7.61,14.67,2.42,147,Chlorination,99.7,51,1,3,7.48,47842,84.84,75.68,95.92,1159,9.82,37,55,Low
Pakistan,North,2015,Lake,2.93,7.1,2.15,6.46,16.74,5.08,225,Chlorination,67.03,122,0,10,66.89,1734,53.63,31.63,68.37,721,26.31,281,132,High
USA,South,2013,Well,0.95,6.92,0.68,7.87,12.23,0.11,61,Boiling,98.97,26,0,0,10.76,54113,87.18,82.37,99.5,866,12.05,42,26,Low
Nigeria,North,2010,Pond,2.69,6.93,4.18,6.71,21.63,6.52,607,Chlorination,58.26,138,7,16,71.1,2030,33.11,56.33,44.39,1199,24.63,263,161,High
Brazil,South,2009,Lake,1.76,7.07,1.71,7.35,16.11,5.29,157,Chlorination,85.89,92,0,2,22.46,7987,57.28,90.6,76.2,1522,22.31,20,94,Medium
China,South,2005,Well,0.88,7.05,0.15,8.23,16.16,2.85,15,Filtration,94.11,22,1,1,3.67,12413,78.58,63.65,89.03,940,13.19,162,24,Low
Bangladesh,Central,2003,River,3.31,6.51,3.98,6.0,30.37,9.8,852,Filtration,69.73,244,6,16,34.46,2911,55.93,47.73,75.1,2397,31.14,1386,266,High
India,West,2020,Well,1.28,7.15,0.49,6.91,18.15,3.13,107,Chlorination,72.43,51,1,6,38.05,2442,52.87,37.22,73.93,1107,25.86,560,58,Low
China,West,2000,Well,1.23,7.22,1.34,8.1,11.2,2.19,72,Boiling,98.44,26,1,3,16.99,13181,84.68,57.12,90.84,1005,13.21,187,30,Low
Nigeria,South,2006,Spring,1.82,7.1,2.33,6.87,13.83,7.96,159,Boiling,52.1,119,4,9,75.49,2093,35.1,54.3,50.49,792,28.38,188,132,High
Pakistan,East,2023,Lake,1.34,6.9,2.21,7.7,14.64,3.4,127,Boiling,73.83,30,3,5,70.43,1725,55.1,44.97,67.74,470,24.99,201,38,Low
India,East,2008,Pond,4.03,6.49,9.09,5.76,25.87,9.95,1960,None,73.86,209,13,27,51.91,2277,58.79,35.04,70.84,1207,25.69,703,249,High
Ethiopia,North,2007,Spring,2.3,7.38,3.3,7.37,18.7,5.97,263,None,52.55,141,5,9,70.34,1234,41.44,24.35,28.92,1133,16.46,120,155,High
Indonesia,North,2004,Tap,0.74,7.15,0.21,8.55,15.66,1.85,8,Boiling,76.7,28,1,2,23.45,4550,61.36,60.58,67.17,2129,22.09,117,31,Low
India,Central,2018,Well,1.1,6.7,2.13,6.42,14.37,5.1,127,Filtration,82.07,59,1,8,44.75,2828,58.12,39.73,83.39,1490,23.17,371,68,Medium
Nigeria,South,2009,Tap,1.95,7.19,2.61,7.33,17.32,4.79,237,None,68.97,91,1,13,76.81,2451,42.06,59.95,51.97,1073,25.71,265,105,Medium
Mexico,North,2010,Spring,1.25,7.23,0.66,7.14,7.08,3.74,18,Boiling,98.0,24,0,1,17.27,10726,68.04,78.33,90.01,664,22.69,91,25,Low
Indonesia,North,2024,Lake,2.71,7.55,4.61,6.95,23.49,6.7,653,None,76.47,249,3,22,35.02,4421,69.55,57.15,73.22,1467,24.1,166,274,High
USA,South,2014,Spring,1.48,7.59,1.23,8.35,13.33,3.29,83,None,90.62,41,1,3,7.1,52246,92.98,80.3,99.5,860,14.42,38,45,Low
Bangladesh,Central,2005,Lake,4.17,6.82,6.04,6.3,25.35,8.34,1111,None,72.39,192,10,9,35.98,2582,55.68,32.32,65.98,1796,27.01,1166,211,High
USA,North,2014,Lake,3.14,7.32,3.83,8.07,15.5,7.39,436,None,98.39,105,6,9,14.96,55319,94.99,87.76,96.0,879,8.78,33,120,Medium
India,Central,2004,River,2.56,6.94,5.56,6.99,24.89,6.46,874,Boiling,71.53,139,8,13,37.15,2531,55.76,41.44,70.33,1199,22.96,724,160,High
USA,West,2018,Well,1.33,6.5,2.09,7.34,10.62,3.24,237,None,92.81,54,1,5,13.96,62779,90.89,81.38,95.33,918,13.38,33,60,Medium
Nigeria,Central,2021,Spring,2.13,7.02,2.34,7.75,16.07,3.32,94,Chlorination,59.14,66,5,7,78.14,2513,45.3,54.93,49.8,1532,29.98,225,78,Medium
Ethiopia,East,2018,Lake,1.89,7.19,1.3,7.56,11.38,6.2,292,Boiling,48.23,95,5,19,58.48,1171,38.16,23.82,45.02,717,19.16,198,119,Medium
Pakistan,East,2009,Spring,1.72,7.55,1.04,7.57,13.52,2.98,57,Boiling,66.64,47,3,4,60.54,1747,55.73,35.97,70.6,416,25.18,377,54,Low
Bangladesh,Central,2011,Spring,2.13,6.67,1.5,7.62,19.68,3.85,111,Boiling,73.99,65,2,6,32.16,3171,58.5,42.17,64.49,1908,24.5,774,73,Medium
USA,East,2021,Lake,2.48,6.95,2.75,8.21,9.62,3.92,250,None,96.1,58,2,4,8.34,54188,88.49,85.08,99.5,945,12.23,27,64,Medium
USA,West,2003,Pond,2.74,6.59,2.78,7.2,15.05,4.04,388,Boiling,94.91,83,1,12,14.9,43658,91.54,73.33,97.36,797,14.09,45,96,Medium
India,South,2017,Tap,0.92,7.62,1.02,7.82,12.19,4.98,30,Filtration,73.44,31,1,1,32.73,3005,62.55,38.61,71.72,1127,27.54,369,33,Low
Pakistan,East,2015,Well,1.79,7.16,1.52,6.72,14.83,5.35,118,Chlorination,67.32,42,2,13,63.58,1955,64.44,42.95,77.32,765,22.35,416,57,Low
China,East,2007,Well,0.9,7.0,0.15,8.29,7.52,4.64,34,Filtration,81.65,16,0,3,16.54,11161,64.65,61.38,83.84,1046,13.75,124,19,Low
USA,Central,2003,Pond,2.37,6.19,2.29,8.81,14.46,5.49,229,Chlorination,92.25,57,2,3,6.78,52127,88.15,76.75,91.34,859,15.99,25,62,Medium
Nigeria,West,2024,River,2.35,7.26,3.21,7.53,18.84,7.48,532,Chlorination,58.52,188,6,18,78.73,2237,47.54,59.22,56.51,912,26.42,223,212,High
Mexico,South,2022,Pond,3.24,6.07,7.11,6.41,20.81,8.23,1046,None,99.7,129,2,17,25.72,11688,74.86,86.57,89.73,930,23.0,70,148,High
Bangladesh,Central,2011,River,2.64,6.75,3.18,7.12,27.27,6.12,297,Chlorination,76.64,147,6,12,37.97,2676,56.51,46.14,64.82,2473,25.19,1627,165,High
USA,Central,2001,River,1.09,6.93,1.07,8.14,6.42,0.06,51,Chlorination,99.7,32,0,1,6.41,52510,96.38,86.21,97.79,699,12.44,27,33,Low
Nigeria,West,2003,Pond,3.73,6.38,5.19,5.88,24.81,9.47,677,Filtration,68.31,144,3,11,75.81,2020,45.19,51.62,44.19,1357,26.76,188,158,High
Nigeria,South,2004,Well,2.48,6.42,2.45,7.07,15.28,6.47,207,Chlorination,57.42,124,3,7,76.34,2160,41.39,51.81,39.93,1587,26.48,339,134,High
Bangladesh,West,2002,Tap,1.51,6.4,0.96,7.55,17.37,5.59,66,Boiling,63.79,65,4,5,36.01,2616,61.42,40.97,68.63,1872,27.43,1395,74,Medium
China,South,2008,Well,1.37,6.87,0.62,8.53,9.48,2.81,9,Boiling,92.75,25,0,5,10.72,12496,79.66,69.56,89.72,810,13.89,109,30,Low
Nigeria,West,2020,Well,1.86,6.76,1.66,7.52,21.01,5.98,58,Chlorination,65.97,70,1,4,70.73,2813,61.26,59.53,56.09,1561,27.7,253,75,Medium
Mexico,Central,2017,Well,1.75,7.14,0.76,7.79,13.07,0.05,64,Boiling,99.7,35,1,2,18.01,10239,75.16,76.03,93.71,932,19.27,84,38,Low
Nigeria,Central,2010,Pond,3.95,6.96,10.52,5.22,22.87,10.38,1116,None,62.17,339,9,25,78.62,2302,46.69,58.49,50.86,864,32.12,185,373,High
Nigeria,North,2002,Pond,2.73,7.33,4.39,6.43,22.72,7.59,504,Boiling,58.07,186,4,22,76.82,2385,50.91,61.14,43.18,1186,20.26,365,212,High
Nigeria,East,2024,Pond,4.3,6.93,9.84,4.71,26.13,10.83,1721,None,59.38,402,22,41,77.67,2081,42.47,64.39,46.81,961,27.39,293,465,High
Ethiopia,West,2022,Well,1.39,8.21,1.29,8.35,12.82,3.45,108,Chlorination,54.49,59,4,4,65.94,1172,42.19,25.62,34.82,1044,15.67,127,67,Medium
Ethiopia,North,2001,Tap,1.62,6.59,1.59,8.88,13.63,3.39,86,None,55.62,70,1,5,63.96,1182,40.79,26.3,43.56,980,16.23,145,76,Medium
China,East,2008,River,2.87,6.76,4.75,6.59,18.24,7.24,860,None,86.25,98,2,9,14.96,12063,75.5,68.36,98.49,902,17.46,138,109,Medium
USA,West,2013,Spring,0.32,6.63,0.51,9.39,7.46,0.35,3,Chlorination,93.18,11,0,0,10.33,51110,88.82,85.01,98.38,871,10.12,34,11,Low
Nigeria,South,2003,River,3.09,6.74,5.04,5.5,18.37,10.78,673,Chlorination,56.66,223,9,20,82.18,2225,37.45,65.3,41.43,1077,28.92,182,252,High
Pakistan,East,2008,River,2.58,6.7,5.25,7.23,20.38,7.15,476,None,70.05,114,10,24,65.93,1581,52.68,39.22,59.96,563,28.2,285,148,High
USA,Central,2012,Spring,0.47,7.46,0.19,9.75,8.93,0.71,3,Filtration,96.52,10,1,1,6.78,55088,88.72,89.2,85.99,805,14.47,41,12,Low
China,North,2017,Well,1.47,7.52,1.17,8.74,10.98,3.35,8,Chlorination,85.1,18,1,1,14.37,11490,73.91,62.94,88.66,958,12.28,247,20,Low
Brazil,East,2014,Tap,0.73,7.04,0.15,8.65,10.14,0.05,3,Chlorination,89.42,16,0,2,24.87,9769,72.8,93.01,81.85,1774,18.76,32,18,Low
USA,East,2009,Tap,0.24,7.11,0.34,8.81,9.9,0.98,4,Filtration,99.7,16,1,0,3.47,51524,92.1,78.07,94.99,1068,13.73,27,17,Low
USA,Central,2015,River,1.96,7.92,2.8,6.66,14.83,3.21,426,Boiling,92.39,58,0,3,9.73,44707,93.92,75.43,92.44,1098,14.6,62,61,Medium
Indonesia,West,2011,Spring,1.65,7.12,0.81,7.41,20.11,4.77,114,Filtration,79.18,94,3,7,31.83,4644,64.04,62.65,66.12,2504,23.66,157,104,Medium
India,South,2019,Lake,2.4,6.41,2.84,6.27,20.94,3.47,276,Boiling,82.09,87,3,13,39.7,2449,64.44,36.95,71.62,1443,25.48,565,103,Medium
Indonesia,Central,2004,Well,2.14,7.52,1.55,7.18,23.21,6.25,148,Filtration,70.94,96,3,14,31.29,4120,60.23,57.85,71.8,2420,25.24,191,113,Medium
Mexico,South,2001,River,3.44,7.34,5.5,4.83,16.43,5.27,1512,None,87.47,106,7,20,23.29,8704,73.53,76.38,87.29,704,20.79,77,133,High
Ethiopia,West,2009,Tap,0.22,6.91,0.16,9.11,8.9,2.75,3,Chlorination,59.19,16,2,1,59.83,1415,37.86,28.8,47.31,770,16.3,111,19,Low
Ethiopia,East,2000,Pond,2.69,7.33,3.21,5.78,17.63,6.22,533,Filtration,49.35,162,7,17,65.22,1155,40.21,15.15,45.73,614,24.16,175,186,High
India,South,2006,Pond,2.74,7.36,3.56,6.26,18.36,6.73,237,Chlorination,79.28,121,7,9,44.05,2361,58.16,32.8,69.74,1103,27.24,309,137,High
Bangladesh,North,2016,Spring,2.04,7.19,1.03,7.76,23.68,5.37,107,Boiling,70.81,69,3,7,35.46,2895,62.95,42.36,66.28,2599,21.28,1200,79,Medium
Bangladesh,North,2015,Spring,2.98,7.02,4.31,6.06,25.86,7.68,433,None,66.9,127,6,27,39.24,2578,60.09,50.25,68.49,2268,28.58,1150,160,High
China,Central,2023,River,1.47,7.29,1.76,7.74,14.34,4.87,211,Chlorination,88.39,52,1,3,11.89,13036,76.35,72.55,97.99,853,12.82,147,56,Low
India,West,2002,Lake,1.62,7.15,2.25,7.65,11.93,3.19,122,Filtration,83.27,40,1,5,30.39,2943,57.4,32.59,79.75,955,22.32,317,46,Low
USA,Central,2013,Tap,0.67,7.15,0.64,9.18,12.25,3.0,3,Filtration,98.16,10,2,0,13.7,52221,85.87,88.6,91.72,951,9.5,38,12,Low
Bangladesh,Central,2009,River,4.84,6.83,10.46,5.35,35.27,11.42,3435,None,77.21,330,29,42,41.84,2460,50.77,37.26,65.23,2488,27.8,971,401,High
Nigeria,Central,2021,Lake,2.32,6.93,2.94,5.46,17.0,9.17,374,Boiling,61.08,145,5,11,74.59,2643,52.22,61.28,50.67,1183,28.46,295,161,High
Pakistan,North,2006,Spring,2.19,7.76,2.7,6.74,15.89,1.99,210,None,76.91,83,5,6,66.74,1887,57.23,38.94,69.2,726,23.69,256,94,Medium
USA,North,2016,Pond,2.86,6.54,6.74,6.65,17.7,6.85,1234,None,97.51,91,2,12,15.95,50711,82.94,90.17,93.44,946,13.72,37,105,Medium
Mexico,Central,2005,Well,0.46,7.09,0.15,9.34,6.55,0.05,10,Chlorination,94.96,16,0,0,17.7,9357,71.23,77.97,86.29,654,18.07,79,16,Low
Nigeria,North,2022,Pond,3.3,6.71,4.72,5.07,20.39,9.15,665,Boiling,54.76,153,9,26,77.32,2395,56.97,53.31,49.85,1089,25.66,184,188,High
Nigeria,West,2021,Tap,2.36,6.68,1.24,6.99,13.96,8.91,142,None,65.7,77,0,8,71.69,2420,44.35,57.94,44.53,790,29.3,246,85,Medium
India,Central,2003,Tap,0.95,7.07,0.15,8.79,9.58,0.34,3,Chlorination,73.78,12,0,0,38.45,2254,59.57,36.1,75.33,1067,25.09,274,12,Low
China,North,2016,Pond,2.19,7.18,3.84,6.81,14.66,5.15,333,Chlorination,90.86,89,5,12,9.68,10903,69.37,65.51,81.31,1001,14.89,147,106,Medium
Mexico,South,2008,Pond,2.85,7.25,5.76,6.04,16.28,7.77,540,Boiling,91.91,113,1,11,18.7,8871,58.27,68.91,78.03,744,19.43,68,125,High
Bangladesh,Central,2003,Lake,1.62,6.91,2.59,8.17,18.44,3.81,108,Boiling,80.97,78,2,4,31.78,2602,56.36,36.07,75.19,1449,23.68,708,84,Medium
India,Central,2006,River,2.71,7.38,2.79,6.97,19.64,8.12,315,Chlorination,80.21,73,4,18,37.59,2359,62.91,37.21,73.27,1199,24.11,402,95,Medium
Bangladesh,West,2022,Spring,2.18,6.99,1.88,9.33,27.43,6.68,293,Boiling,79.25,97,4,12,36.0,2837,65.09,36.78,70.63,3400,21.86,1632,113,Medium
India,East,2001,Lake,1.72,7.33,0.2,6.27,16.49,5.08,108,Chlorination,83.36,55,2,4,37.09,2425,57.43,44.5,71.67,981,24.54,484,61,Medium
India,East,2016,Well,1.47,7.5,2.55,7.42,18.34,5.03,199,Boiling,82.3,62,1,5,36.26,3011,75.95,45.13,79.72,1059,27.59,435,68,Medium
India,West,2023,Pond,3.24,7.5,4.18,6.78,20.67,7.47,917,Boiling,78.77,139,5,11,35.51,3177,65.14,46.07,77.98,934,23.19,741,155,High
China,West,2007,Well,1.15,7.18,1.51,8.44,11.78,3.8,48,Boiling,88.12,45,1,2,16.5,12639,76.4,60.23,80.05,1002,14.69,118,48,Low
India,West,2022,Well,1.42,7.44,1.85,7.78,15.54,3.54,107,Filtration,77.32,52,3,6,33.05,2844,56.84,44.5,81.98,1021,24.42,617,61,Medium
Brazil,East,2014,Lake,2.77,6.73,2.87,7.6,18.22,3.42,534,Boiling,97.74,55,1,5,18.03,9461,76.39,89.99,78.91,1732,22.13,20,61,Medium
Pakistan,West,2014,Spring,0.57,6.57,0.15,7.92,11.75,3.3,6,Filtration,67.24,15,1,2,69.6,1758,53.18,39.91,67.3,434,24.58,296,18,Low
Bangladesh,North,2007,Tap,0.38,7.15,0.29,7.3,16.29,1.56,21,Chlorination,70.95,34,0,3,37.98,2669,64.23,45.81,64.8,1841,27.28,1434,37,Low
USA,Central,2015,River,2.22,6.5,4.09,7.34,13.93,6.03,667,None,98.45,85,3,9,9.63,52507,99.0,82.73,93.02,1061,12.95,36,97,Medium
Indonesia,Central,2018,Tap,1.83,7.08,2.03,7.57,23.11,4.65,266,None,80.27,85,3,8,32.07,4642,70.77,60.12,75.16,2623,24.44,121,96,Medium
Mexico,South,2010,Spring,1.38,7.13,0.37,7.34,13.71,1.47,93,None,96.66,46,0,4,16.26,10431,84.01,84.08,95.77,632,22.43,55,50,Low
Ethiopia,South,2001,Tap,0.67,7.39,0.23,8.71,10.23,0.82,9,Chlorination,52.63,18,1,3,63.49,1042,40.21,21.32,38.18,716,19.31,123,22,Low
China,Central,2022,Pond,2.33,7.3,3.4,7.22,18.94,6.21,319,Boiling,86.5,119,3,9,13.1,13302,72.56,66.5,92.3,973,13.28,141,131,High
USA,North,2023,Pond,1.37,6.68,1.83,7.96,14.05,5.3,196,Filtration,95.48,50,2,5,17.92,57290,87.46,77.6,93.4,1002,12.04,43,57,Low
Nigeria,East,2016,Lake,1.93,7.6,1.64,7.77,15.59,3.73,222,Chlorination,59.9,99,5,10,66.06,2933,54.62,63.92,51.38,897,26.02,189,114,Medium
Brazil,East,2015,Well,1.27,6.83,1.99,7.0,16.02,5.28,317,None,92.61,67,0,8,23.34,10213,68.48,80.63,89.51,1563,23.56,25,75,Medium
Ethiopia,North,2024,Spring,1.87,7.77,3.69,6.63,11.75,7.18,351,None,50.73,175,5,18,71.03,1251,40.67,19.3,39.15,789,19.49,130,198,High
Indonesia,East,2014,Spring,2.16,7.74,3.07,7.07,24.16,3.88,352,None,84.0,98,6,10,23.51,5146,65.07,63.63,72.0,2072,27.74,98,114,Medium
USA,West,2012,Tap,0.84,7.07,1.07,9.12,10.61,1.74,80,None,99.7,30,1,2,5.77,53541,92.48,80.35,99.5,638,13.62,32,33,Low
Ethiopia,Central,2014,Lake,2.61,7.28,4.11,6.54,17.81,8.08,476,Filtration,49.6,185,4,37,65.49,989,43.79,23.77,33.0,838,21.68,115,226,High
USA,Central,2003,Tap,0.71,6.77,2.03,8.01,9.58,2.9,70,None,88.08,27,1,0,15.82,45871,78.16,78.89,92.3,958,9.83,29,28,Low
Brazil,North,2015,Tap,1.04,7.27,0.15,8.05,14.66,1.44,11,Filtration,93.68,23,0,2,21.67,8979,70.45,85.17,78.49,1872,19.74,32,25,Low
Indonesia,East,2011,Spring,2.16,7.32,2.78,6.16,21.07,3.48,406,None,70.19,86,1,4,31.72,4443,59.48,54.81,78.89,1675,25.96,164,91,Medium
Nigeria,South,2003,Tap,0.81,7.95,0.15,9.03,12.88,4.54,3,Chlorination,64.3,35,0,2,70.26,2384,38.71,55.02,53.8,1174,22.38,233,37,Low
India,South,2002,Well,2.01,7.37,1.27,7.07,17.37,5.86,76,Filtration,76.06,84,1,9,38.05,2890,65.63,33.08,69.99,1123,27.99,464,94,Medium
Bangladesh,East,2021,Tap,1.05,7.58,0.15,7.4,22.79,3.99,18,Filtration,69.46,47,3,10,34.71,2977,58.71,33.87,67.09,2006,26.29,1558,60,Medium
Nigeria,South,2016,Well,1.18,7.18,1.36,8.27,13.19,5.21,118,Chlorination,59.29,58,0,6,71.67,2753,56.79,59.75,51.8,1129,26.51,271,64,Medium
India,North,2021,Spring,2.33,6.9,3.38,7.0,18.98,5.25,425,None,77.48,86,8,12,46.24,2175,51.86,42.74,61.94,1097,24.93,276,106,Medium
China,North,2017,Lake,3.07,7.1,3.66,8.39,18.34,5.64,268,None,93.63,93,3,4,11.35,13262,70.87,60.42,92.19,1422,14.52,162,100,Medium
Pakistan,East,2024,Pond,2.83,7.61,4.85,6.0,17.82,2.96,362,Boiling,73.14,111,4,14,64.36,1885,57.16,31.99,63.06,393,24.11,387,129,High
Mexico,South,2017,Well,1.8,6.68,1.67,7.89,10.77,5.98,125,Boiling,86.45,49,3,4,17.64,10275,70.03,78.73,89.81,749,21.43,49,56,Low
Mexico,North,2022,Lake,1.76,7.14,1.73,8.42,9.37,3.11,252,Filtration,90.79,33,0,4,22.16,10351,74.44,78.71,91.78,608,20.11,57,37,Low
Bangladesh,North,2016,Lake,2.63,6.87,2.85,6.38,21.07,6.51,461,Boiling,72.31,137,6,8,38.78,3315,52.79,42.78,73.1,1665,26.84,1663,151,High
Indonesia,West,2011,Well,1.29,7.41,1.83,8.23,18.83,2.42,82,Chlorination,83.29,61,0,3,27.23,5119,66.44,59.31,76.65,1986,26.8,108,64,Medium
Brazil,West,2022,Spring,0.91,7.1,1.17,8.17,6.61,3.96,7,Chlorination,91.12,24,1,4,18.99,10268,75.24,88.33,83.24,1207,24.36,21,29,Low
Indonesia,North,2020,River,3.02,7.22,2.29,7.22,24.49,6.8,562,Chlorination,71.7,143,4,13,34.93,4609,53.3,61.96,80.12,2502,24.06,209,160,High
Brazil,East,2023,Lake,1.44,7.24,1.13,7.26,17.88,3.28,182,Filtration,88.28,66,2,4,20.32,9820,75.27,87.48,82.25,1663,24.71,29,72,Medium
Indonesia,Central,2003,Lake,2.7,7.42,2.1,6.6,23.03,5.05,207,Chlorination,78.87,109,2,8,32.61,4555,59.77,64.97,73.02,2938,27.04,127,119,Medium
Pakistan,Central,2011,Spring,0.77,7.48,1.48,8.82,14.29,4.0,63,Filtration,73.89,58,5,3,63.42,1988,59.85,40.44,64.41,505,25.0,254,66,Medium
China,North,2022,Spring,0.42,6.77,0.46,9.03,10.11,1.2,6,Filtration,93.15,19,0,1,14.07,13036,82.6,69.93,83.83,1219,16.02,137,20,Low
China,North,2021,Tap,0.6,7.65,2.01,9.16,10.08,1.14,3,Chlorination,93.32,17,0,2,4.91,13372,78.94,65.94,90.11,1215,12.5,185,19,Low
India,North,2020,Spring,1.0,7.17,0.15,8.27,15.1,0.44,45,Chlorination,80.06,48,0,2,36.43,3000,58.75,41.38,70.17,1144,26.53,513,50,Low
Ethiopia,East,2019,Lake,1.96,6.93,2.18,7.61,18.64,5.67,179,Filtration,51.28,149,8,11,61.01,1258,40.42,27.07,40.87,962,18.18,103,168,High
China,West,2014,Well,0.47,6.84,0.15,8.74,12.8,0.58,3,Chlorination,91.07,10,0,0,5.74,12642,75.68,66.45,91.98,1030,12.03,164,10,Low
China,North,2022,River,1.7,6.97,3.24,7.73,16.85,4.09,330,Boiling,84.01,80,1,3,13.83,13241,85.71,62.27,87.15,1179,12.31,155,84,Medium
Nigeria,North,2015,Tap,1.88,6.64,1.46,7.06,12.43,9.8,171,Filtration,70.04,89,4,6,79.77,2468,45.46,62.99,48.52,1522,28.64,307,99,Medium
Nigeria,South,2004,Well,2.56,6.71,4.93,6.83,21.45,6.94,781,None,63.06,174,5,13,77.41,2334,51.91,47.85,51.28,1170,25.95,192,192,High
India,East,2020,River,1.98,7.48,4.83,7.68,20.46,4.44,355,Filtration,74.15,138,4,16,39.37,2773,56.09,41.17,78.85,1240,24.63,298,158,High
Ethiopia,North,2014,River,2.0,7.74,3.58,6.98,19.07,8.68,534,Chlorination,58.51,147,2,21,65.99,1223,45.43,22.35,42.56,880,18.48,134,170,High
Bangladesh,South,2016,River,2.72,7.05,5.75,6.57,29.57,8.06,839,Chlorination,70.94,181,14,25,39.68,2713,67.32,43.37,66.6,2217,24.43,1138,220,High
Nigeria,Central,2017,Pond,2.77,7.26,5.16,5.91,23.72,6.19,836,Filtration,63.47,154,6,26,74.03,2860,51.34,56.32,52.54,1127,23.11,306,186,High
Bangladesh,North,2004,Well,2.93,7.32,3.0,7.35,27.1,5.08,347,Filtration,70.15,156,5,17,31.15,2481,57.88,46.2,72.31,3600,28.19,1340,178,High
USA,North,2012,Tap,0.97,7.1,0.33,9.09,6.27,1.84,7,None,86.97,13,1,2,7.99,43037,88.7,80.7,91.94,745,11.73,35,16,Low
Nigeria,South,2018,Tap,2.28,7.42,2.12,7.63,21.03,4.55,344,None,70.42,124,7,12,70.18,2394,41.3,55.21,50.04,1095,29.99,237,143,High
Pakistan,East,2012,River,2.18,7.08,2.28,7.1,18.24,3.44,201,Filtration,62.35,113,4,8,75.25,1651,56.41,38.78,67.94,716,25.98,314,125,High
Ethiopia,North,2017,Well,1.69,7.14,2.4,8.16,12.31,4.19,189,Chlorination,55.52,94,0,13,65.49,1375,44.49,25.0,39.58,703,17.27,175,107,Medium
India,Central,2013,Pond,3.39,6.68,5.09,5.52,19.19,7.47,941,Filtration,74.88,107,5,19,38.84,2620,60.11,43.07,69.57,1365,24.25,520,131,High
USA,North,2003,River,1.7,7.38,1.75,7.64,15.34,4.84,142,Boiling,89.11,57,1,1,12.27,52008,87.98,91.08,98.58,875,12.95,55,59,Low
Ethiopia,Central,2003,Spring,1.28,6.9,0.15,8.48,15.59,4.42,29,Boiling,61.65,41,1,4,57.46,1373,47.34,26.52,53.0,922,20.53,162,46,Low
Pakistan,West,2019,Tap,0.34,7.53,0.43,7.59,6.54,0.88,3,Chlorination,69.39,19,1,3,67.29,1867,55.12,36.7,70.6,545,23.12,175,23,Low
Ethiopia,West,2019,Lake,2.42,6.63,1.28,7.74,15.73,4.79,257,Filtration,56.13,110,1,12,67.11,1231,37.18,32.83,43.75,877,17.47,98,123,Medium
Pakistan,Central,2018,River,2.08,7.29,3.45,6.9,13.32,6.16,430,Filtration,74.62,106,5,9,68.57,1780,52.43,44.83,69.89,574,22.78,273,120,Medium
Pakistan,East,2012,Spring,1.36,7.01,0.15,8.47,14.64,7.09,52,Boiling,70.61,41,1,5,65.82,1555,51.99,30.73,60.41,466,24.52,339,47,Low
Bangladesh,North,2011,Tap,1.19,6.74,0.15,8.02,16.4,4.3,3,Filtration,70.24,26,0,1,34.53,2568,58.4,42.88,64.04,2005,23.67,1182,27,Low
Indonesia,North,2006,Pond,2.73,6.73,4.95,7.04,21.25,6.55,386,Chlorination,76.3,127,10,10,34.13,5080,64.55,61.79,75.97,2127,25.36,220,147,High
USA,West,2024,Well,0.59,7.05,0.96,8.4,7.72,0.05,3,Chlorination,99.7,15,0,1,10.4,51612,83.3,81.82,95.08,665,10.31,31,16,Low
Ethiopia,Central,2011,Tap,1.29,6.82,1.81,8.76,8.38,2.31,90,None,49.31,48,1,5,55.62,1223,44.84,22.91,46.37,730,15.04,123,54,Low
Brazil,North,2020,Well,1.51,7.46,1.62,7.1,16.26,3.57,117,Chlorination,98.33,36,2,2,12.34,9871,82.37,89.14,78.87,1963,22.87,29,40,Low
USA,North,2003,Well,0.53,7.16,1.43,8.05,9.53,1.19,6,Filtration,98.89,17,0,2,8.52,54080,87.02,88.72,93.82,956,14.88,31,19,Low
Indonesia,East,2001,Pond,2.82,7.43,4.43,6.38,21.06,5.01,561,Filtration,76.89,132,10,11,31.65,4565,59.56,56.8,75.16,2050,27.25,110,153,High
USA,South,2001,Pond,2.2,6.72,3.28,8.29,13.28,4.36,875,Boiling,98.29,79,4,9,10.4,49652,87.4,76.27,87.66,814,12.2,53,92,Medium
China,West,2004,River,1.71,6.58,1.22,8.25,18.27,3.19,208,Boiling,99.11,44,0,1,7.8,13108,82.5,65.33,88.82,1155,14.13,150,45,Low
Brazil,West,2022,River,1.9,6.78,3.49,7.82,15.61,3.5,253,Chlorination,90.95,79,4,6,20.83,10614,67.61,90.48,79.83,1647,20.79,33,89,Medium
Indonesia,South,2009,Tap,2.34,6.76,1.06,7.33,24.1,3.65,160,None,83.8,61,3,5,30.42,4595,66.91,57.81,78.17,2291,24.68,193,69,Medium
Bangladesh,North,2009,Pond,3.27,6.18,5.42,6.91,29.78,7.97,775,Filtration,77.43,220,6,18,32.04,2583,53.6,48.16,69.06,2402,27.06,1207,244,High
Ethiopia,East,2008,Spring,2.11,6.22,0.83,7.91,17.97,7.23,119,None,53.17,111,3,7,62.51,1405,40.14,24.44,41.48,1195,16.41,154,121,Medium
Mexico,East,2012,Tap,0.27,7.91,1.86,8.74,10.37,0.05,3,Filtration,96.35,13,0,1,19.58,11585,69.2,83.46,85.43,600,17.57,72,14,Low
Indonesia,West,2006,Lake,2.77,6.72,2.42,7.96,20.55,1.46,251,Chlorination,90.21,53,2,14,30.48,4986,69.06,66.75,82.44,2182,26.23,234,69,Medium
India,East,2004,Well,2.13,7.12,2.06,7.9,17.7,5.43,209,Chlorination,72.74,73,2,9,40.1,2403,57.64,36.6,77.28,1409,28.82,312,84,Medium
Ethiopia,South,2009,Well,1.28,6.84,2.32,7.91,16.51,3.25,207,Boiling,54.41,143,6,15,60.33,1202,42.15,24.77,40.0,717,18.29,102,164,High
Indonesia,North,2009,River,3.95,7.65,6.78,6.55,29.04,8.97,1412,None,85.5,252,10,28,32.83,4220,66.48,54.4,64.34,2693,22.64,213,290,High
China,South,2005,Spring,0.96,7.71,0.15,8.7,11.61,1.91,22,Boiling,84.04,30,0,3,16.28,11280,70.33,63.16,81.56,1036,16.85,231,33,Low
Mexico,Central,2018,Pond,2.59,7.26,4.22,6.3,15.7,4.37,848,Chlorination,90.33,98,7,8,21.09,11228,78.9,84.66,99.5,735,22.72,51,113,Medium
China,West,2020,Pond,2.74,6.46,4.23,6.9,18.67,4.55,419,None,93.05,100,2,10,12.96,11441,75.01,62.69,90.66,939,14.47,158,112,Medium
Mexico,East,2007,River,2.07,6.2,4.05,6.59,14.84,3.25,498,Filtration,92.34,97,3,13,24.42,9556,65.47,81.32,82.84,706,26.08,65,113,Medium
India,Central,2000,Lake,1.65,7.65,2.66,6.88,12.14,5.66,185,Boiling,86.22,74,4,3,38.73,2262,67.66,34.48,71.32,1039,21.6,385,81,Medium
Ethiopia,East,2016,Tap,0.47,7.6,0.15,9.27,10.58,1.45,3,Chlorination,49.78,20,0,3,58.56,1285,56.62,23.96,41.94,581,17.76,115,23,Low
Bangladesh,North,2006,Tap,2.29,7.71,1.06,7.76,23.67,3.5,43,Filtration,63.95,72,4,3,41.57,2615,60.86,35.9,67.15,2634,24.46,1184,79,Medium
China,North,2013,Spring,0.33,6.76,0.54,10.26,11.07,3.38,3,Chlorination,92.48,14,0,0,11.06,12028,70.68,71.05,84.71,804,9.83,197,14,Low
China,North,2020,River,1.37,6.44,0.54,8.2,11.66,5.24,81,Filtration,86.23,49,0,1,14.04,11005,71.25,67.08,87.26,688,16.1,186,50,Low
Pakistan,East,2020,River,1.95,6.72,2.79,6.64,13.53,5.8,482,Boiling,68.35,97,4,4,70.78,1880,48.08,35.93,65.49,584,24.78,324,105,Medium
Mexico,Central,2016,Lake,1.32,6.67,1.47,7.79,14.39,3.35,144,Filtration,84.64,51,1,5,20.82,10897,80.59,81.8,81.29,817,22.44,121,57,Low
Nigeria,North,2008,Tap,1.5,7.03,2.67,8.22,19.35,3.11,234,None,62.99,97,4,4,72.69,2148,42.91,58.24,48.32,1669,28.67,157,105,Medium
Ethiopia,Central,2016,River,2.38,6.78,1.97,7.1,19.89,7.12,289,Filtration,51.7,142,6,16,58.38,1122,35.55,28.04,39.99,809,18.98,128,164,High
Mexico,East,2004,Pond,2.6,6.47,2.22,7.5,16.65,3.53,549,Chlorination,93.02,85,0,5,16.82,9288,68.9,81.48,91.04,755,19.34,78,90,Medium
Pakistan,Central,2024,Spring,1.07,6.83,0.15,7.59,13.28,3.16,34,Filtration,73.07,28,3,2,72.65,1668,46.56,42.96,63.8,316,23.0,296,33,Low
USA,East,2019,Tap,0.53,6.14,0.15,9.19,10.29,2.06,3,Boiling,99.7,15,0,1,8.69,50262,80.77,80.26,89.98,1135,12.95,33,16,Low
Mexico,East,2007,Lake,1.31,6.76,1.7,6.98,13.25,2.55,114,Chlorination,99.13,49,2,2,11.71,10948,71.46,78.98,89.01,860,24.02,68,53,Low
Bangladesh,West,2005,Spring,1.56,7.1,0.15,7.26,23.87,3.69,170,Chlorination,72.23,77,1,3,39.46,2852,58.58,43.33,60.2,2235,23.55,1419,81,Medium
Ethiopia,East,2010,Well,1.79,7.34,0.15,7.47,9.65,5.62,96,Chlorination,50.71,79,1,4,63.12,1203,42.3,24.74,45.47,841,21.01,124,84,Medium
Pakistan,East,2018,Pond,1.67,6.86,3.23,7.83,12.7,5.78,198,Chlorination,68.27,91,4,6,68.43,1620,47.27,37.02,72.69,592,25.56,466,101,Medium
USA,South,2003,Lake,2.27,7.33,4.57,7.88,19.1,6.22,592,None,92.79,84,5,7,13.46,53682,79.68,80.8,88.24,1215,13.67,45,96,Medium
Brazil,North,2017,Spring,0.79,7.07,1.86,7.76,14.51,1.12,109,Chlorination,89.34,59,0,4,19.2,8693,65.69,82.78,78.23,1628,23.54,40,63,Medium
Pakistan,West,2000,River,2.93,6.34,4.33,6.05,19.66,7.22,384,Chlorination,68.88,125,4,22,67.28,1723,50.27,34.93,69.92,484,23.13,309,151,High
Brazil,West,2012,Well,0.32,7.4,1.77,6.57,13.1,1.39,71,Chlorination,97.96,32,2,5,18.23,8302,73.35,86.51,74.16,2148,25.41,29,39,Low
Ethiopia,West,2013,Lake,1.66,6.92,3.35,6.97,13.06,4.52,378,Boiling,56.17,133,2,10,55.69,1292,39.24,20.16,43.33,548,18.11,93,145,High
China,South,2023,River,1.59,7.05,2.85,7.07,17.0,4.83,228,Boiling,96.0,83,2,6,10.45,15249,82.69,65.23,85.96,912,15.72,173,91,Medium
Pakistan,East,2000,Pond,2.6,6.86,4.02,6.97,18.09,5.57,639,Chlorination,63.15,138,6,6,76.96,1389,46.2,36.79,64.36,520,20.36,286,150,High
India,North,2010,Well,2.61,6.64,1.85,6.97,20.29,4.25,128,None,81.5,76,2,5,35.19,2463,54.24,40.37,74.13,915,23.6,409,83,Medium
Brazil,Central,2016,Tap,0.78,6.84,0.44,8.17,15.38,2.61,5,Filtration,91.16,25,0,1,19.52,8532,76.03,80.08,82.99,1919,20.46,23,26,Low
Bangladesh,East,2003,River,3.41,7.58,7.3,5.49,31.17,6.7,757,None,73.21,238,8,26,37.83,3179,56.17,41.12,68.45,2137,25.83,937,272,High
India,South,2011,Spring,1.25,7.48,0.4,7.9,16.22,1.55,37,Chlorination,72.11,35,0,1,35.14,2707,70.5,37.94,77.85,1064,21.9,489,36,Low
Indonesia,East,2009,Lake,2.15,7.25,2.04,7.64,23.51,4.21,195,Chlorination,77.48,57,3,5,32.16,4870,71.81,55.39,75.14,2314,22.8,147,65,Medium
Indonesia,East,2005,Well,2.75,7.03,6.32,5.65,28.6,5.56,843,None,78.53,143,6,13,34.08,4647,61.39,55.5,66.55,2712,27.29,182,162,High
USA,South,2024,River,1.49,7.22,1.79,8.45,12.35,2.54,344,Chlorination,95.59,62,0,1,10.7,54839,94.63,81.07,93.43,855,19.21,47,63,Medium
China,West,2000,Tap,0.86,7.18,0.88,8.18,11.89,0.05,3,Filtration,86.34,22,2,0,8.72,11299,65.74,63.27,91.87,1044,13.32,166,24,Low
Ethiopia,West,2006,Lake,1.87,7.39,3.56,7.55,15.73,5.61,153,Boiling,52.79,115,1,12,67.76,1087,41.96,25.69,38.11,1261,15.6,116,128,High
Pakistan,North,2020,Lake,1.34,6.85,2.2,7.62,14.97,5.18,178,Filtration,69.29,87,0,5,69.8,1908,58.6,36.93,72.06,439,20.72,240,92,Medium
Nigeria,North,2015,River,2.65,6.9,5.33,6.81,16.3,8.36,416,Filtration,59.63,119,7,12,83.1,1961,42.82,49.01,53.42,1198,25.4,136,138,High
Bangladesh,West,2023,Tap,0.96,6.93,0.15,8.31,17.52,5.61,8,Filtration,70.55,36,1,1,38.28,2545,53.61,31.85,74.36,1805,24.04,1605,38,Low
Brazil,Central,2013,Pond,2.64,7.5,3.99,5.59,20.57,7.97,1446,None,90.66,116,2,17,23.41,8494,70.5,85.96,80.51,1974,20.33,36,135,High
Ethiopia,East,2022,Pond,3.52,6.66,9.01,5.38,24.4,7.5,979,None,56.55,352,13,14,68.26,1314,45.33,22.98,47.51,876,17.84,124,379,High
India,Central,2019,Well,1.64,6.58,2.28,7.04,15.75,4.73,77,Filtration,83.31,86,0,4,42.45,2874,56.21,36.51,73.65,1356,26.8,303,90,Medium
Indonesia,East,2019,River,3.64,7.14,6.63,4.92,23.98,7.1,1040,None,76.52,224,7,21,34.65,4481,67.04,56.4,76.84,1797,24.47,143,252,High
Bangladesh,West,2005,Well,2.33,7.79,2.07,6.54,23.89,2.8,375,Chlorination,72.87,77,2,6,34.39,2238,59.56,37.14,67.82,2261,24.05,1011,85,Medium
Nigeria,North,2021,Pond,2.81,7.72,5.06,5.96,18.14,7.21,1688,Boiling,63.97,200,14,18,78.87,2679,54.42,57.28,47.92,759,23.73,270,232,High
Pakistan,North,2024,Lake,2.48,7.17,5.31,5.7,21.69,5.16,553,None,74.7,130,9,16,63.78,2044,53.63,48.13,76.24,422,27.64,163,155,High
USA,Central,2004,Well,1.62,7.03,2.69,7.37,12.04,2.22,140,None,94.81,41,5,4,16.58,50688,82.68,84.51,88.27,926,10.51,34,50,Low
Nigeria,North,2023,Tap,1.46,7.24,0.15,8.24,16.4,4.12,45,Filtration,57.88,41,3,6,74.51,2083,47.91,54.83,51.86,1017,25.61,247,50,Low
Bangladesh,West,2020,Spring,2.33,7.44,1.81,6.99,25.72,4.31,242,Boiling,75.29,72,3,8,37.14,3300,57.05,39.94,73.81,2611,28.6,1006,83,Medium
Nigeria,Central,2017,Pond,2.26,6.44,3.2,6.78,16.61,4.7,431,Chlorination,67.15,128,3,9,74.47,2472,54.05,64.89,49.78,1150,22.97,220,140,High
Bangladesh,East,2014,Pond,2.68,6.76,4.89,7.31,27.59,7.72,872,Chlorination,66.43,161,8,17,36.43,3145,63.63,40.8,78.06,2631,23.64,1700,186,High
Bangladesh,North,2005,Tap,1.44,6.56,2.37,7.51,28.21,1.62,113,Boiling,68.43,67,3,3,37.0,2561,53.72,39.77,59.74,2640,27.07,1143,73,Medium
Mexico,South,2024,Well,1.25,6.74,0.15,7.67,11.76,2.62,25,Chlorination,95.81,18,1,0,21.13,10793,73.35,81.7,87.04,971,21.42,65,19,Low
Brazil,North,2018,River,1.95,7.1,2.88,6.37,15.52,4.87,288,Boiling,81.93,46,2,11,21.91,9283,78.95,88.92,86.44,1972,23.51,24,59,Low
Indonesia,East,2000,Lake,2.73,7.46,2.0,6.37,21.39,4.8,349,Filtration,81.87,105,3,11,25.93,4823,67.44,62.9,76.99,2297,28.06,140,119,Medium
Mexico,Central,2000,Spring,0.83,7.12,0.15,8.51,4.74,4.05,3,Chlorination,87.99,16,0,2,16.32,10793,73.12,86.92,89.3,682,18.99,73,18,Low
Pakistan,East,2012,River,3.04,7.01,2.28,6.55,17.15,2.45,302,Chlorination,64.45,125,1,9,70.43,1757,49.36,38.08,72.34,468,22.56,243,135,High
Mexico,South,2002,River,1.42,7.33,1.42,7.24,12.33,3.89,197,Boiling,87.75,51,1,5,15.66,9275,72.58,81.22,84.56,616,21.71,49,57,Low
China,West,2009,Tap,0.83,6.5,0.15,9.36,8.27,2.33,3,Chlorination,96.17,14,0,0,16.28,12065,63.36,61.97,81.23,882,12.38,210,14,Low
China,North,2020,Well,2.77,7.27,2.72,8.58,23.12,4.47,238,None,94.9,97,0,3,19.67,11906,74.26,73.12,88.82,1399,16.19,242,100,Medium
Indonesia,Central,2002,Pond,3.31,6.73,6.73,5.7,27.04,7.2,640,Filtration,81.79,153,2,16,28.95,4213,64.63,60.09,82.37,3166,23.21,127,171,High
Nigeria,West,2008,Pond,2.6,7.69,4.06,6.68,13.37,9.04,456,Chlorination,60.94,146,7,11,74.11,2564,42.54,55.15,54.93,881,26.01,140,164,High
Brazil,East,2007,Tap,1.21,7.5,0.15,8.06,17.7,2.72,3,Chlorination,82.71,20,0,1,15.34,7894,63.63,86.45,85.61,2259,21.02,29,21,Low
Indonesia,Central,2002,Well,1.73,7.51,1.12,7.52,21.78,4.37,160,Chlorination,80.89,79,1,7,23.84,4547,60.25,57.92,69.69,2355,22.82,159,87,Medium
Bangladesh,West,2024,Tap,1.59,6.85,1.42,8.16,19.38,5.6,92,Boiling,77.54,77,2,5,30.52,3072,59.14,40.18,75.4,2011,26.67,1007,84,Medium
India,Central,2012,Pond,3.05,7.05,5.75,5.41,24.24,6.09,1106,Filtration,76.79,152,14,15,31.37,2921,51.72,31.09,76.68,1686,22.6,706,181,High
Brazil,South,2005,River,2.01,6.91,1.97,7.56,17.61,2.86,288,Filtration,81.17,70,0,10,27.33,7425,68.27,87.91,72.73,1753,23.4,23,80,Medium
Brazil,South,2012,Lake,1.41,6.72,1.4,7.46,12.36,4.28,99,Chlorination,82.44,69,2,7,19.77,8348,61.84,85.56,83.71,1325,25.98,21,78,Medium
Bangladesh,North,2022,Well,2.04,7.48,3.63,7.36,20.99,5.59,232,Chlorination,83.95,109,4,8,32.91,3387,60.03,43.51,68.37,1965,24.75,1684,121,Medium
Bangladesh,North,2019,Spring,1.35,6.61,0.59,8.4,20.66,3.93,35,Boiling,63.61,63,1,4,39.17,2665,52.56,36.35,73.96,1867,24.61,1700,68,Medium
USA,South,2019,Spring,0.02,7.22,0.95,9.64,12.52,0.05,3,Filtration,99.37,11,0,2,2.0,51962,91.34,88.6,99.5,848,13.71,42,13,Low
Indonesia,Central,2011,River,3.88,6.34,6.28,4.74,30.14,6.37,1061,None,80.07,200,17,16,34.42,4860,63.55,59.53,81.73,2231,25.91,118,233,High
Bangladesh,South,2012,Tap,1.6,7.41,1.82,8.0,17.47,1.76,21,Chlorination,75.12,40,2,1,39.69,2520,51.7,34.03,59.86,1944,26.76,1615,43,Low
China,North,2001,Tap,0.78,7.6,1.71,9.08,13.11,2.99,84,None,90.34,35,2,2,9.32,11805,79.49,66.79,83.01,1268,11.98,179,39,Low
Pakistan,South,2020,Pond,4.46,7.38,9.16,5.52,26.66,9.55,1291,None,72.93,200,14,37,72.22,1841,50.5,39.79,71.35,586,24.82,472,251,High
India,South,2023,River,2.22,7.48,4.41,6.9,20.75,2.2,697,Filtration,74.0,116,4,8,41.74,2664,54.75,33.08,78.23,859,25.01,577,128,High
Indonesia,Central,2022,Pond,3.88,7.12,10.86,5.05,25.92,7.58,1831,None,81.84,224,27,34,33.44,5372,60.52,46.92,83.18,2299,23.37,159,285,High
Ethiopia,West,2015,Pond,3.1,7.33,4.72,7.22,18.63,10.21,605,Chlorination,55.18,219,7,32,65.95,1315,48.48,28.31,40.23,728,16.66,131,258,High
China,North,2022,Spring,0.55,7.61,0.46,8.5,10.88,0.05,13,Chlorination,98.28,18,1,1,10.2,12800,76.09,71.5,91.1,825,12.47,161,20,Low
Nigeria,Central,2005,Pond,3.19,6.69,4.62,6.96,17.77,9.77,568,Boiling,55.92,173,10,16,78.09,1878,34.78,52.27,42.33,977,21.02,247,199,High
Bangladesh,South,2018,Pond,3.2,6.75,6.54,5.7,27.9,7.28,1104,Filtration,77.47,247,15,19,35.88,2915,62.14,38.21,70.41,3253,26.41,1240,281,High
Ethiopia,South,2020,Spring,1.82,6.79,0.28,6.61,13.41,5.05,45,Filtration,54.57,55,3,0,57.74,1306,47.14,30.81,42.85,689,20.16,86,58,Low
Bangladesh,West,2012,Tap,2.74,6.86,2.17,6.87,26.18,4.57,273,None,74.0,87,3,7,35.54,2753,62.62,47.87,68.32,2904,28.67,1155,97,Medium
Brazil,North,2016,Well,1.16,7.1,1.57,8.21,12.7,0.86,80,Chlorination,87.43,29,3,2,18.97,9156,71.12,94.55,88.0,1626,23.66,22,34,Low
China,North,2022,Lake,0.94,7.22,1.31,8.85,12.5,0.65,87,Chlorination,95.67,37,3,4,5.24,14182,74.75,63.86,99.5,863,10.31,136,44,Low
Brazil,East,2008,Pond,2.33,6.61,4.57,6.36,20.28,4.62,857,Boiling,85.84,98,1,9,23.99,8214,76.83,87.61,71.43,2094,24.76,29,108,Medium
USA,North,2016,Well,2.08,7.13,3.91,7.22,14.22,4.96,316,None,86.19,70,6,11,6.8,45558,85.01,72.42,90.44,871,15.02,33,87,Medium
Brazil,West,2001,Spring,0.95,7.18,0.15,7.72,5.76,1.54,11,Chlorination,81.26,9,1,2,17.82,8281,72.44,82.91,87.19,1205,22.84,22,12,Low
USA,East,2018,Well,0.73,6.97,0.29,9.42,10.64,0.4,3,Filtration,95.12,9,0,1,5.25,64097,88.19,94.32,99.5,757,12.68,47,10,Low
USA,East,2018,Lake,1.5,7.45,1.45,8.61,12.91,1.15,101,Boiling,99.7,25,0,2,12.76,57087,86.38,94.36,93.94,563,7.04,45,27,Low
Ethiopia,South,2023,Well,2.52,7.02,1.47,7.59,14.18,7.95,208,Filtration,52.28,151,2,9,68.69,1216,47.76,22.19,40.67,736,22.4,116,162,High
Bangladesh,South,2006,Well,1.52,7.36,1.67,7.67,18.63,5.68,183,Boiling,68.51,79,2,8,43.16,2603,54.68,43.28,71.99,1888,25.24,1034,89,Medium
Nigeria,North,2021,Well,1.95,7.16,0.83,6.71,12.4,5.3,208,Filtration,58.38,76,6,8,76.25,1905,41.11,55.6,47.88,886,20.75,222,90,Medium
Brazil,East,2009,Well,2.33,7.29,4.24,6.7,19.0,4.2,644,None,92.01,121,4,10,25.25,8094,62.43,89.47,80.21,2167,25.67,28,135,High
China,South,2009,River,0.54,7.01,1.05,9.22,13.56,2.87,51,Chlorination,88.85,50,0,3,9.59,12283,82.43,63.15,89.16,834,14.7,230,53,Low
USA,West,2019,Pond,2.16,7.54,1.99,6.53,19.41,3.55,449,Filtration,93.18,80,5,5,6.55,52681,87.16,85.88,92.72,1193,15.32,39,90,Medium
Bangladesh,South,2008,Spring,3.24,7.07,4.61,5.91,27.8,6.48,412,None,67.31,150,11,17,39.83,2350,63.08,42.23,69.07,2812,30.8,1128,178,High
India,South,2016,Lake,2.22,6.73,2.0,7.18,18.24,7.64,357,Filtration,76.29,87,4,12,37.35,2699,50.04,38.4,74.36,1099,28.99,432,103,Medium
Indonesia,East,2014,Spring,1.71,7.56,2.88,6.75,22.55,7.7,587,None,85.82,115,4,7,28.62,4668,58.81,62.29,71.24,2430,28.34,147,126,High
Ethiopia,East,2001,River,2.7,6.96,4.44,6.93,22.12,6.89,604,Boiling,51.43,213,4,28,63.77,1241,45.34,22.43,45.14,666,20.12,104,245,High
Nigeria,Central,2003,River,3.09,7.55,6.4,5.32,20.29,10.92,1495,None,63.32,254,14,26,74.35,2553,46.82,58.05,50.44,1065,24.96,267,294,High
Mexico,West,2018,River,1.83,6.77,2.12,6.44,13.48,3.9,149,Filtration,90.27,68,1,6,22.93,12327,73.45,86.22,89.63,710,24.69,77,75,Medium
Ethiopia,East,2016,Pond,2.07,7.28,4.51,8.0,16.04,7.67,681,Chlorination,62.01,185,3,22,62.87,1225,48.83,25.21,45.54,862,17.0,111,210,High
India,North,2004,River,2.6,7.14,3.95,6.46,24.98,6.7,490,Boiling,75.01,125,7,14,43.34,2536,64.39,40.88,77.24,1123,25.68,543,146,High
Indonesia,West,2006,Well,2.28,6.76,2.09,6.17,19.76,3.85,153,Boiling,86.3,63,0,5,29.53,4615,65.55,62.47,72.01,3600,28.17,141,68,Medium
India,West,2017,Spring,1.96,7.37,1.37,7.04,19.85,3.64,389,None,79.62,67,2,6,40.56,2590,50.18,35.41,75.47,1438,23.19,398,75,Medium
Brazil,East,2020,Tap,0.02,6.36,1.68,7.56,5.54,1.53,3,Filtration,93.2,14,0,0,13.87,10289,82.93,91.39,87.32,1600,28.02,26,14,Low
USA,West,2021,Lake,2.38,7.07,3.72,7.33,15.95,7.46,697,None,97.38,122,0,13,16.06,45785,83.8,73.31,88.5,764,14.24,26,135,High
Nigeria,East,2006,River,3.0,7.2,4.51,5.58,19.3,7.8,723,Boiling,65.98,188,14,22,75.59,2445,51.18,57.03,60.9,648,29.95,288,224,High
Pakistan,South,2016,Spring,0.23,6.72,1.13,7.77,8.23,2.53,4,Chlorination,72.53,24,0,1,65.77,1620,50.6,36.82,67.42,457,26.78,319,25,Low
USA,Central,2006,River,3.17,7.1,7.25,6.12,17.18,7.82,1113,None,96.88,126,2,8,9.68,54085,76.51,75.39,99.47,1210,15.15,29,136,High
Pakistan,South,2003,Pond,3.22,7.21,6.53,6.73,20.12,8.61,914,Filtration,67.58,168,20,21,69.68,1554,56.52,45.15,66.18,609,24.1,341,209,High
Indonesia,East,2007,River,4.19,7.34,6.35,6.7,32.13,9.25,1249,None,76.49,223,9,18,36.2,4240,60.08,56.2,77.76,2546,20.66,152,250,High
Bangladesh,East,2012,River,4.0,7.76,8.35,5.01,36.62,5.97,2024,None,72.4,282,11,23,40.08,2715,61.95,43.87,60.97,2182,27.42,974,316,High
Mexico,South,2003,River,2.89,7.23,4.87,6.3,15.59,4.52,730,None,94.85,126,7,9,18.85,9226,69.32,79.09,81.95,618,21.09,77,142,High
China,North,2005,River,1.79,7.81,4.04,7.51,11.94,4.46,396,Chlorination,88.77,81,2,11,15.24,12912,74.3,62.6,83.55,815,12.81,110,94,Medium
USA,North,2024,Lake,0.55,6.97,1.31,9.0,9.68,2.57,52,Filtration,96.77,33,0,3,6.85,51213,77.65,90.0,90.32,882,14.46,59,36,Low
Nigeria,North,2004,Spring,1.62,6.72,1.71,7.36,14.3,5.16,196,Filtration,64.5,120,0,12,78.73,2119,39.34,57.28,51.53,1126,24.94,186,132,High
India,East,2011,Pond,3.19,6.96,4.78,5.81,23.96,5.69,636,Boiling,68.29,175,12,19,42.33,2691,61.61,32.58,67.16,1350,23.63,528,206,High
Nigeria,West,2003,River,1.92,7.09,1.33,7.2,14.06,7.88,508,Boiling,62.48,102,11,10,69.34,2444,45.3,53.11,48.47,906,26.6,259,123,Medium
Indonesia,East,2023,River,3.42,6.85,6.01,5.95,28.68,6.88,1040,None,76.17,226,10,18,33.27,5023,66.34,61.01,82.95,2108,24.43,170,254,High
Pakistan,West,2008,River,2.75,6.97,1.9,6.45,19.77,8.62,556,Boiling,66.93,114,6,8,72.51,1671,54.95,33.32,63.29,422,27.21,275,128,High
India,South,2003,River,2.0,6.86,3.11,5.56,21.8,2.14,428,Filtration,76.19,89,2,9,32.96,2671,59.33,45.1,76.72,1014,26.14,288,100,Medium
China,Central,2018,Well,1.98,7.27,2.22,6.99,16.27,5.05,329,None,94.75,58,2,3,12.3,13399,79.28,61.47,96.26,820,14.43,140,63,Medium
China,West,2023,Well,1.07,7.93,2.64,7.9,11.02,1.36,58,Boiling,96.68,21,0,2,6.74,13931,80.25,68.42,96.21,804,18.43,177,23,Low
USA,North,2013,Tap,0.19,8.0,0.66,8.38,6.57,1.07,3,Chlorination,99.7,12,0,2,10.22,54518,86.45,77.98,84.73,808,13.34,37,14,Low
Indonesia,East,2004,River,3.23,7.05,4.58,6.29,24.74,7.23,2021,Boiling,79.68,175,11,17,29.76,4832,60.37,56.19,77.46,2065,29.04,190,203,High
Bangladesh,South,2017,Tap,1.71,7.55,0.42,7.78,18.52,2.71,72,Chlorination,75.71,82,2,5,36.8,2986,49.57,41.57,72.76,2254,24.22,1050,89,Medium
Indonesia,North,2009,Lake,3.15,6.66,4.2,6.05,27.54,7.49,660,Boiling,74.5,180,7,16,29.89,4392,62.82,56.11,75.93,2758,30.58,175,203,High
Pakistan,South,2024,Tap,0.74,7.43,0.15,8.16,8.56,2.23,4,Filtration,71.87,19,1,1,72.94,1645,49.62,37.26,56.13,420,26.48,369,21,Low
Nigeria,Central,2018,Spring,1.54,6.99,2.26,7.25,16.07,3.65,151,Boiling,63.91,88,1,7,76.69,2275,48.27,61.25,56.55,1214,27.82,203,96,Medium
China,East,2011,Well,0.7,6.54,0.15,7.97,10.03,1.03,3,Chlorination,92.86,14,0,2,8.9,10842,76.74,58.4,86.27,655,15.29,137,16,Low
Nigeria,East,2017,Well,2.37,6.59,2.31,7.18,17.63,5.81,180,Chlorination,60.31,72,3,4,69.4,2342,42.41,53.65,51.52,1283,29.87,378,79,Medium
Nigeria,Central,2016,River,3.0,6.83,5.36,6.21,23.48,8.61,1160,Boiling,50.52,226,10,29,81.81,2041,45.04,50.0,42.8,1409,28.7,224,265,High
Nigeria,East,2023,River,3.71,7.1,8.91,5.19,19.85,12.23,2431,None,53.35,367,17,34,84.6,1985,40.22,56.33,34.45,673,26.6,218,418,High
China,West,2010,Lake,0.76,7.5,1.51,8.26,11.05,1.41,63,Chlorination,90.75,29,0,7,14.24,13588,79.38,69.37,85.74,1076,11.92,125,36,Low
Ethiopia,South,2002,Pond,2.79,6.53,6.13,6.89,17.33,6.67,677,Filtration,55.76,197,14,14,67.13,1157,45.22,21.79,35.88,756,19.29,179,225,High
Brazil,North,2022,Lake,2.25,7.11,2.39,7.35,16.83,2.51,277,Boiling,91.38,77,0,7,16.53,9790,78.39,87.69,81.58,1865,23.21,20,84,Medium
Pakistan,Central,2016,Spring,0.89,6.93,0.62,7.0,11.01,0.05,18,Chlorination,72.37,26,3,0,60.97,1647,48.37,46.27,68.71,338,21.1,308,29,Low
Ethiopia,West,2000,River,2.0,7.69,3.83,7.36,11.76,7.05,550,Boiling,58.1,193,11,15,61.46,1094,37.93,19.93,35.58,835,17.23,84,219,High
Pakistan,North,2014,River,2.63,7.04,3.45,7.12,15.73,5.86,526,Boiling,64.09,117,11,24,71.13,1748,57.21,38.71,69.98,543,24.7,329,152,High
India,North,2008,Lake,2.97,7.31,4.7,5.99,20.72,4.34,890,None,77.31,132,3,14,41.14,2845,59.46,33.21,73.12,1362,23.29,550,149,High
Indonesia,Central,2014,Lake,3.4,6.51,3.53,6.94,26.12,5.92,799,Boiling,83.17,110,0,12,29.58,4835,69.67,60.45,68.75,2621,25.98,132,122,Medium
Indonesia,West,2023,Lake,1.73,7.49,1.88,7.39,17.95,6.43,396,Boiling,81.57,110,3,13,29.07,5089,62.42,57.26,77.61,1688,26.51,157,126,High
Mexico,North,2002,Well,0.8,7.6,0.15,8.86,12.15,1.28,68,Boiling,90.66,29,2,5,23.85,8919,73.96,80.0,95.78,800,18.86,68,36,Low
Indonesia,North,2021,Tap,0.61,7.05,0.99,8.43,13.55,3.96,3,Filtration,80.59,29,0,2,26.15,4888,64.89,55.99,77.65,2100,23.11,188,31,Low
China,West,2018,Tap,0.71,7.55,0.51,8.88,9.56,2.99,3,Boiling,99.7,14,0,0,8.19,15783,79.05,63.36,95.5,1295,13.37,175,14,Low
Bangladesh,East,2012,River,3.39,6.78,5.09,6.51,28.82,6.98,900,Filtration,72.86,186,5,17,31.36,2738,62.18,40.57,70.82,1873,27.61,1007,208,High
USA,North,2011,Well,0.67,7.49,1.03,8.34,14.64,3.93,87,Boiling,97.73,33,0,3,10.75,52776,89.17,78.16,94.46,1263,11.94,29,36,Low
Mexico,South,2019,Lake,3.16,6.96,4.76,6.58,20.32,7.11,519,None,83.01,125,7,12,22.85,10558,73.77,77.03,85.87,977,20.13,46,144,High
USA,West,2000,River,2.7,7.13,5.13,7.27,16.52,5.31,655,None,91.59,82,6,12,9.62,43679,95.3,80.18,87.24,782,9.14,44,100,Medium
Pakistan,North,2020,Well,1.46,6.63,1.16,7.1,12.82,3.27,59,Chlorination,73.49,57,3,3,62.7,1803,53.67,35.18,72.89,507,19.75,329,63,Medium
USA,Central,2016,Spring,0.45,6.66,0.66,8.73,8.67,3.6,6,Boiling,99.7,12,0,0,5.66,55446,99.0,83.8,91.83,768,15.58,38,12,Low
USA,South,2012,Pond,2.82,6.85,7.21,6.48,18.48,5.93,886,None,99.7,88,3,21,10.4,50294,93.27,83.65,94.19,850,15.55,40,112,Medium
Mexico,North,2000,Well,1.94,7.37,2.86,6.55,11.07,6.97,334,None,87.81,76,3,1,17.56,9589,73.29,78.68,83.24,546,20.19,65,80,Medium
India,South,2009,River,2.85,6.84,2.77,5.38,20.78,5.4,415,Boiling,70.97,124,6,19,44.63,2207,57.81,34.07,67.51,1086,26.11,655,149,High
Nigeria,South,2014,Tap,0.55,7.19,1.25,7.76,17.98,1.74,9,Chlorination,62.21,48,2,5,71.2,2078,43.76,56.02,40.53,1168,27.48,184,55,Low
Indonesia,East,2006,Lake,2.31,7.23,3.62,6.86,25.49,4.49,510,Filtration,74.8,192,4,16,32.14,4520,63.92,55.79,70.79,2236,23.92,243,212,High
Indonesia,South,2021,Pond,4.01,6.48,8.51,6.64,27.33,10.82,1346,None,77.95,264,12,27,35.08,4751,70.28,53.88,74.38,1847,29.97,140,303,High
China,East,2017,Spring,1.56,7.56,0.15,7.64,10.27,4.2,200,None,93.87,47,1,0,8.86,12942,81.47,65.42,99.5,873,16.3,130,48,Low
Mexico,West,2015,Pond,2.06,6.98,3.62,8.24,16.4,2.59,227,Filtration,90.32,66,0,7,14.2,11745,79.27,81.05,85.41,996,21.77,54,73,Medium
China,East,2013,Pond,3.02,7.05,5.98,6.32,16.67,6.75,844,None,95.47,156,5,17,18.45,10989,76.56,66.51,76.98,773,13.48,83,178,High
Bangladesh,Central,2017,Well,2.64,6.5,1.9,7.48,24.17,5.65,277,Filtration,69.2,141,1,13,42.1,2477,47.38,38.54,64.38,2479,26.38,1555,155,High
Bangladesh,North,2006,River,3.48,7.0,5.71,6.73,32.26,7.0,1551,Filtration,72.63,189,19,27,41.96,2716,48.67,42.84,64.41,2712,26.0,1120,235,High
China,West,2016,River,0.8,7.13,1.68,7.46,16.85,4.47,123,Chlorination,92.64,45,1,3,16.28,11339,74.56,67.59,97.41,1027,14.0,183,49,Low
Mexico,West,2017,Pond,2.68,7.55,3.1,6.45,16.71,7.9,490,Filtration,94.51,83,4,10,19.05,10268,70.27,83.11,89.91,839,21.21,52,97,Medium
China,Central,2011,Lake,1.58,7.18,1.72,6.9,18.81,2.15,172,Filtration,88.23,59,3,9,19.18,11295,69.19,66.46,86.0,1334,13.55,114,71,Medium
Indonesia,East,2007,River,2.54,7.31,4.22,6.96,22.5,8.35,454,Filtration,73.65,115,8,10,30.69,4651,68.1,63.63,72.64,2578,26.9,198,133,High
Ethiopia,North,2021,Pond,3.11,7.15,3.33,7.53,17.16,7.81,454,Filtration,49.18,174,4,16,65.48,1134,39.17,28.5,42.16,870,16.19,120,194,High
Brazil,East,2001,River,3.67,6.77,8.98,6.04,20.5,7.12,897,None,93.98,136,10,26,32.02,8033,67.37,86.98,81.21,1812,25.98,22,172,High
USA,South,2006,Lake,1.06,6.84,1.46,7.89,13.26,3.7,81,Filtration,92.02,43,1,2,9.25,54594,94.48,87.14,99.5,1167,17.13,26,46,Low
Brazil,East,2003,Spring,2.01,7.06,0.63,8.46,15.6,5.54,143,None,82.65,77,1,5,19.35,7962,65.65,87.07,81.8,1511,22.97,25,83,Medium
Mexico,West,2017,Pond,2.73,7.78,3.36,7.63,9.78,4.06,230,Boiling,94.0,54,2,10,14.93,11324,83.92,71.97,92.79,654,15.79,71,66,Medium
Brazil,North,2005,Tap,0.92,6.64,0.15,7.73,16.23,1.25,5,Boiling,89.04,13,1,3,16.72,7878,69.47,90.25,71.76,1920,27.52,18,17,Low
Bangladesh,East,2008,Tap,0.7,6.91,0.32,7.97,20.63,3.94,23,Filtration,77.18,43,0,2,35.94,2851,56.41,46.08,64.43,1887,25.77,1246,45,Low
Pakistan,North,2008,Pond,2.03,7.31,2.05,7.26,16.1,7.46,397,Chlorination,64.15,126,5,15,65.74,1634,54.59,42.76,61.54,428,25.19,213,146,High
USA,North,2013,Well,0.75,6.72,0.97,8.68,6.9,2.95,3,Chlorination,94.26,11,0,1,11.07,43209,92.88,78.51,87.08,901,11.75,36,12,Low
Nigeria,South,2007,Spring,2.58,6.81,4.05,6.68,17.03,6.73,674,None,64.93,145,4,5,69.48,2546,45.32,55.82,48.9,1160,29.05,208,154,High
Mexico,South,2018,Well,2.05,7.77,1.56,6.7,14.95,2.71,145,None,99.26,58,3,7,15.45,11454,72.05,80.68,89.15,831,19.27,58,68,Medium
USA,West,2002,Tap,1.19,7.45,0.15,9.15,9.78,1.99,5,Boiling,99.6,15,0,0,6.51,50683,88.72,81.17,87.57,1053,16.85,38,15,Low
Brazil,Central,2017,Lake,3.35,6.67,5.23,6.37,21.93,3.91,844,None,92.17,107,5,16,22.91,8942,71.13,87.33,86.33,1410,25.07,32,128,High
Bangladesh,North,2004,Pond,2.89,7.45,4.72,6.34,24.07,7.1,783,Chlorination,71.42,114,3,7,38.12,2593,55.01,39.6,66.07,1564,22.79,1321,124,Medium
India,Central,2013,River,2.69,7.04,4.41,6.44,21.66,5.6,394,Boiling,73.68,111,6,12,39.8,2453,63.52,36.74,66.85,1193,20.07,422,129,High
Ethiopia,West,2003,Tap,1.05,7.87,0.68,8.02,8.02,2.83,27,Filtration,47.26,38,0,7,58.02,1203,37.15,24.62,38.91,1036,21.71,142,45,Low
Nigeria,North,2006,Spring,2.57,7.46,3.44,6.84,19.61,5.58,530,None,63.02,147,5,13,70.24,2598,60.66,53.39,55.75,1410,29.09,306,165,High
Ethiopia,North,2019,Tap,1.18,7.18,0.93,8.09,11.53,3.79,13,Filtration,57.06,29,0,1,63.68,1226,48.09,20.04,45.01,889,20.98,74,30,Low
USA,Central,2024,Spring,1.05,7.17,3.45,7.25,12.73,4.91,357,None,99.7,64,0,6,13.57,57610,87.64,85.11,94.02,880,10.43,33,70,Medium
Bangladesh,East,2011,Spring,1.91,7.31,1.91,6.93,26.28,4.35,110,Chlorination,69.48,72,3,13,41.43,2771,61.54,47.2,61.99,2304,27.67,1001,88,Medium
Bangladesh,South,2001,Pond,4.1,6.96,10.33,4.74,28.7,11.44,2298,None,70.04,319,22,33,40.87,2687,53.91,35.97,65.77,2265,26.12,1189,374,High
Brazil,East,2010,Spring,0.44,7.22,0.15,8.18,9.07,1.33,3,Chlorination,88.55,16,0,1,18.54,9770,69.46,95.5,80.41,1572,24.4,20,17,Low
Indonesia,Central,2013,Well,1.86,6.66,0.19,7.7,22.07,1.29,95,Chlorination,83.73,44,0,3,31.44,4849,61.88,59.24,79.05,2793,25.28,146,47,Low
Brazil,South,2021,Lake,2.01,6.42,2.28,7.1,15.48,4.7,417,Filtration,90.81,59,3,10,17.97,10180,74.92,90.87,80.21,1820,26.15,20,72,Medium
Indonesia,East,2022,Tap,1.85,6.98,1.81,7.65,18.0,4.3,58,None,87.58,52,2,6,26.32,5304,69.05,63.91,80.04,1936,26.49,228,60,Medium
Indonesia,South,2015,Lake,2.91,7.1,2.64,6.64,23.7,5.06,522,Filtration,77.78,107,2,11,28.92,4714,64.77,62.32,77.44,2782,27.88,188,120,Medium
Nigeria,North,2019,River,2.8,6.86,3.69,5.89,19.07,8.25,652,Chlorination,59.64,162,6,24,81.23,2240,52.0,52.63,52.28,1653,26.08,215,192,High
Brazil,East,2005,Tap,0.49,6.74,0.15,7.73,9.33,3.17,3,Chlorination,86.72,13,0,0,13.78,9387,80.66,77.34,85.91,1570,25.69,31,13,Low
India,South,2022,Lake,1.16,6.58,1.47,6.93,12.88,3.83,163,Chlorination,76.69,71,3,6,34.86,2684,64.49,40.54,76.18,925,23.42,447,80,Medium
China,South,2003,Lake,1.29,7.41,0.15,7.91,13.85,4.82,90,Chlorination,91.75,45,1,2,8.19,10808,81.97,59.99,79.19,1031,15.57,141,48,Low
China,South,2014,Pond,1.91,6.74,2.34,7.18,10.37,3.93,281,Boiling,93.08,87,4,8,9.54,13922,77.32,58.32,88.45,1244,14.15,119,99,Medium
Brazil,East,2023,Pond,3.18,6.4,4.16,6.89,16.65,8.21,611,Chlorination,90.64,127,5,10,17.37,8724,72.79,90.95,84.06,1975,25.09,24,142,High
Brazil,West,2024,River,3.08,6.91,8.48,4.78,20.51,8.97,1415,None,85.85,135,6,27,20.69,8731,77.92,80.04,75.62,1524,27.44,35,168,High
Ethiopia,East,2000,Spring,1.73,6.68,0.15,7.97,10.42,4.69,109,Chlorination,52.63,59,1,4,59.43,1252,41.89,22.26,46.02,1296,19.22,112,64,Medium
Nigeria,Central,2006,Tap,0.73,7.12,0.38,7.48,13.45,3.26,8,Boiling,64.14,35,0,2,76.66,2442,50.31,54.21,49.0,933,31.44,311,37,Low
Brazil,East,2024,Pond,5.06,7.21,9.98,5.43,28.94,10.11,1895,None,87.7,191,15,26,28.11,8576,72.03,83.78,84.63,2351,22.16,31,232,High
Ethiopia,South,2011,Tap,0.46,7.9,0.96,8.17,9.88,3.02,11,Boiling,46.44,31,0,2,68.87,1038,39.56,22.07,33.97,845,18.68,109,33,Low
Indonesia,North,2009,River,2.46,6.78,3.68,6.2,22.37,4.75,512,Boiling,83.97,141,4,12,24.23,4820,77.26,54.75,68.85,2627,23.3,134,157,High
Bangladesh,East,2004,Pond,4.71,7.4,8.26,6.16,31.31,9.89,1718,None,72.88,283,11,32,43.46,2943,53.23,39.19,66.15,2191,24.5,1441,326,High
Bangladesh,East,2011,Pond,3.13,6.67,4.9,5.01,28.53,9.24,756,Boiling,74.41,221,14,13,42.37,2883,66.22,32.51,65.71,2320,27.28,1690,248,High
Indonesia,South,2017,Spring,1.68,7.38,0.15,7.15,20.46,7.13,105,Chlorination,76.36,53,3,3,27.76,5370,72.72,61.4,80.14,1991,27.61,146,59,Low
Mexico,North,2009,Tap,0.66,7.31,0.6,8.85,8.59,2.42,3,Filtration,91.34,13,0,1,17.13,9947,74.33,83.93,94.25,649,18.19,64,14,Low
Ethiopia,North,2005,Tap,1.09,6.66,0.15,8.66,12.26,2.64,14,Filtration,50.45,44,0,5,68.61,1266,46.89,22.13,39.14,774,18.49,109,49,Low
Ethiopia,Central,2011,Tap,0.54,7.33,0.63,9.57,8.14,4.47,5,Filtration,48.89,34,1,1,61.37,1217,35.35,21.63,41.69,752,16.38,151,36,Low
Indonesia,East,2006,Spring,2.5,7.0,2.78,6.95,23.86,5.66,534,None,77.78,81,7,16,27.26,4725,67.25,59.78,72.33,2314,23.57,141,104,Medium
India,North,2017,Pond,3.56,7.64,8.01,5.68,23.89,7.85,952,None,70.37,198,8,25,40.17,2506,52.19,33.29,74.1,906,23.29,639,231,High
Pakistan,North,2001,River,3.33,7.22,6.83,5.89,19.43,9.89,1011,None,64.21,183,10,28,66.85,1499,43.64,34.99,64.63,541,26.41,196,221,High
USA,West,2009,Tap,0.15,6.87,1.17,9.61,8.12,0.31,3,Filtration,86.76,9,1,1,8.31,46387,86.71,88.09,87.4,1015,12.86,35,11,Low
Indonesia,West,2014,Lake,2.75,6.77,3.2,7.04,24.07,4.99,464,Filtration,81.44,149,4,7,25.97,4603,64.65,58.9,74.77,2686,26.06,192,160,High
Brazil,North,2011,Spring,1.48,7.19,1.94,7.22,16.71,2.79,329,None,95.02,55,3,6,18.89,9022,74.4,92.1,74.02,1784,25.16,17,64,Medium
Brazil,Central,2016,Well,2.3,7.16,1.86,6.65,17.32,2.82,93,Filtration,86.69,61,1,7,15.89,9160,71.0,86.45,88.59,2342,24.94,26,69,Medium
Nigeria,North,2003,River,2.65,6.73,4.03,6.86,20.53,5.38,658,Boiling,67.82,148,5,9,78.36,2059,41.88,55.28,44.56,1327,25.26,258,162,High
Indonesia,South,2006,Lake,2.19,7.01,3.61,6.83,24.59,8.51,537,Boiling,84.83,113,4,8,36.02,4412,62.13,56.39,59.85,1798,26.91,123,125,High
Nigeria,East,2008,Tap,2.25,7.48,1.69,6.99,14.33,5.62,105,Filtration,62.2,75,4,5,70.98,2190,46.0,51.41,51.03,1035,29.79,189,84,Medium
Indonesia,Central,2018,Well,2.13,7.75,3.99,6.52,23.42,5.7,402,None,83.68,79,7,14,28.09,4875,64.29,60.21,76.19,2332,25.81,166,100,Medium
Ethiopia,South,2022,River,1.4,6.39,1.27,7.13,11.3,4.42,175,Chlorination,51.45,104,3,4,59.03,1276,47.61,22.2,40.28,1022,17.89,118,111,Medium
USA,Central,2006,Spring,0.02,7.45,0.15,9.28,4.85,0.53,3,Chlorination,99.33,13,0,1,6.07,48477,92.54,74.5,99.5,975,12.89,38,14,Low
Ethiopia,South,2022,Well,1.59,7.0,2.7,7.57,11.75,4.59,102,Filtration,57.13,66,2,7,57.74,1398,53.27,20.76,44.32,657,18.25,171,75,Medium
Pakistan,East,2001,Pond,2.79,6.73,4.71,6.88,13.78,7.55,512,Chlorination,75.36,149,9,12,70.59,1594,47.08,40.98,61.28,461,25.24,296,170,High
Bangladesh,East,2005,Well,2.99,6.76,5.28,6.39,25.85,8.43,537,None,70.6,191,13,17,41.13,2772,49.63,35.79,71.32,2052,22.62,1700,221,High
China,West,2017,Lake,1.71,7.19,0.15,8.33,14.12,3.29,146,Boiling,89.46,45,0,1,17.54,12668,75.85,67.52,85.56,694,15.03,157,46,Low
Indonesia,South,2005,River,3.04,7.08,4.25,6.69,23.53,5.71,602,Boiling,78.99,178,6,8,30.41,4516,63.82,56.49,76.67,2320,25.75,112,192,High
Pakistan,West,2012,Lake,2.73,6.78,6.11,7.05,16.48,4.25,727,None,70.02,118,6,8,65.08,1631,58.06,37.27,68.01,400,25.36,288,132,High
Bangladesh,South,2018,Lake,1.88,6.6,2.0,6.5,24.44,4.2,757,Chlorination,80.91,82,4,6,31.58,3196,67.6,37.69,75.8,2207,26.97,1359,92,Medium
Mexico,West,2001,Tap,0.85,7.46,0.84,8.14,10.7,2.95,3,Filtration,99.7,22,0,2,9.27,11370,76.67,79.47,91.27,1199,23.78,80,24,Low
USA,East,2011,Spring,0.87,7.04,1.13,9.21,10.67,1.5,35,Boiling,95.0,22,0,1,11.7,49495,87.89,82.47,93.07,893,11.05,43,23,Low
Nigeria,Central,2014,Well,1.62,7.19,1.51,7.26,16.43,5.94,107,Chlorination,58.17,106,1,9,78.06,2061,38.12,44.51,53.27,964,28.52,274,116,Medium
Nigeria,West,2013,River,2.11,6.12,3.44,6.91,15.26,6.55,410,Chlorination,51.11,160,8,25,81.49,2210,40.63,49.51,50.68,1174,29.33,248,193,High
Ethiopia,South,2005,Pond,3.27,7.28,3.77,6.65,15.73,8.77,810,Boiling,51.51,147,8,29,68.77,1109,31.72,20.05,48.54,959,17.86,105,184,High
Brazil,South,2017,Spring,1.21,7.4,0.15,9.15,15.32,1.34,10,Boiling,84.59,28,0,1,21.05,7840,73.89,86.79,78.54,2106,21.12,34,29,Low
Bangladesh,East,2004,Spring,1.6,7.25,0.91,6.49,18.49,4.27,160,Filtration,66.41,73,2,8,37.19,2833,47.21,37.3,68.82,1824,27.17,1206,83,Medium
Mexico,South,2017,River,2.04,6.75,3.02,8.06,12.68,6.9,623,None,99.7,108,2,6,20.03,10418,69.54,86.17,88.08,597,19.24,49,116,Medium
Pakistan,North,2002,Spring,0.55,7.56,1.26,7.92,9.74,0.05,14,Chlorination,65.08,28,0,1,68.49,1652,56.2,35.83,67.14,461,24.57,249,29,Low
USA,Central,2002,Tap,0.33,7.16,0.86,8.11,6.36,0.63,3,Filtration,96.52,8,1,2,2.0,53732,86.4,85.65,95.97,956,13.26,47,11,Low
Bangladesh,West,2021,Spring,1.79,7.2,2.39,8.28,23.38,3.48,122,Boiling,76.66,72,1,6,29.61,3019,53.73,41.38,64.0,2150,27.26,791,79,Medium
Mexico,Central,2021,Tap,1.7,7.53,0.57,8.12,7.33,4.48,130,None,90.01,43,0,1,14.36,11413,72.48,80.5,90.1,769,17.66,59,44,Low
China,East,2009,Well,2.88,7.05,2.7,7.2,23.68,6.2,324,None,88.42,86,3,6,12.88,12778,74.15,73.18,99.5,1231,16.7,141,95,Medium
Indonesia,West,2018,Well,1.57,7.39,0.48,7.02,16.87,2.71,102,Chlorination,84.29,45,0,7,29.57,5549,63.85,52.83,83.72,2530,26.65,153,52,Low
Nigeria,West,2002,Lake,3.86,6.15,8.22,6.41,22.18,8.2,990,None,61.06,226,14,26,85.03,2251,42.25,57.2,44.45,1124,24.91,180,266,High
Pakistan,North,2011,Tap,1.28,7.75,0.15,8.95,12.07,5.49,8,Boiling,70.57,33,0,2,60.54,1652,47.73,36.65,71.37,469,21.23,280,35,Low
Nigeria,East,2015,Pond,3.74,7.45,7.69,5.72,20.82,9.94,1696,Boiling,64.93,233,12,43,77.46,2379,38.96,50.85,51.35,1031,26.59,196,288,High
Pakistan,South,2016,Well,1.39,7.22,0.94,7.4,10.93,5.09,138,Boiling,68.92,80,0,3,61.98,1749,57.42,38.4,71.07,593,22.24,325,83,Medium
Ethiopia,North,2006,Spring,1.25,7.36,1.3,8.56,10.32,4.37,30,Filtration,50.28,38,1,2,66.97,1035,38.42,28.59,28.13,808,17.76,92,41,Low
Brazil,North,2012,River,2.2,7.43,2.21,7.21,12.29,6.97,373,Boiling,90.6,79,2,7,20.59,8832,68.67,90.71,81.11,1426,21.14,27,88,Medium
Pakistan,Central,2023,River,2.04,6.87,4.38,7.32,17.1,6.38,534,Filtration,67.21,158,2,14,69.8,1767,55.61,34.49,62.77,381,24.35,308,174,High
Nigeria,Central,2001,Tap,1.27,6.31,1.2,6.62,14.82,6.08,59,Boiling,59.49,56,0,5,71.7,2254,49.88,57.83,50.63,1010,27.97,242,61,Medium
Ethiopia,Central,2003,Pond,2.48,6.98,3.33,6.05,16.06,9.17,549,Boiling,46.86,163,8,23,66.6,1208,43.62,25.8,43.22,775,20.13,139,194,High
Pakistan,North,2009,Lake,3.39,7.5,5.25,5.86,19.06,9.11,743,None,69.66,136,2,13,73.38,1400,49.09,32.91,69.7,652,23.45,235,151,High
China,South,2006,Spring,0.8,6.8,0.15,8.02,9.18,0.36,3,Chlorination,96.48,10,0,2,9.24,12059,74.31,61.64,94.13,766,13.96,110,12,Low
Brazil,West,2023,Tap,0.92,7.61,0.15,9.2,15.72,2.1,3,Boiling,94.97,21,0,2,18.61,7920,68.94,94.29,76.38,1829,20.02,39,23,Low
Pakistan,Central,2016,River,3.44,6.3,8.47,6.66,19.57,7.13,1330,None,71.11,218,9,31,70.22,1805,49.37,37.09,71.42,478,22.15,226,258,High
Ethiopia,South,2019,Tap,1.66,6.55,0.77,8.25,13.82,4.56,193,None,54.74,106,0,5,55.57,1304,52.88,21.28,44.65,744,17.9,129,111,Medium
Bangladesh,East,2005,Spring,2.05,6.92,1.52,7.33,21.41,5.4,162,Chlorination,75.96,65,3,9,36.66,2787,49.91,42.67,61.24,2329,27.14,1504,77,Medium
India,Central,2018,Pond,3.68,7.2,8.63,6.18,19.65,11.82,767,None,83.58,215,9,23,40.21,2827,60.86,34.71,69.46,820,22.02,633,247,High
Mexico,West,2004,Pond,3.51,7.22,6.39,5.8,19.24,9.05,1034,None,90.87,170,8,19,21.01,9560,61.01,78.45,80.6,625,20.69,60,197,High
India,East,2009,Well,1.86,7.43,0.84,7.61,19.77,4.56,66,Chlorination,79.67,68,1,5,30.17,2628,56.94,40.16,76.69,951,22.09,423,74,Medium
India,East,2008,Spring,1.08,7.31,2.1,7.65,13.7,5.53,145,Filtration,75.11,58,5,3,41.2,2583,54.25,37.21,70.18,1326,26.47,448,66,Medium
USA,West,2012,Well,0.75,6.91,0.4,9.37,8.51,0.27,7,Chlorination,95.73,16,0,2,9.12,49695,85.34,82.86,86.38,765,10.4,41,18,Low
China,Central,2018,Well,0.76,7.41,0.41,9.13,14.9,4.37,10,Chlorination,94.18,26,0,0,9.07,11827,85.36,73.72,83.54,1269,11.85,222,26,Low
Bangladesh,North,2020,Well,2.19,6.73,1.98,6.22,26.79,2.85,490,Boiling,66.98,93,5,12,43.27,2755,59.38,37.6,78.16,2523,22.12,1316,110,Medium
Indonesia,West,2023,Tap,1.48,7.08,0.59,7.41,17.64,2.04,77,Boiling,80.87,42,2,5,27.48,5929,67.78,62.37,86.88,2220,27.15,119,49,Low
Pakistan,West,2005,River,2.0,6.67,2.38,7.32,14.38,4.35,206,Filtration,63.24,78,2,5,71.07,1591,57.05,42.8,63.63,447,23.08,198,85,Medium
Mexico,West,2003,Pond,1.93,7.05,2.43,7.0,16.09,2.93,510,Chlorination,88.54,76,3,6,15.63,9721,65.79,81.8,90.37,539,22.2,63,85,Medium
Brazil,East,2023,Tap,0.48,7.0,0.15,8.12,15.16,1.09,3,Chlorination,92.71,12,0,2,24.6,10540,73.58,88.08,77.0,2249,28.17,24,14,Low
Bangladesh,South,2002,River,2.72,6.58,4.2,5.85,29.47,5.34,436,Filtration,70.65,144,7,12,47.3,2519,70.68,34.38,66.99,3197,26.56,893,163,High
Nigeria,North,2002,Pond,2.71,6.68,6.01,5.21,21.97,8.66,982,Boiling,58.61,176,5,36,77.84,2300,47.66,54.62,52.9,1292,29.63,216,217,High
Indonesia,Central,2003,Spring,0.81,7.06,0.16,7.49,19.33,3.07,43,Chlorination,79.89,36,0,1,24.83,4535,53.19,55.36,74.79,2753,26.32,163,37,Low
USA,Central,2024,Pond,1.94,6.43,2.61,7.37,14.3,3.05,244,Filtration,96.67,54,2,6,8.91,49113,82.55,83.55,99.5,940,10.0,44,62,Medium
USA,South,2004,Pond,2.79,6.95,5.04,6.88,16.34,6.63,425,Boiling,97.91,96,6,10,12.69,45558,88.22,77.13,90.47,738,17.21,25,112,Medium
Bangladesh,West,2007,Pond,4.55,6.75,8.16,5.96,27.09,9.88,2011,None,68.97,212,7,33,39.56,3024,57.69,40.14,70.78,2325,26.3,1069,252,High
Ethiopia,North,2015,Lake,2.22,6.43,2.0,7.97,15.08,4.02,141,Filtration,42.25,107,3,13,67.95,1023,32.25,16.95,39.69,689,15.62,109,123,Medium
India,Central,2021,Spring,1.93,7.57,0.77,7.75,16.68,5.6,85,Filtration,72.41,53,1,6,34.97,2680,60.79,35.68,62.61,957,24.43,386,60,Medium
Nigeria,Central,2002,Tap,1.6,7.18,0.15,8.57,13.71,3.13,59,Chlorination,63.1,47,2,4,71.27,2182,47.02,65.78,54.95,1142,26.19,191,53,Low
USA,West,2023,Tap,0.62,7.14,0.95,8.02,9.36,1.63,23,None,99.34,18,2,3,6.18,52957,80.44,81.65,90.7,1002,12.47,28,23,Low
Mexico,South,2011,River,1.82,7.15,2.73,7.53,9.31,5.22,312,Boiling,93.4,59,1,5,15.51,10938,74.21,80.77,91.02,629,19.86,53,65,Medium
USA,North,2024,Tap,0.9,6.92,1.11,7.64,13.35,2.62,99,None,99.7,24,0,3,9.65,59169,91.97,87.44,94.67,620,10.17,39,27,Low
Brazil,South,2007,Well,1.22,6.62,1.99,8.09,14.56,1.59,26,Chlorination,88.74,37,1,2,21.77,7750,61.54,85.31,67.54,2292,22.88,24,40,Low
Pakistan,South,2012,Pond,3.13,7.59,3.55,6.34,14.92,8.07,523,Chlorination,69.13,134,3,15,65.05,1856,56.26,38.67,70.07,706,27.29,276,152,High
USA,North,2003,Tap,0.35,7.0,0.3,9.18,7.84,0.83,3,Boiling,96.83,9,0,0,7.52,49547,80.25,82.93,99.5,756,13.0,29,9,Low
Brazil,North,2013,River,1.5,7.74,2.35,7.56,18.98,2.47,211,Boiling,90.82,71,4,4,21.48,9375,77.43,86.27,80.25,1347,23.38,24,79,Medium
Bangladesh,Central,2013,River,3.67,7.03,5.42,5.99,26.42,7.71,483,Boiling,75.08,140,10,16,37.09,2704,49.67,44.1,64.68,2006,26.14,1639,166,High
Bangladesh,Central,2012,Well,1.39,6.65,1.5,6.83,19.02,5.59,118,Chlorination,75.81,81,1,4,36.73,2924,59.01,38.55,60.77,2189,29.61,1623,86,Medium
Indonesia,North,2005,River,2.83,7.2,3.86,6.61,19.93,7.99,504,Boiling,72.46,162,7,11,33.68,4714,56.34,50.9,72.71,2546,24.36,129,180,High
USA,East,2016,Lake,1.96,6.25,3.22,8.42,15.37,1.89,220,Boiling,98.44,54,0,6,12.11,53204,86.44,86.82,87.8,972,16.26,42,60,Medium
Mexico,Central,2003,Pond,1.73,7.4,4.4,6.67,18.78,4.65,378,Boiling,90.63,97,1,11,22.74,10204,78.8,81.69,86.16,714,20.82,74,109,Medium
USA,East,2007,Pond,1.51,6.63,2.78,7.59,12.24,5.15,323,Filtration,99.7,61,1,1,5.72,53951,89.96,79.98,96.97,712,14.29,57,63,Medium
Mexico,North,2016,Pond,2.58,7.65,3.69,6.27,17.01,5.25,498,Boiling,93.22,145,2,8,31.01,9691,68.83,86.53,88.4,1035,21.13,71,155,High
China,Central,2002,Spring,1.13,7.35,0.26,9.57,12.16,0.05,5,Chlorination,99.7,18,0,1,3.26,13618,76.16,68.9,96.85,1102,10.37,245,19,Low
Indonesia,South,2016,Tap,0.56,7.65,1.39,7.24,15.28,1.31,18,Filtration,82.61,26,1,2,28.41,5147,71.39,57.11,79.25,2367,25.0,226,29,Low
China,North,2008,Lake,0.79,7.07,1.88,8.57,11.69,0.6,42,Chlorination,87.4,25,1,3,15.49,13013,77.98,60.83,96.08,801,11.68,142,29,Low
USA,West,2001,Tap,1.29,6.41,0.78,8.36,13.62,3.08,36,None,94.41,34,1,1,12.16,44141,83.53,78.78,87.31,1078,15.66,50,36,Low
Indonesia,East,2024,Lake,2.28,6.77,4.59,6.47,23.2,3.86,468,Filtration,81.41,100,5,7,25.62,4899,62.75,62.29,83.18,2094,29.8,202,112,Medium
China,North,2012,Tap,0.86,7.13,1.49,7.63,13.01,1.6,3,Boiling,88.04,22,1,2,6.47,12503,73.87,64.52,94.46,1274,13.98,203,25,Low
India,North,2019,Well,1.94,7.97,1.17,6.02,21.25,4.81,180,Filtration,83.69,87,3,4,38.52,2730,58.62,41.99,72.7,1474,26.72,522,94,Medium
USA,Central,2001,River,0.92,6.42,2.31,7.3,15.44,3.33,193,Chlorination,93.88,55,2,4,15.13,40859,88.21,75.14,89.46,1037,16.42,45,61,Medium
China,Central,2019,River,1.96,7.02,2.14,8.17,15.56,3.12,251,Filtration,94.9,60,0,2,10.52,13779,78.16,66.23,89.85,1028,13.38,150,62,Medium
India,Central,2010,Well,2.98,6.82,2.45,6.82,21.04,8.14,569,None,76.79,120,14,8,35.15,2848,67.34,37.83,73.9,1022,21.22,620,142,High
India,West,2021,Lake,1.32,6.29,2.6,6.58,16.11,2.72,391,Boiling,71.2,62,6,9,36.75,2876,66.24,38.55,70.41,1151,24.62,697,77,Medium
Bangladesh,Central,2014,Spring,2.52,6.67,1.15,7.41,25.4,3.31,390,Boiling,74.7,92,4,12,39.33,2714,58.64,37.38,68.23,2541,27.68,1190,108,Medium
USA,North,2010,Lake,2.44,7.5,5.33,7.95,13.82,6.79,399,None,91.02,99,5,8,14.9,47824,86.39,80.18,89.93,897,14.33,48,112,Medium
India,Central,2022,River,1.8,7.55,2.94,6.24,19.1,5.85,99,Chlorination,81.13,57,3,4,30.18,2710,61.36,43.21,75.7,1111,25.05,425,64,Medium
Bangladesh,South,2002,Spring,2.21,7.17,0.15,6.73,22.22,2.92,80,Filtration,70.49,77,2,2,37.58,2550,52.36,39.94,70.91,2261,29.33,1386,81,Medium
China,Central,2002,Tap,0.4,6.85,0.49,9.84,11.57,2.01,3,Chlorination,95.96,17,1,0,19.32,11894,80.34,67.65,81.01,1297,12.15,160,18,Low
Brazil,West,2011,Spring,1.31,7.3,0.15,7.6,17.62,0.77,70,Chlorination,94.32,42,0,1,18.92,9436,65.42,89.67,80.09,2700,20.42,21,43,Low
USA,South,2023,Lake,0.99,7.05,1.82,7.95,12.75,2.3,39,Chlorination,99.33,34,2,3,5.1,50243,85.52,75.17,98.21,1253,15.64,35,39,Low
Indonesia,North,2004,Well,2.16,7.38,2.81,6.85,20.69,4.1,413,Boiling,81.36,70,2,8,25.24,4717,68.02,52.28,75.2,2404,30.19,176,80,Medium
Mexico,North,2019,Tap,0.73,7.21,0.15,8.04,8.15,0.59,3,Filtration,99.7,17,0,1,13.93,11717,75.39,86.25,92.63,903,19.89,79,18,Low
Mexico,East,2006,Lake,2.21,6.82,3.73,7.2,14.16,2.6,512,Boiling,86.74,80,2,16,22.91,9701,69.58,81.51,91.51,801,26.73,81,98,Medium
China,South,2006,Tap,1.2,7.24,0.57,9.04,10.76,0.93,3,Boiling,89.04,15,1,2,19.11,10192,70.39,65.96,84.39,947,16.62,148,18,Low
Ethiopia,East,2012,Spring,1.59,6.99,1.09,7.35,11.09,5.88,68,Boiling,45.68,70,1,9,56.72,995,36.68,18.5,34.73,565,19.87,125,80,Medium
Ethiopia,South,2008,River,2.47,6.71,3.36,6.13,15.46,8.16,770,Filtration,52.71,156,5,16,63.38,1284,42.08,30.98,50.18,1028,18.14,130,177,High
China,South,2024,Lake,2.67,7.49,4.74,6.78,14.36,3.89,546,None,91.32,108,11,17,14.61,11163,77.89,64.76,80.37,741,12.61,146,136,High
India,West,2020,Well,1.51,7.08,3.05,8.24,18.59,3.18,274,Boiling,75.8,69,5,9,38.74,2549,51.87,30.96,75.09,808,24.6,354,83,Medium
USA,East,2012,Spring,0.99,7.67,1.15,9.42,12.19,0.05,18,Boiling,88.94,25,0,2,8.95,51983,99.0,76.22,93.27,936,13.89,76,27,Low
Mexico,West,2011,Lake,0.86,7.31,1.92,7.14,11.62,2.82,69,Boiling,89.65,53,0,3,16.42,10176,74.48,85.32,92.37,730,17.88,84,56,Low
Mexico,South,2012,Well,1.03,7.9,0.77,7.72,10.68,1.95,75,Filtration,90.03,43,2,2,18.1,9991,67.21,80.61,86.3,927,21.06,71,47,Low
India,North,2023,Lake,1.79,6.35,3.7,6.05,20.07,5.31,439,Filtration,80.72,111,9,22,36.19,2435,61.6,42.27,72.53,1296,27.42,371,142,High
Mexico,South,2009,Spring,0.02,7.43,0.15,9.02,9.21,2.44,3,Chlorination,87.18,14,0,1,28.89,9233,70.99,85.86,85.85,683,20.09,60,15,Low
Indonesia,West,2000,Lake,2.71,6.93,4.19,5.76,24.76,5.72,726,Boiling,78.34,156,6,19,30.9,4187,52.62,60.08,69.25,2512,28.16,137,181,High
USA,East,2024,Tap,0.02,7.37,0.57,8.84,8.98,1.53,4,Boiling,96.1,17,0,0,7.23,56533,93.15,84.69,99.5,938,13.81,34,17,Low
Pakistan,East,2007,Spring,0.63,6.08,1.15,7.58,10.54,3.46,39,Filtration,73.02,39,0,7,66.48,1932,49.66,31.83,60.15,410,27.35,291,46,Low
Mexico,West,2021,Lake,1.16,6.58,3.24,6.49,15.54,4.97,225,Filtration,92.36,61,0,4,21.45,11338,81.3,86.93,90.97,832,21.6,82,65,Medium
China,East,2015,River,2.44,7.36,1.65,8.47,18.4,5.19,241,Boiling,93.21,72,1,3,11.93,13195,78.29,66.94,93.11,1065,14.01,144,76,Medium
Indonesia,Central,2012,Lake,3.58,6.74,6.58,6.28,23.8,7.74,769,None,83.36,160,5,16,30.83,5309,62.52,55.79,74.45,1837,24.75,180,181,High
Mexico,North,2002,Tap,0.45,7.05,0.15,8.93,7.78,1.38,3,Chlorination,90.98,18,0,1,13.32,9721,74.44,87.3,83.27,689,18.26,59,19,Low
Indonesia,North,2002,Well,1.41,6.99,0.82,6.79,23.99,1.72,91,Chlorination,86.38,78,0,8,27.08,4754,62.99,57.91,77.15,2562,28.47,159,86,Medium
Bangladesh,North,2023,Well,2.44,6.9,1.3,7.07,23.11,6.43,126,Boiling,73.8,80,3,2,35.98,3293,56.5,43.99,70.66,2848,24.89,1364,85,Medium
Pakistan,East,2004,Well,1.48,7.11,1.26,6.93,15.91,0.24,103,Chlorination,75.17,52,1,3,68.57,1724,62.11,36.36,69.76,591,23.08,337,56,Low
Nigeria,East,2010,River,2.27,6.81,3.24,6.05,19.03,5.99,495,Chlorination,60.29,131,4,17,82.54,2042,49.54,49.11,42.15,974,26.91,249,152,High
China,South,2006,Tap,0.09,7.09,0.71,9.54,9.9,0.33,3,Boiling,94.28,17,0,1,7.2,12471,76.6,64.57,87.15,1436,14.93,142,18,Low
China,South,2020,Spring,1.16,6.98,1.25,8.36,7.97,0.84,16,Chlorination,85.89,30,0,3,12.3,10683,68.84,60.89,80.14,772,17.08,166,33,Low
USA,North,2023,Well,1.02,6.83,0.58,7.98,11.92,1.3,47,Filtration,98.76,27,0,0,11.57,48742,86.39,75.2,94.47,898,14.09,24,27,Low
Indonesia,Central,2009,Tap,0.87,7.08,0.15,8.84,16.4,2.85,5,Boiling,78.31,29,1,1,35.15,4621,60.98,60.16,75.61,2312,23.48,169,31,Low
India,South,2009,Lake,2.27,6.71,3.75,7.47,19.68,6.18,440,Filtration,76.77,129,3,9,37.88,2806,57.96,43.82,75.77,1217,27.71,429,141,High
China,South,2019,River,1.32,7.56,1.47,8.14,9.3,0.05,107,Boiling,93.71,32,0,4,4.66,14694,84.67,65.41,85.86,900,9.37,105,36,Low
Indonesia,East,2001,Tap,1.47,7.34,0.59,8.54,14.77,2.93,20,Filtration,74.7,39,0,1,27.66,4651,69.02,57.21,65.83,1814,25.35,129,40,Low
Indonesia,Central,2002,Tap,0.49,7.11,0.15,8.8,13.39,0.05,2,Chlorination,80.9,14,1,0,25.66,5592,70.48,58.94,80.78,2365,24.26,172,15,Low
Brazil,North,2007,Spring,2.44,6.61,2.67,8.05,21.68,6.63,359,None,89.84,111,1,3,9.47,10210,78.1,91.27,87.83,2963,22.12,33,115,Medium
Brazil,South,2010,Tap,0.52,7.08,0.15,8.13,9.45,3.85,3,Filtration,92.42,19,0,2,21.99,8991,75.28,92.5,76.92,1509,20.58,33,21,Low
Nigeria,Central,2012,Spring,1.5,6.75,0.89,7.95,12.93,4.62,66,Filtration,56.8,60,1,6,71.93,2317,50.4,55.53,48.92,1043,24.76,168,67,Medium
Bangladesh,Central,2006,River,3.93,6.49,6.29,5.28,30.3,6.71,1397,None,77.76,180,7,18,39.8,2699,58.02,32.68,65.16,2229,27.16,792,205,High
Nigeria,North,2012,River,3.29,6.56,7.99,5.72,20.38,10.29,1255,None,55.56,263,13,38,83.68,1954,43.67,51.7,42.07,925,25.73,226,314,High
Mexico,Central,2001,Lake,1.61,6.86,3.26,6.49,11.08,2.85,161,Filtration,91.36,50,5,2,19.47,9039,73.73,78.29,83.41,742,21.49,105,57,Low
India,Central,2005,Spring,0.9,7.42,0.15,8.15,12.01,0.91,11,Filtration,72.76,22,0,1,37.26,2327,61.75,38.37,75.54,852,23.1,357,23,Low
Mexico,Central,2008,Spring,1.43,7.3,1.89,7.98,10.25,1.57,104,Filtration,91.18,42,1,4,16.9,9404,68.86,75.44,80.45,725,14.74,84,47,Low
Ethiopia,South,2019,Well,2.53,6.96,1.86,7.33,12.36,6.11,150,Boiling,54.43,115,4,11,64.45,1178,42.02,18.08,41.53,769,17.38,106,130,High
Mexico,North,2024,Well,1.11,6.46,1.15,8.71,7.12,3.29,107,Filtration,94.27,39,0,1,21.56,10404,70.06,90.23,88.65,833,19.49,82,40,Low
USA,Central,2001,Lake,1.48,7.26,2.47,7.96,13.85,1.74,85,Filtration,99.7,36,2,1,5.11,48637,81.32,87.1,97.55,1045,14.27,42,39,Low
Mexico,Central,2017,River,2.0,7.08,5.2,6.69,15.99,3.71,673,None,95.89,94,2,7,14.69,11027,72.53,84.78,90.22,858,21.88,50,103,Medium
Nigeria,South,2015,Pond,3.98,6.28,7.11,5.84,23.04,6.97,1836,None,64.6,283,15,34,83.63,2101,40.39,56.4,52.43,748,26.34,237,332,High
China,North,2024,Well,0.84,7.22,2.15,7.89,14.87,2.46,83,Boiling,87.46,37,1,4,15.62,13533,74.36,74.65,93.31,1379,14.01,174,42,Low
China,East,2011,Tap,1.49,6.58,1.62,10.0,7.87,3.45,3,Boiling,93.91,16,0,2,8.14,14053,67.57,65.2,96.85,810,15.56,140,18,Low
Brazil,South,2006,River,2.23,6.69,2.18,7.51,14.75,3.87,339,Chlorination,85.68,63,4,4,18.24,9771,75.53,91.76,85.13,1691,27.56,30,71,Medium
India,North,2006,Pond,3.32,6.69,5.74,6.86,20.53,7.24,911,Filtration,70.23,188,4,20,39.78,2582,54.16,34.33,75.83,1339,27.26,413,212,High
India,Central,2016,Tap,1.04,7.23,0.57,8.8,15.95,1.29,3,Filtration,74.79,17,2,2,39.35,2667,65.91,42.66,71.95,1346,23.43,374,21,Low
USA,North,2012,Spring,1.39,7.6,2.38,8.21,11.28,3.13,151,None,86.29,43,1,4,13.58,50099,90.27,86.83,93.7,989,14.9,42,48,Low
Nigeria,North,2010,River,3.16,7.15,3.91,7.46,18.46,8.29,429,Chlorination,62.89,156,8,6,74.72,2250,48.11,57.93,50.92,1079,23.63,318,170,High
Brazil,North,2005,Lake,1.68,6.42,1.64,7.64,17.5,4.52,217,Filtration,93.56,74,5,3,14.03,8987,69.91,90.58,78.21,2152,23.28,19,82,Medium
Ethiopia,East,2022,Spring,1.19,6.96,0.59,8.39,5.39,2.29,3,Chlorination,49.36,16,0,1,59.16,1177,41.25,25.78,31.34,737,16.09,126,17,Low
India,North,2013,Spring,1.91,6.52,2.09,6.78,17.83,4.73,141,Boiling,84.22,88,1,8,31.64,2470,50.25,38.0,75.0,1132,23.9,570,97,Medium
China,East,2005,Tap,0.62,6.78,0.31,8.76,12.47,0.05,3,Filtration,89.32,21,0,0,8.39,11117,79.33,63.38,86.92,1178,11.24,158,21,Low
Mexico,Central,2005,Spring,0.94,7.18,0.48,8.95,12.27,2.51,110,Filtration,91.91,29,1,1,14.95,10995,75.73,79.73,99.5,745,21.1,84,31,Low
Mexico,East,2001,Well,0.78,7.21,2.51,8.43,6.84,1.38,21,Boiling,89.67,21,0,2,21.67,7891,63.54,75.8,88.46,655,24.2,43,23,Low
Brazil,Central,2021,River,1.99,6.78,1.5,7.22,15.38,4.71,509,Filtration,86.9,112,2,4,22.45,9368,68.08,83.65,83.22,1519,24.79,27,118,Medium
Nigeria,Central,2019,Well,2.29,7.32,1.93,6.92,14.33,7.13,257,Boiling,67.49,79,4,9,75.8,2239,37.69,57.66,62.09,904,26.95,151,92,Medium
Nigeria,East,2024,Tap,0.89,6.78,0.4,7.69,12.1,3.48,42,Boiling,63.34,42,1,2,74.16,2078,39.65,46.99,53.86,1175,26.18,343,45,Low
Bangladesh,South,2014,Pond,2.86,6.91,5.64,5.91,23.11,6.43,1048,Chlorination,73.58,190,1,8,33.28,3045,59.02,47.33,70.56,2128,25.97,1084,199,High
Pakistan,West,2016,Tap,1.9,6.66,0.25,6.73,11.9,4.97,60,None,71.7,43,2,6,70.23,1815,48.79,39.22,56.31,525,29.58,247,51,Low
India,North,2007,River,3.64,6.47,6.69,4.98,23.41,7.49,1106,None,76.77,160,6,18,38.1,2433,59.53,40.09,73.23,830,25.32,472,184,High
Nigeria,West,2004,Spring,1.59,7.04,2.68,6.7,15.71,6.87,146,Boiling,65.03,104,2,6,71.76,2045,35.7,53.01,42.2,878,26.93,181,112,Medium
China,North,2016,Lake,1.41,7.09,1.55,8.88,15.25,1.67,174,Chlorination,92.17,51,0,4,12.73,13929,72.19,65.09,89.87,929,14.88,139,55,Low
Brazil,North,2019,Tap,0.8,7.28,0.57,8.17,11.4,3.22,3,Boiling,89.91,20,1,3,14.11,9767,77.83,92.52,85.84,1361,21.07,27,24,Low
Ethiopia,Central,2000,River,2.18,6.51,1.5,6.76,17.97,5.81,497,Chlorination,58.68,162,5,26,69.18,1162,50.8,28.92,45.2,692,21.09,158,193,High
Bangladesh,North,2021,Lake,2.87,7.31,3.34,6.21,27.52,7.35,475,Chlorination,75.85,121,6,17,38.38,3314,56.17,44.58,65.13,2849,27.83,1113,144,High
Indonesia,North,2017,Spring,2.95,6.87,2.97,7.18,25.69,5.24,261,None,81.42,94,6,14,28.31,4794,59.44,59.2,71.98,2928,22.73,207,114,Medium
USA,East,2014,Pond,2.9,7.08,5.33,6.98,12.61,5.78,791,None,98.98,96,0,7,10.8,48811,86.01,87.69,95.51,1053,10.27,34,103,Medium
Ethiopia,West,2004,Tap,0.83,7.01,1.44,8.89,11.63,2.35,3,Chlorination,50.7,26,0,0,62.67,1136,45.36,22.05,39.44,976,20.0,203,26,Low
Indonesia,East,2006,Pond,3.67,6.99,7.68,5.34,27.27,10.32,1176,None,74.79,226,14,26,36.43,4735,64.34,62.48,71.03,2055,23.18,124,266,High
Mexico,North,2017,River,1.57,7.62,2.63,6.68,10.32,2.27,307,Chlorination,90.78,56,1,4,19.26,9974,79.13,72.82,90.53,730,21.95,51,61,Medium
USA,Central,2005,Pond,2.06,7.29,3.63,7.39,16.99,5.71,277,Filtration,95.4,72,4,3,14.56,50792,79.42,81.2,94.93,848,15.04,37,79,Medium
India,East,2021,Pond,1.36,7.18,3.42,6.63,20.95,3.85,519,Boiling,69.31,131,3,12,38.57,2523,59.21,33.49,73.53,1068,25.78,515,146,High
China,East,2020,River,2.22,6.63,3.67,6.99,18.01,3.56,456,None,99.41,60,3,7,12.92,14086,83.88,69.3,83.82,1178,14.27,144,70,Medium
USA,South,2004,River,1.68,6.64,2.15,8.45,17.35,3.94,317,Boiling,93.9,66,2,9,10.94,48818,88.81,78.47,97.45,1196,12.09,50,77,Medium
Pakistan,North,2018,Tap,1.83,7.34,1.86,7.31,13.7,3.77,344,None,63.89,77,3,6,73.24,1619,55.6,40.5,64.73,603,22.65,277,86,Medium
Indonesia,Central,2009,Pond,2.56,6.98,3.0,5.52,23.45,4.92,398,Boiling,81.15,133,3,5,28.96,4714,62.25,59.58,72.46,2600,24.9,126,141,High
India,East,2014,Lake,2.16,7.31,4.43,7.23,19.15,3.27,296,Boiling,78.23,74,3,5,40.2,2721,68.01,44.86,75.7,1067,25.65,562,82,Medium
Pakistan,East,2009,River,3.34,7.21,5.2,5.4,20.53,8.05,893,None,72.31,208,3,18,69.23,1819,53.43,36.07,67.04,535,27.98,241,229,High
Mexico,Central,2015,Spring,1.49,6.79,1.85,8.04,10.32,2.73,216,None,91.17,78,3,6,17.54,10843,72.91,85.19,90.78,670,23.7,67,87,Medium
Pakistan,North,2011,Pond,3.38,6.66,7.21,5.7,17.04,9.59,1634,None,74.66,298,12,25,69.47,1887,50.83,39.98,73.3,421,21.75,302,335,High
Bangladesh,South,2017,River,3.42,7.0,7.02,5.69,29.83,8.59,1864,None,74.6,305,8,30,35.81,2993,53.49,37.82,70.95,1967,28.32,1591,343,High
Bangladesh,East,2022,Lake,2.77,6.69,5.47,6.45,27.25,6.1,681,Chlorination,78.4,184,8,30,37.99,2747,60.94,37.3,70.93,2239,28.15,1268,222,High
Brazil,South,2000,Tap,0.99,6.99,1.89,7.77,16.88,3.17,161,None,92.39,49,4,6,15.35,7927,69.71,83.92,80.55,1502,26.09,29,59,Low
Ethiopia,West,2015,Pond,3.69,6.67,7.21,6.03,21.14,10.79,1351,None,47.12,329,11,43,69.9,1176,46.27,21.32,42.17,917,18.33,99,383,High
Ethiopia,North,2021,River,3.81,6.86,9.06,5.99,25.14,11.06,1392,None,57.03,346,19,53,62.34,1330,39.34,24.12,42.84,858,15.46,156,418,High
India,West,2005,River,2.38,7.26,3.79,6.15,24.21,5.29,467,Filtration,74.1,158,11,10,39.94,2760,63.85,30.01,70.97,1406,23.5,461,179,High
Mexico,West,2002,Spring,0.82,7.49,0.71,8.86,9.76,2.75,23,Boiling,92.51,22,1,1,13.66,10560,78.62,86.68,85.13,666,19.67,40,24,Low
Nigeria,West,2001,Spring,2.59,6.72,3.64,6.55,15.75,6.2,448,None,60.4,156,8,14,81.2,2093,42.02,57.61,47.26,1230,29.95,230,178,High
Bangladesh,North,2001,Pond,4.5,6.88,11.06,5.77,30.31,8.18,1235,None,68.67,306,36,40,40.91,2772,64.23,37.53,71.66,2052,25.48,1550,382,High
India,North,2012,River,3.3,6.61,3.84,6.06,22.08,7.63,732,Boiling,73.79,130,11,11,39.03,2873,64.83,39.4,64.8,1219,24.81,476,152,High
Nigeria,Central,2008,Pond,2.34,6.87,5.03,5.96,15.18,7.68,1101,Boiling,65.59,150,9,19,80.23,2229,47.37,54.94,57.8,1242,27.31,217,178,High
Ethiopia,South,2015,River,2.03,7.38,3.48,6.22,12.57,6.05,297,Chlorination,59.9,161,7,6,56.38,1270,39.61,21.66,46.07,888,20.18,110,174,High
Brazil,South,2004,Spring,2.11,7.14,0.9,7.92,16.9,5.68,105,Boiling,96.55,45,3,0,19.57,8467,70.61,82.47,80.03,1752,26.47,33,48,Low
Pakistan,Central,2022,Lake,2.34,7.15,3.08,6.46,16.99,4.88,430,Boiling,68.73,110,4,13,71.09,1772,54.45,44.84,67.84,492,24.91,348,127,High
Bangladesh,Central,2020,Well,2.69,6.76,2.91,6.64,25.04,4.6,406,Filtration,70.61,138,3,6,43.23,2746,63.54,37.7,59.13,2472,27.01,980,147,High
India,West,2006,Well,1.91,6.87,1.49,7.08,16.79,4.69,135,Chlorination,82.86,69,2,12,36.56,2697,52.32,40.57,69.09,1090,25.95,646,83,Medium
USA,Central,2012,River,1.39,7.25,1.01,8.59,12.3,1.64,63,Filtration,99.7,17,2,0,7.38,53268,86.36,85.08,92.99,758,15.39,33,19,Low
Nigeria,East,2019,Spring,1.53,7.01,2.53,6.65,10.73,5.97,217,Boiling,66.23,108,1,14,76.62,2206,42.64,58.61,49.82,996,29.21,220,123,Medium
Pakistan,South,2023,Tap,1.83,6.91,0.67,6.93,10.84,3.76,100,None,66.09,71,1,4,73.91,1553,51.54,32.28,65.07,723,25.34,319,76,Medium
Bangladesh,Central,2012,Tap,1.83,6.97,0.87,6.71,22.09,3.51,57,Chlorination,67.71,60,3,5,37.14,2556,60.2,44.81,65.16,1767,25.34,1303,68,Medium
Ethiopia,East,2006,Well,1.51,6.76,1.08,7.13,14.95,6.88,130,Boiling,53.38,76,6,12,59.98,1206,44.14,26.21,42.21,855,19.38,133,94,Medium
Mexico,East,2009,Lake,2.05,7.18,2.05,8.23,16.41,5.72,192,Boiling,89.39,71,1,4,18.97,10338,64.95,79.39,90.21,924,20.69,55,76,Medium
Nigeria,East,2014,Well,3.53,6.63,5.23,5.85,21.07,7.83,770,None,55.23,150,5,23,80.24,1985,52.21,52.42,49.7,1163,28.07,245,178,High
Ethiopia,East,2020,River,3.88,6.96,5.1,6.84,21.98,9.02,1572,None,60.7,206,8,29,71.99,1125,32.07,25.39,37.48,1044,21.23,118,243,High
Bangladesh,West,2005,Lake,3.73,6.61,5.44,6.15,30.73,6.2,693,None,75.03,212,11,19,37.07,2934,61.64,46.24,73.0,2365,27.75,1317,242,High
Nigeria,East,2004,Tap,0.29,6.75,1.18,8.07,13.44,1.65,3,Chlorination,71.24,33,1,2,65.72,2214,47.32,57.41,54.82,1348,28.54,330,36,Low
Pakistan,West,2022,Spring,1.52,6.54,1.32,7.64,12.98,4.5,48,Filtration,71.98,54,0,3,59.81,1927,48.97,44.88,70.34,578,22.2,332,57,Low
Bangladesh,West,2001,Spring,1.0,6.64,1.61,8.3,19.16,3.17,51,Chlorination,73.82,58,1,2,37.75,2647,58.32,37.21,65.18,2009,26.65,1121,61,Medium
Indonesia,East,2020,River,3.69,6.57,8.92,5.65,28.43,9.26,1180,None,83.91,263,10,24,35.16,4913,61.83,57.27,76.44,2431,22.62,220,297,High
India,South,2014,Well,1.35,6.9,1.73,7.96,17.41,1.26,76,Chlorination,82.6,51,1,4,33.23,2858,60.92,47.4,75.57,1201,22.31,517,56,Low
Pakistan,East,2015,River,3.27,7.04,6.66,5.7,21.86,8.12,827,None,72.71,237,13,17,73.14,2071,47.44,44.22,63.26,310,22.93,234,267,High
Nigeria,East,2018,Spring,1.62,7.0,1.1,6.66,16.72,5.41,133,Filtration,59.63,71,1,4,74.02,2328,49.78,62.57,44.17,967,28.45,205,76,Medium
Mexico,East,2008,Tap,0.1,7.34,0.15,7.93,7.74,0.75,3,Chlorination,96.04,21,0,3,13.17,10260,67.03,73.96,85.48,582,17.73,37,24,Low
Ethiopia,South,2021,Spring,1.38,6.92,0.15,7.39,16.32,2.6,21,Filtration,49.58,38,1,5,60.82,1254,35.65,22.48,43.46,813,19.97,108,44,Low
USA,North,2018,Lake,0.74,7.03,0.68,9.18,8.2,2.39,71,Filtration,97.35,36,0,3,9.3,48916,88.15,80.26,98.62,800,12.55,37,39,Low
Ethiopia,North,2006,Pond,3.93,6.79,7.11,6.2,24.01,10.92,1381,None,49.1,462,28,49,68.84,1044,36.45,25.96,33.98,1049,16.65,145,539,High
Nigeria,West,2003,Spring,1.69,7.01,0.16,7.7,12.52,4.65,102,Chlorination,59.47,43,4,7,75.41,2110,44.41,47.89,47.07,1075,28.27,180,54,Low
Ethiopia,West,2002,Spring,1.43,7.38,1.24,8.09,8.82,5.44,54,Chlorination,55.06,42,1,4,60.38,1257,39.85,27.91,42.3,840,18.68,134,47,Low
India,South,2023,Pond,2.04,6.98,2.96,7.38,21.56,6.65,281,Filtration,77.37,119,7,9,39.67,2746,60.36,39.22,76.18,1113,27.15,444,135,High
Bangladesh,Central,2019,Lake,3.25,7.74,4.04,6.01,25.24,7.36,1013,None,76.12,232,7,16,42.86,3370,56.6,40.82,63.38,1723,23.06,1013,255,High
USA,North,2010,Well,1.0,6.79,1.52,8.09,11.86,2.73,66,Filtration,98.53,42,2,2,12.1,51464,81.08,80.09,88.03,860,15.03,34,46,Low
China,West,2000,Spring,0.35,6.92,0.52,9.06,9.48,3.29,3,Filtration,92.49,14,0,1,14.4,10380,63.85,64.02,81.71,842,13.07,184,15,Low
Nigeria,North,2005,River,2.88,6.94,3.06,6.78,20.99,6.91,541,Filtration,59.39,171,11,27,80.44,2123,48.02,50.29,46.76,1089,27.74,232,209,High
Brazil,South,2010,Spring,1.28,7.31,1.38,7.51,9.33,2.06,12,Filtration,92.12,22,1,0,21.05,8465,66.06,85.06,74.83,1728,24.95,18,23,Low
China,South,2000,River,2.56,6.86,4.1,8.88,19.49,5.55,348,Chlorination,80.69,139,7,5,20.06,11037,71.76,62.48,77.42,942,14.55,177,151,High
Ethiopia,Central,2020,Lake,1.88,6.64,2.17,7.85,15.79,5.69,175,Boiling,51.79,107,5,13,58.04,1356,43.82,28.84,37.28,1154,17.3,115,125,High
Nigeria,Central,2006,Spring,1.24,6.81,1.34,6.98,18.86,4.82,57,Chlorination,53.38,79,1,8,77.22,2114,48.11,57.02,46.53,1282,26.35,232,88,Medium
Indonesia,South,2005,Lake,2.86,7.48,6.83,5.03,23.21,8.48,683,None,78.46,174,5,14,32.19,4681,72.94,61.49,80.68,2483,27.66,229,193,High
Brazil,West,2013,Lake,2.48,7.02,4.88,6.47,22.21,4.3,640,Boiling,87.29,132,3,8,21.62,10529,67.81,95.58,86.16,1877,26.5,27,143,High
USA,North,2001,Well,0.73,6.75,0.73,9.18,10.99,1.59,3,Filtration,99.49,19,0,1,2.0,61452,94.39,82.14,99.5,789,13.1,49,20,Low
Mexico,East,2003,Spring,0.63,6.81,0.88,8.62,12.42,0.05,3,Chlorination,97.63,12,0,0,11.42,10483,65.46,76.53,90.26,629,18.34,53,12,Low
Indonesia,Central,2010,River,3.86,6.5,6.39,5.96,35.15,10.11,837,Boiling,76.99,208,12,21,30.75,4507,55.13,58.09,71.57,3238,28.51,184,241,High
China,East,2014,River,2.36,7.76,2.0,7.39,14.94,7.74,305,Filtration,86.17,67,1,4,13.45,11267,72.19,68.86,79.61,728,13.07,157,72,Medium
Bangladesh,West,2017,Spring,1.52,7.39,1.29,7.91,20.7,3.14,48,Chlorination,79.19,44,0,4,30.86,3143,71.3,44.51,70.48,2497,24.51,1012,48,Low
India,Central,2000,Pond,2.52,6.73,3.98,7.75,22.78,5.82,621,Boiling,72.16,133,6,11,39.68,2350,55.4,34.42,62.77,1086,22.28,625,150,High
Mexico,East,2002,Well,0.88,6.7,0.15,8.57,8.36,3.9,3,Chlorination,97.91,20,0,0,11.4,11392,76.85,80.31,96.63,876,23.35,53,20,Low
Indonesia,West,2002,Well,2.56,7.49,3.24,7.61,23.25,2.98,440,Boiling,76.67,131,4,12,26.97,4493,62.34,54.48,77.89,2809,25.02,192,147,High
Bangladesh,North,2006,Well,3.67,6.75,4.16,6.1,26.14,7.3,999,None,72.58,161,2,27,37.76,2787,64.78,43.36,64.19,1873,27.6,1274,190,High
Bangladesh,West,2000,River,2.15,6.8,4.25,5.2,25.1,4.94,749,Chlorination,68.18,210,3,11,41.65,2450,55.04,37.3,73.21,2015,23.41,1498,224,High
Nigeria,Central,2024,Lake,1.89,7.35,2.41,5.71,21.01,4.5,474,Chlorination,64.62,109,5,7,76.24,2509,52.68,53.73,55.93,1146,24.45,231,121,Medium
Indonesia,South,2010,Pond,2.5,6.64,5.15,5.55,20.09,7.58,525,Boiling,84.1,119,7,8,39.4,4460,52.63,48.95,73.37,1569,26.46,225,134,High
USA,North,2005,Well,1.68,7.07,2.58,8.26,14.18,0.29,242,None,99.26,58,2,1,7.15,60498,89.59,91.11,99.5,983,10.68,36,61,Medium
Ethiopia,East,2019,River,1.96,6.83,3.23,6.85,16.55,6.72,455,Chlorination,56.62,170,2,20,61.77,1260,51.33,26.82,48.34,791,16.71,172,192,High
Brazil,Central,2002,River,3.06,6.92,3.78,7.05,21.05,8.42,701,None,81.19,155,4,8,26.34,8067,72.68,85.02,82.14,1708,21.53,29,167,High
Brazil,South,2018,Lake,2.67,6.3,5.94,6.04,21.91,4.89,538,None,88.26,113,5,14,23.12,9307,73.18,88.38,86.49,2318,22.59,35,132,High
China,West,2001,Spring,0.89,7.6,0.34,8.21,11.33,1.44,3,Chlorination,96.43,8,0,0,9.24,11552,75.8,71.69,79.64,1072,13.22,122,8,Low
China,South,2017,Spring,1.36,7.32,0.15,8.42,14.05,2.02,21,Filtration,94.14,25,0,2,5.48,13819,80.43,73.18,99.5,1101,9.84,194,27,Low
Brazil,Central,2011,Well,1.96,7.28,1.92,6.87,17.54,5.34,249,Boiling,81.98,83,2,4,22.12,8544,65.94,88.94,85.75,2042,25.55,23,89,Medium
USA,Central,2009,Well,0.93,6.84,0.15,9.37,9.58,3.49,3,Chlorination,95.44,10,0,2,7.57,44601,77.73,77.94,90.74,794,11.86,40,12,Low
India,South,2004,Pond,3.8,6.29,6.18,5.79,24.97,7.14,1204,None,78.18,211,11,18,47.62,2188,52.1,44.29,62.84,1143,27.39,434,240,High
Pakistan,West,2008,Lake,1.74,6.6,1.74,7.0,11.87,4.28,335,Boiling,69.2,63,0,5,64.25,1704,47.09,40.59,62.8,468,20.2,212,68,Medium
Ethiopia,South,2001,Well,1.12,6.74,1.83,8.39,14.02,2.98,97,Chlorination,50.49,81,0,4,63.61,978,35.45,23.86,38.14,1130,11.79,128,85,Medium
India,Central,2001,Lake,2.44,7.11,3.26,6.04,22.19,3.91,335,Boiling,78.34,146,11,13,32.43,2340,55.77,38.94,74.59,1286,23.17,692,170,High
Nigeria,Central,2005,River,3.26,7.0,4.72,5.85,23.75,7.2,765,Boiling,61.68,166,16,14,75.64,2214,42.23,53.65,37.27,1477,27.74,181,196,High
Pakistan,East,2009,Well,2.64,7.05,3.69,6.3,21.24,6.52,569,None,72.47,152,6,10,69.71,1750,55.83,43.2,66.66,512,25.24,403,168,High
Pakistan,East,2017,River,2.13,7.09,2.45,7.59,16.28,7.68,473,Filtration,68.29,129,3,17,68.12,1649,55.05,33.37,60.57,487,22.64,370,149,High
Indonesia,North,2011,Tap,1.53,6.57,1.66,7.42,22.3,0.43,3,Filtration,79.96,28,0,1,29.49,4430,56.37,56.86,71.62,2545,26.55,130,29,Low
USA,Central,2003,Lake,1.41,7.41,0.2,8.28,10.97,0.05,65,Boiling,97.8,24,1,5,9.16,51648,84.5,85.94,98.17,1134,13.94,33,30,Low
USA,East,2021,Tap,0.54,7.26,0.15,9.12,3.48,1.73,9,None,94.25,16,0,0,9.89,46574,75.01,78.97,99.06,764,11.78,34,16,Low
Pakistan,South,2020,Well,1.88,7.07,3.46,6.25,14.44,4.0,209,None,65.96,89,2,8,68.65,1656,44.3,33.52,69.41,561,24.42,312,99,Medium
Indonesia,West,2016,River,1.76,7.19,2.56,6.41,19.14,6.73,453,Chlorination,78.69,124,1,4,29.51,5161,69.3,63.53,78.07,2174,26.88,155,129,High
Ethiopia,South,2014,Well,1.62,7.18,1.46,7.22,12.34,5.09,77,Boiling,48.45,88,5,4,63.32,1079,46.63,24.45,36.3,659,18.69,159,97,Medium
Pakistan,West,2005,Tap,1.16,7.54,0.83,8.22,13.21,2.59,3,Chlorination,62.41,22,1,3,71.51,1535,47.3,38.27,69.2,420,24.28,319,26,Low
Mexico,East,2015,Well,1.62,7.5,1.57,6.69,13.17,4.64,162,None,93.26,64,3,6,19.36,9280,68.21,78.9,82.75,592,21.84,96,73,Medium
China,North,2016,Pond,1.94,7.14,2.81,7.27,15.01,6.12,225,Boiling,88.9,105,3,4,13.59,13197,71.45,75.23,90.94,933,9.39,152,112,Medium
China,South,2002,Spring,0.97,6.91,1.43,8.0,11.47,0.85,5,Filtration,88.09,16,0,1,14.01,11493,69.95,64.76,84.12,1027,14.88,106,17,Low
India,South,2009,Tap,0.44,6.92,0.15,8.16,12.61,2.83,3,Filtration,70.11,22,0,3,37.25,2409,52.97,34.98,68.45,1386,25.04,374,25,Low
Nigeria,South,2004,Well,0.62,7.14,1.68,7.96,12.8,0.18,31,Chlorination,54.27,45,3,4,83.92,1850,48.19,47.5,42.4,931,25.06,262,52,Low
China,West,2013,River,1.83,7.02,3.18,7.78,14.34,4.4,464,Boiling,96.14,68,0,8,11.05,14676,79.13,65.28,86.62,899,15.46,167,76,Medium
Bangladesh,East,2020,Well,3.24,6.24,4.27,7.43,28.1,10.04,643,None,64.7,262,11,22,35.74,3052,64.34,41.21,70.6,2451,23.08,1431,295,High
India,South,2012,River,2.62,6.34,2.36,7.45,19.41,6.42,375,Chlorination,69.45,154,3,12,36.37,2432,51.89,40.92,66.69,930,23.2,751,169,High
China,South,2005,Spring,1.66,7.47,1.77,8.33,13.47,0.93,47,Filtration,92.09,17,0,3,11.88,10861,73.0,62.31,91.06,1140,14.16,150,20,Low
Nigeria,North,2011,Well,2.34,6.56,2.89,6.63,19.12,5.87,599,None,59.68,175,6,11,77.44,1992,40.61,53.26,44.9,1279,27.36,222,192,High
USA,North,2007,Spring,0.66,6.97,0.15,9.18,9.54,2.57,8,Boiling,97.13,12,0,0,7.28,55049,74.87,83.04,96.45,749,10.18,43,12,Low
USA,East,2004,Tap,0.37,6.86,0.77,9.63,9.1,0.86,3,Filtration,93.46,15,0,1,6.64,47770,88.11,86.64,98.65,1035,13.97,31,16,Low
Ethiopia,East,2014,River,3.36,7.4,5.74,6.26,17.21,9.74,1061,None,51.25,238,5,24,64.24,1213,48.02,20.25,44.13,753,18.09,82,267,High
Pakistan,Central,2015,Pond,2.53,6.93,2.82,6.3,15.6,5.8,529,Filtration,70.72,98,7,6,63.68,1808,55.77,42.85,69.89,464,23.83,314,111,Medium
Mexico,North,2000,Tap,0.59,8.03,0.15,8.96,9.22,0.2,3,Boiling,94.7,20,0,1,15.84,11301,78.88,85.12,76.87,748,18.85,60,21,Low
USA,Central,2015,River,1.18,7.32,1.75,8.49,9.13,3.59,119,Chlorination,99.7,35,3,3,12.06,54137,86.02,85.15,90.9,895,11.55,44,41,Low
Indonesia,West,2004,Spring,2.94,6.92,5.08,5.05,21.37,7.39,585,None,74.98,135,3,10,33.03,4293,58.46,53.8,68.29,2266,28.96,169,148,High
China,Central,2002,Lake,2.14,7.33,3.63,8.12,18.13,5.23,440,None,92.7,97,2,1,13.3,11995,77.01,63.25,81.78,1217,18.09,163,100,Medium
Indonesia,South,2019,Well,2.26,7.49,2.59,7.22,23.47,4.4,549,Boiling,71.62,92,4,15,35.12,4728,62.62,59.1,72.0,2323,25.76,356,111,Medium
Nigeria,Central,2014,Spring,1.07,7.5,0.54,7.65,15.19,1.64,27,Filtration,65.86,45,2,6,73.76,2409,51.69,63.37,53.21,1312,23.72,313,53,Low
USA,East,2012,River,1.97,7.01,1.97,8.4,13.5,1.71,382,Filtration,99.7,70,0,3,9.17,55733,84.89,83.83,98.11,1028,10.13,43,73,Medium
Mexico,West,2023,River,1.43,7.09,1.64,7.69,16.06,1.58,72,Filtration,99.7,56,1,3,12.29,10453,77.87,86.5,81.99,892,24.02,73,60,Medium
Nigeria,South,2015,River,3.03,7.65,6.56,5.72,21.14,7.63,1179,None,63.31,277,16,19,72.97,2683,48.24,55.86,63.2,1497,27.31,186,312,High
Bangladesh,Central,2022,River,4.08,6.63,8.73,5.3,31.82,9.39,1464,None,73.53,198,12,49,42.03,2682,60.5,36.71,77.25,2617,23.84,1423,259,High
Bangladesh,West,2010,Well,1.5,7.2,2.27,7.56,18.98,4.3,451,Filtration,76.2,72,2,7,37.37,3124,58.4,42.54,71.67,1871,25.03,1559,81,Medium
Indonesia,West,2020,Tap,3.37,6.91,5.08,6.44,27.36,5.72,959,None,75.66,139,5,14,33.89,5178,59.92,65.05,82.39,2871,30.8,120,158,High
Pakistan,South,2001,Pond,2.28,7.41,3.47,7.03,11.2,9.49,365,Chlorination,66.4,143,6,14,72.61,1531,60.36,39.98,67.33,554,25.53,190,163,High
India,Central,2021,Lake,2.03,7.22,1.71,7.03,14.57,5.21,223,Boiling,86.17,59,4,5,37.74,3590,56.26,43.84,83.76,988,25.43,417,68,Medium
Pakistan,West,2005,Well,1.79,7.11,0.35,6.82,13.19,4.47,118,Boiling,69.02,74,2,5,67.38,1659,60.79,38.34,65.12,404,28.53,263,81,Medium
Ethiopia,West,2005,River,3.32,6.81,8.1,6.27,20.68,7.92,598,None,48.01,225,21,29,66.95,1195,44.74,18.28,41.34,818,20.49,141,275,High
Pakistan,North,2013,Well,0.68,6.46,0.15,8.97,10.8,3.07,13,Chlorination,65.39,32,1,1,63.05,1512,45.34,42.86,62.85,534,22.92,240,34,Low
Ethiopia,West,2024,Spring,0.68,7.63,0.15,8.77,12.08,1.73,13,Chlorination,58.96,17,0,2,61.58,1483,50.74,23.9,42.98,871,16.46,108,19,Low
Ethiopia,North,2010,Pond,2.92,6.85,4.4,7.59,22.24,9.96,504,Filtration,51.57,151,5,28,62.79,1267,44.56,27.31,39.11,1342,16.36,128,184,High
Mexico,Central,2007,River,1.82,7.58,2.11,8.01,18.36,4.13,358,Boiling,95.69,96,0,6,14.97,9939,77.35,79.44,87.27,623,21.91,54,102,Medium
USA,Central,2007,Lake,1.9,7.27,2.53,7.08,13.12,3.86,338,Boiling,88.09,65,1,0,3.41,58017,91.18,82.17,96.06,712,12.87,45,66,Medium
Mexico,Central,2000,River,1.73,7.08,3.27,6.8,11.42,3.15,267,Boiling,95.62,88,3,11,18.88,10016,72.94,74.01,80.38,726,20.28,59,102,Medium
Ethiopia,East,2020,Pond,4.49,7.18,8.95,5.98,22.43,12.53,1938,None,51.14,276,21,46,66.24,1333,49.66,34.84,38.89,1003,19.44,112,343,High
Nigeria,Central,2006,Lake,2.24,7.06,2.83,7.41,16.75,3.64,207,Chlorination,59.77,123,3,9,78.76,1922,43.7,51.25,50.16,1292,29.38,358,135,High
Bangladesh,West,2005,Pond,3.31,6.94,5.45,7.41,34.41,6.23,722,Filtration,66.22,220,11,14,45.9,2329,54.25,34.53,64.61,2801,22.03,972,245,High
Ethiopia,South,2020,Lake,3.52,6.7,4.08,6.86,22.05,9.41,713,None,55.21,215,9,32,58.04,1296,41.86,26.4,39.87,739,21.57,152,256,High
Mexico,North,2007,Tap,1.05,7.56,0.15,8.34,9.14,1.73,3,Filtration,94.13,20,0,4,11.59,10929,68.94,77.5,99.5,802,20.51,59,24,Low
Nigeria,East,2018,Tap,2.05,6.52,2.46,6.5,18.13,4.4,283,None,65.48,106,7,9,69.6,2236,45.7,51.12,46.6,979,28.43,234,122,Medium
Mexico,Central,2021,Well,0.92,7.05,1.64,7.54,7.51,1.98,5,Boiling,98.74,18,0,1,15.39,11237,66.17,71.18,82.4,830,21.83,48,19,Low
Pakistan,Central,2020,Well,1.25,7.31,0.15,8.59,11.42,5.62,140,Filtration,70.71,59,0,3,65.22,1767,52.2,39.59,76.23,422,22.54,279,62,Medium
China,South,2023,Lake,1.59,6.91,2.03,8.47,14.6,2.62,102,Chlorination,93.09,55,0,4,13.72,12363,71.76,60.12,88.03,965,14.87,149,59,Low
Indonesia,South,2019,River,3.76,7.13,3.4,5.83,31.57,5.14,691,Chlorination,76.45,214,8,14,32.01,5301,71.94,59.19,85.04,3393,25.95,164,236,High
India,East,2007,Spring,3.02,7.21,4.51,6.58,21.18,7.76,472,None,70.56,124,7,9,38.42,2779,63.2,39.24,76.54,977,26.74,418,140,High
Mexico,North,2013,Spring,0.58,6.97,0.38,9.39,6.05,1.3,3,Boiling,99.7,5,0,0,13.65,11911,73.26,85.36,98.82,636,19.74,69,5,Low
India,Central,2017,River,3.41,7.33,4.86,5.82,23.6,10.48,864,None,80.76,160,6,13,40.89,2671,52.2,31.58,70.27,1158,24.15,263,179,High
Brazil,East,2024,River,2.28,7.01,2.56,6.62,16.48,4.23,218,Filtration,97.43,62,0,9,22.48,10075,68.67,89.34,75.14,1312,22.44,31,71,Medium
Mexico,West,2015,Tap,0.87,7.49,0.96,8.61,12.81,0.05,3,Chlorination,85.58,16,0,0,17.75,10239,76.18,78.0,85.44,778,20.03,56,16,Low
China,West,2008,Spring,0.21,7.34,0.88,8.87,14.91,0.68,9,Chlorination,91.24,20,1,2,15.5,11936,72.64,65.73,88.15,1266,13.98,207,23,Low
India,East,2014,Lake,1.46,6.9,3.36,7.64,13.32,5.35,121,Chlorination,83.26,42,3,4,35.39,2840,51.21,42.61,73.22,943,27.41,310,49,Low
Ethiopia,Central,2009,Pond,2.16,6.88,3.22,6.66,19.04,7.2,466,Chlorination,55.31,130,6,20,65.15,1178,49.95,28.66,47.62,895,14.68,129,156,High
Mexico,East,2021,Well,1.04,6.56,0.94,7.25,10.63,0.99,49,Filtration,89.76,35,0,0,16.64,10463,64.06,83.19,90.08,793,20.34,90,35,Low
USA,Central,2015,Pond,1.81,6.92,2.41,9.19,14.06,3.43,328,Chlorination,93.72,51,2,7,14.09,54142,79.53,81.71,99.5,729,12.24,30,60,Medium
Indonesia,South,2003,Tap,1.99,6.79,3.91,7.1,23.84,1.82,382,None,78.94,115,2,14,31.59,4562,63.87,56.16,72.63,3025,27.22,94,131,High
China,East,2019,Spring,0.82,7.12,0.15,9.8,10.63,1.15,3,Chlorination,94.23,12,1,2,11.4,11061,69.06,55.57,82.3,810,11.18,140,15,Low
India,Central,2012,River,3.21,7.6,4.1,6.4,21.19,9.38,574,Filtration,74.34,129,5,16,40.73,2567,64.24,35.38,74.9,1426,26.3,358,150,High
China,East,2021,Spring,0.41,6.32,0.71,9.29,14.39,0.13,11,Boiling,88.31,33,0,3,14.12,12695,68.38,64.47,94.89,1215,18.89,158,36,Low
Nigeria,East,2004,Lake,2.28,6.95,3.45,5.95,19.44,7.85,692,Boiling,53.81,176,18,33,78.44,2031,40.79,53.7,36.58,929,26.57,158,227,High
Indonesia,Central,2021,Tap,0.51,6.69,0.6,7.86,14.47,2.91,3,Chlorination,81.74,18,1,4,27.28,5015,65.33,61.2,74.41,1857,26.45,142,23,Low
Ethiopia,Central,2006,River,2.36,7.24,5.06,7.45,16.25,6.27,690,Boiling,54.86,168,8,18,68.05,1217,38.37,23.5,43.4,1064,18.97,100,194,High
Mexico,North,2022,Pond,2.54,7.55,1.57,6.63,13.66,4.98,562,Filtration,97.53,60,3,7,18.19,11332,74.38,88.33,89.6,690,21.82,58,70,Medium
Mexico,East,2008,Lake,1.38,7.16,2.59,7.17,11.58,3.53,334,Chlorination,90.83,63,2,3,22.78,9555,86.04,76.76,85.86,887,21.91,63,68,Medium
Mexico,West,2007,Pond,2.29,7.33,2.36,6.96,14.09,4.92,298,Filtration,84.35,67,4,7,25.85,8738,68.92,80.12,93.42,759,23.45,45,78,Medium
Indonesia,East,2015,Well,2.97,6.82,5.03,6.59,23.26,4.59,391,Boiling,75.25,112,3,21,27.56,4433,60.46,55.07,65.03,2172,27.76,150,136,High
USA,East,2005,Tap,0.34,6.97,0.32,8.51,8.58,0.05,3,Boiling,93.94,12,1,1,9.37,55713,86.32,85.58,95.41,935,15.27,40,14,Low
Brazil,Central,2015,Lake,0.98,7.35,1.74,8.47,14.82,4.63,109,Chlorination,94.61,51,0,2,20.11,10328,87.99,86.91,81.05,1795,21.03,28,53,Low
Bangladesh,East,2005,Lake,3.32,7.31,5.01,6.41,31.56,7.23,831,Boiling,73.32,87,10,11,40.86,2729,63.34,38.08,70.88,2773,27.49,1129,108,Medium
Pakistan,East,2013,Pond,2.82,6.69,4.69,7.1,20.73,6.24,900,Chlorination,66.67,136,7,25,72.72,1658,50.99,35.09,64.82,471,25.88,452,168,High
India,West,2020,River,1.8,7.16,1.75,7.4,15.24,2.65,177,Chlorination,78.03,51,2,6,36.15,2948,59.37,35.22,77.28,834,24.1,483,59,Low
USA,Central,2000,Well,1.88,7.05,1.94,8.01,17.24,5.02,201,None,96.75,51,2,2,8.37,54267,82.9,85.35,99.5,937,12.52,35,55,Low
Ethiopia,East,2024,Pond,4.12,7.16,8.63,6.27,24.88,10.29,1288,None,58.85,244,16,37,71.89,1181,44.7,25.19,38.69,893,17.41,125,297,High
India,South,2008,Lake,2.93,7.14,5.17,5.55,23.58,6.35,850,None,72.55,183,9,32,40.56,2247,58.13,42.86,75.43,950,29.97,532,224,High
Mexico,North,2024,Tap,0.54,7.19,0.93,8.72,6.52,2.99,3,Filtration,95.14,15,0,0,15.41,9934,69.69,82.0,85.51,551,20.67,63,15,Low
China,West,2023,Lake,2.12,6.66,1.6,8.12,17.84,6.19,181,Boiling,95.59,101,0,7,9.81,13314,76.92,71.48,87.11,942,11.09,208,108,Medium
Ethiopia,East,2012,Spring,1.66,7.25,1.73,7.28,12.15,4.16,57,Boiling,59.92,46,2,1,61.67,1438,47.14,21.59,45.72,669,21.27,126,49,Low
India,South,2018,Tap,2.13,6.67,2.37,6.8,20.83,7.59,193,None,70.19,79,1,6,41.23,2512,59.67,43.74,75.5,1453,24.74,590,86,Medium
Mexico,East,2016,Tap,0.19,6.92,0.4,9.21,8.32,3.61,3,Chlorination,88.02,19,0,0,17.54,10316,79.26,73.57,92.22,825,19.75,58,19,Low
India,East,2010,Lake,2.64,7.22,3.42,6.39,20.08,5.06,416,Chlorination,76.23,116,2,16,38.69,2884,60.99,41.07,71.58,771,25.67,368,134,High
China,Central,2007,River,2.61,6.68,3.51,7.21,15.51,5.52,458,Chlorination,95.97,88,1,9,10.78,10992,76.12,64.47,82.63,592,14.78,183,98,Medium
Mexico,Central,2022,Tap,1.03,7.07,0.15,7.93,10.8,1.59,3,Chlorination,92.81,13,0,1,15.23,10164,75.14,83.81,87.26,964,19.49,100,14,Low
Brazil,Central,2004,Spring,1.22,6.54,0.82,7.09,14.2,4.54,68,Filtration,79.83,45,1,1,15.16,9217,69.5,88.57,77.71,1870,27.21,19,47,Low
USA,South,2009,Pond,2.52,7.31,2.6,8.31,13.71,7.95,467,Boiling,85.61,67,5,4,12.3,46928,93.69,80.91,88.44,741,10.32,45,76,Medium
Nigeria,East,2006,River,4.47,6.81,8.69,5.66,26.38,11.69,940,None,66.28,218,12,28,79.29,2304,42.82,59.17,53.19,1300,27.87,183,258,High
Pakistan,North,2009,River,1.59,7.1,1.94,8.1,14.79,6.13,236,Filtration,69.59,89,2,13,60.27,2047,61.45,39.84,74.89,524,20.41,311,104,Medium
Indonesia,West,2003,River,2.66,7.23,4.47,7.2,25.27,6.78,861,Boiling,75.64,153,7,12,36.42,4820,56.4,58.95,76.5,2493,28.19,169,172,High
Pakistan,Central,2008,Tap,0.7,7.52,0.15,8.81,11.23,3.06,3,Filtration,69.05,18,0,0,63.66,1630,50.44,35.13,67.41,562,25.14,310,18,Low
Ethiopia,Central,2013,River,2.57,6.67,2.24,6.22,15.7,8.58,337,Chlorination,54.25,141,12,14,62.21,1069,37.9,15.0,39.03,1135,16.6,114,167,High
Pakistan,East,2001,Lake,1.73,6.79,3.64,7.67,14.97,8.08,350,Filtration,66.12,97,1,9,69.12,1811,60.61,39.49,67.8,659,20.22,319,107,Medium
Mexico,East,2024,River,1.8,7.18,2.61,5.26,14.73,6.49,191,Filtration,82.55,103,3,0,21.03,9893,60.27,89.21,85.56,873,26.71,67,106,Medium
Brazil,South,2008,Spring,0.45,7.33,0.86,7.7,14.58,0.05,4,Chlorination,88.56,17,0,3,16.45,9326,61.96,85.26,86.56,1870,23.84,34,20,Low
Nigeria,South,2020,Well,1.25,6.98,3.29,6.49,11.4,3.69,162,Chlorination,56.94,118,0,5,71.63,2330,51.86,60.34,52.34,863,32.66,289,123,Medium
USA,Central,2000,Spring,1.28,6.27,1.16,8.06,11.6,3.22,106,None,99.7,48,1,5,11.37,50096,81.86,82.43,99.5,800,12.76,37,54,Low
USA,East,2022,Tap,1.28,7.4,0.15,7.92,10.63,2.47,45,None,99.7,31,0,1,10.83,50231,73.76,78.93,92.33,728,13.31,43,32,Low
China,North,2009,River,1.8,7.32,2.83,8.68,17.43,2.23,233,Boiling,99.7,57,0,5,10.74,13596,75.26,68.47,91.39,1013,14.69,166,62,Medium
Indonesia,West,2009,River,3.33,7.12,6.28,6.02,26.07,11.31,690,None,82.94,137,19,30,34.61,5154,66.41,59.31,73.2,2056,27.36,167,186,High
India,East,2019,Lake,4.01,6.78,8.21,5.87,23.34,7.59,939,None,72.93,169,8,28,42.55,2260,55.19,38.78,71.27,1561,24.89,626,205,High
Brazil,East,2024,Pond,3.67,6.65,5.32,7.04,22.42,8.2,492,Boiling,84.83,158,7,24,18.55,8280,74.11,87.73,77.02,2396,23.9,21,189,High
India,South,2021,River,2.94,7.47,3.1,6.64,20.5,4.42,776,Filtration,71.19,99,5,3,40.14,2957,61.21,40.24,79.28,1256,26.6,538,107,Medium
Nigeria,West,2002,Spring,2.58,6.82,1.47,6.57,15.39,4.17,192,Filtration,56.98,115,5,5,73.46,2151,38.5,59.62,46.83,1233,24.83,275,125,High
Pakistan,Central,2005,Tap,0.63,7.24,0.15,7.6,9.05,2.52,31,Filtration,71.45,27,2,5,64.6,1516,50.14,34.86,65.96,484,22.39,260,34,Low
USA,East,2005,Well,0.66,7.18,0.93,9.22,14.03,1.86,34,Chlorination,94.33,25,1,0,14.24,52757,94.47,80.18,91.31,975,13.82,29,26,Low
Nigeria,Central,2020,River,1.55,7.16,3.43,7.52,16.23,4.52,316,Boiling,63.81,123,4,11,78.51,2602,34.75,60.98,54.1,965,25.89,204,138,High
Pakistan,East,2001,Well,1.91,7.09,2.19,6.1,16.32,6.71,343,Filtration,66.34,91,4,9,68.32,1463,44.81,35.8,58.91,551,22.25,389,104,Medium
USA,Central,2017,River,2.27,6.42,4.39,6.41,19.6,5.17,997,None,94.26,137,0,7,10.59,48353,93.01,82.17,97.83,866,13.74,41,144,High
Pakistan,West,2022,Tap,1.55,7.28,2.46,7.02,15.53,4.59,139,None,76.33,84,4,10,67.67,1845,54.09,41.72,67.14,494,24.02,386,98,Medium
Indonesia,South,2001,Pond,3.56,6.91,7.71,6.1,26.51,6.53,1758,None,77.59,272,14,29,35.0,4014,67.33,48.0,73.55,2118,28.18,149,315,High
Brazil,West,2011,Spring,0.97,6.84,0.15,8.24,13.31,0.8,28,Boiling,88.02,28,1,4,19.65,10016,64.76,92.97,83.57,1747,22.35,24,33,Low
Ethiopia,North,2021,Tap,0.63,7.33,0.62,8.37,8.76,2.46,17,Boiling,53.06,19,0,2,58.82,1267,43.57,27.55,47.5,934,15.74,116,21,Low
Nigeria,South,2004,Well,2.61,7.14,5.36,5.45,18.7,10.22,596,None,54.36,167,12,14,80.3,2259,43.87,60.53,53.63,741,25.88,296,193,High
Nigeria,West,2019,River,2.67,7.25,3.99,6.28,19.49,5.44,518,Chlorination,65.45,116,6,9,75.19,2325,45.51,58.37,48.95,1003,26.38,320,131,High
Bangladesh,North,2006,Well,1.51,6.19,2.28,7.86,19.73,3.14,167,Chlorination,75.57,77,1,11,32.52,2821,61.46,48.21,65.64,2266,27.3,950,89,Medium
Mexico,East,2023,Spring,1.24,7.36,0.73,8.82,10.59,1.92,27,Filtration,97.46,27,0,1,16.5,10919,76.21,83.98,83.89,592,21.0,78,28,Low
Indonesia,East,2015,Tap,1.98,7.09,0.15,7.37,20.54,5.4,86,Filtration,80.67,61,1,7,26.4,4734,63.09,64.91,72.83,2853,24.38,196,69,Medium
Indonesia,Central,2019,Well,1.35,7.45,1.71,7.47,18.06,4.59,75,Filtration,78.91,65,1,5,24.39,5886,63.58,62.21,77.79,2092,23.13,110,71,Medium
India,South,2000,Well,2.41,7.31,2.67,7.48,18.97,5.11,271,Filtration,74.36,72,0,2,39.07,2338,57.15,29.96,70.55,1484,25.12,398,74,Medium
Pakistan,East,2000,Spring,0.65,7.31,1.76,7.82,10.26,6.46,14,Filtration,66.32,45,0,5,68.46,1590,50.3,42.16,66.69,529,24.85,315,50,Low
Mexico,South,2016,River,2.56,6.82,3.4,6.92,9.65,5.25,298,Boiling,90.39,70,2,6,21.17,12768,76.86,80.38,92.41,580,26.85,62,78,Medium
Brazil,East,2000,Well,1.12,6.86,1.15,7.0,11.19,3.57,101,Boiling,87.31,42,0,6,19.75,8968,77.73,88.92,88.09,1498,24.82,22,48,Low
Brazil,Central,2020,Spring,2.14,7.38,2.46,6.75,22.88,6.49,221,Chlorination,82.44,68,4,8,21.06,8578,64.09,88.32,83.96,2621,23.84,26,80,Medium
Indonesia,West,2019,River,2.64,7.19,2.81,6.92,24.78,2.47,327,Chlorination,84.63,79,2,14,29.37,5473,62.71,56.5,82.92,2132,24.04,122,95,Medium
Brazil,Central,2012,Pond,1.95,7.56,3.6,7.29,19.18,2.9,625,Boiling,91.63,100,3,6,24.84,9962,68.72,81.06,87.7,1853,24.37,29,109,Medium
Bangladesh,North,2008,River,2.53,7.54,4.93,6.05,24.48,10.09,616,Chlorination,62.78,196,12,17,43.11,2528,56.81,33.83,58.31,1809,27.14,1312,225,High
Nigeria,East,2014,Pond,3.41,7.11,7.2,4.75,23.03,10.94,3009,None,62.68,238,15,50,81.41,2243,45.31,61.42,56.79,1008,22.49,259,303,High
China,North,2002,Tap,0.35,7.31,0.83,8.08,12.36,3.26,3,Chlorination,93.11,21,0,0,6.25,14280,71.42,66.66,93.94,936,12.78,141,21,Low
Ethiopia,North,2013,Spring,1.93,7.2,2.62,6.72,14.44,3.7,238,None,51.63,118,1,14,69.61,1111,38.05,18.18,46.76,973,17.58,125,133,High
India,South,2022,River,3.3,7.15,5.86,5.82,21.98,8.93,955,None,76.16,198,12,20,42.73,2359,50.58,39.65,68.77,1122,24.94,426,230,High
Pakistan,East,2010,Pond,3.2,7.39,4.87,6.94,21.53,5.01,1655,Filtration,75.89,182,4,16,67.0,1832,55.61,42.49,69.65,450,25.96,389,202,High
Ethiopia,North,2023,Pond,3.04,6.82,3.17,8.23,15.83,9.11,349,Chlorination,57.33,147,3,15,65.17,1393,41.78,25.72,47.7,594,15.05,141,165,High
Pakistan,West,2021,Tap,1.18,6.82,0.46,7.07,11.13,3.87,97,None,79.14,45,1,8,59.81,1720,59.3,42.5,61.34,373,24.45,344,54,Low
USA,North,2011,Lake,0.99,7.53,1.22,8.28,10.54,2.4,44,Chlorination,93.33,23,1,0,13.1,44369,89.71,83.83,92.81,1173,13.93,42,24,Low
Ethiopia,West,2012,Spring,1.27,7.26,0.15,8.7,10.21,3.67,15,Chlorination,48.58,38,0,6,60.42,1123,43.95,20.36,41.31,869,17.98,99,44,Low
China,South,2012,Lake,1.73,6.29,1.16,7.19,17.58,1.34,198,Boiling,94.8,49,3,1,8.24,12779,65.43,69.06,92.26,1187,15.85,140,53,Low
Indonesia,North,2000,River,3.08,6.66,4.83,6.44,25.04,5.72,628,Boiling,77.12,155,3,10,31.43,4681,66.92,62.3,78.84,2031,27.7,211,168,High
Bangladesh,Central,2023,Spring,1.93,7.14,0.22,7.88,17.39,5.09,54,Filtration,78.03,62,1,4,32.46,2800,50.52,34.61,73.31,2163,23.87,1037,67,Medium
Nigeria,South,2009,Tap,1.22,7.08,0.88,7.48,11.6,5.54,3,Chlorination,60.0,38,0,1,78.09,2369,40.19,55.83,39.93,939,24.01,171,39,Low
Nigeria,West,2002,River,2.56,7.28,2.86,6.54,20.46,9.62,293,Boiling,60.14,151,6,19,73.5,2248,51.4,58.59,54.94,1205,26.26,217,176,High
Bangladesh,South,2023,Spring,2.55,7.88,2.12,7.41,26.48,7.6,322,None,76.4,108,7,6,37.68,3088,53.33,49.98,64.84,1750,24.07,1172,121,Medium
Mexico,North,2003,Spring,1.41,7.24,1.33,7.09,12.73,4.34,190,None,91.64,92,0,2,17.44,9830,66.16,83.16,82.92,672,19.57,56,94,Medium
USA,East,2015,Lake,1.57,6.73,1.55,9.28,13.14,3.28,266,Filtration,98.11,56,1,1,9.02,55521,87.21,89.93,93.69,1051,11.77,39,58,Low
Pakistan,East,2007,River,4.11,6.61,7.27,5.71,21.04,11.52,2376,None,66.05,261,23,39,70.31,1574,49.75,40.03,65.26,753,25.59,420,323,High
China,West,2015,Tap,0.34,6.68,0.17,8.85,13.07,0.5,3,Chlorination,91.39,14,0,0,5.63,11606,74.6,61.41,92.89,1055,14.37,125,14,Low
Brazil,West,2016,Tap,2.0,7.2,0.65,8.16,16.88,5.14,130,None,88.14,56,3,2,17.13,10080,58.47,93.53,87.17,1577,22.82,32,61,Medium
Ethiopia,East,2018,River,1.72,7.09,1.62,6.96,15.22,7.0,169,Filtration,49.71,120,1,15,63.73,1210,50.64,17.19,44.42,625,19.75,114,136,High
USA,West,2021,River,1.48,6.95,1.7,8.72,13.41,2.46,178,Filtration,99.7,35,1,2,14.01,55535,84.8,74.61,89.04,864,11.85,33,38,Low
Ethiopia,South,2014,Pond,3.51,7.45,7.55,6.41,19.4,6.04,1582,None,57.43,301,14,31,65.57,1278,40.57,19.93,42.53,762,17.96,186,346,High
China,Central,2015,Well,0.45,6.6,0.71,8.1,9.16,0.05,9,Chlorination,96.6,17,0,1,6.06,12216,72.23,65.21,87.43,735,12.71,120,18,Low
India,Central,2014,Lake,2.0,6.99,2.73,7.42,18.52,1.73,122,Boiling,63.8,87,0,10,42.61,2270,47.37,27.05,68.8,1327,23.99,308,97,Medium
India,South,2024,River,2.03,7.45,2.55,6.65,15.78,6.75,568,Chlorination,76.54,85,4,12,34.86,2697,55.7,32.01,74.2,730,26.4,515,101,Medium
USA,Central,2001,River,2.04,6.34,2.46,8.36,14.52,2.34,313,Chlorination,99.23,59,0,7,10.51,50041,84.44,86.13,98.52,940,14.87,39,66,Medium
Indonesia,North,2010,Well,1.88,7.52,1.52,8.75,17.99,6.43,203,Chlorination,76.17,75,0,4,32.48,4749,71.4,56.11,78.4,2612,22.19,126,79,Medium
China,South,2000,Well,2.63,7.36,2.41,7.22,18.2,6.06,332,None,97.56,60,0,6,11.02,12298,82.77,68.65,92.93,1134,15.58,140,66,Medium
China,West,2014,Spring,0.82,7.7,1.49,9.07,12.24,0.83,6,Boiling,95.11,16,1,1,11.46,13344,74.66,66.89,90.0,1041,9.93,160,18,Low
Bangladesh,South,2018,Tap,1.2,7.52,0.15,8.38,19.21,1.51,3,Chlorination,76.44,30,0,2,36.33,3027,62.25,39.71,71.21,2082,28.6,1700,32,Low
Indonesia,East,2003,Lake,2.33,7.16,3.56,6.49,22.33,4.99,326,Boiling,75.06,108,4,9,37.74,3795,58.12,52.86,72.71,2607,28.55,100,121,Medium
Pakistan,West,2010,Spring,0.63,6.79,2.11,8.88,9.95,4.57,5,Filtration,67.61,27,0,2,65.78,1725,51.55,32.37,68.95,645,21.65,289,29,Low
Pakistan,East,2004,River,3.01,6.9,3.25,6.83,18.7,7.62,574,Boiling,61.9,119,4,11,75.34,1343,48.8,36.45,56.24,373,27.16,397,134,High
Brazil,West,2002,Well,2.17,6.79,1.31,6.98,14.84,7.67,360,None,92.65,69,2,8,15.22,7948,63.79,87.13,78.07,1444,24.17,22,79,Medium
Nigeria,Central,2012,Pond,3.22,7.11,5.58,6.3,24.12,8.32,889,Filtration,63.73,216,10,12,70.26,2259,48.49,56.14,51.06,1572,21.46,248,238,High
India,South,2009,Tap,1.57,7.44,1.46,8.04,14.83,3.96,60,Filtration,75.51,52,2,5,37.38,2406,45.49,34.42,67.44,984,28.23,513,59,Low
Pakistan,North,2010,Spring,0.34,6.79,0.15,7.47,9.1,1.58,4,Chlorination,71.78,22,0,0,63.96,1559,46.18,37.11,65.5,376,24.4,237,22,Low
Indonesia,West,2017,Pond,3.58,6.82,5.47,5.7,32.95,8.16,959,Boiling,76.04,165,6,12,33.14,4424,63.48,57.08,73.31,3600,24.91,222,183,High
China,West,2001,Tap,0.61,6.6,0.95,10.19,11.49,1.58,3,Filtration,96.24,17,0,1,6.91,13805,91.05,69.12,90.55,989,13.85,178,18,Low
Pakistan,East,2006,Pond,2.61,7.67,2.94,5.66,21.64,7.53,364,Filtration,69.71,125,17,28,63.16,1717,55.99,31.06,65.34,538,24.17,381,170,High
China,Central,2008,Well,1.35,6.75,0.58,9.1,17.15,1.13,117,Boiling,90.31,56,0,1,14.94,11852,74.92,66.97,79.8,929,12.05,113,57,Low
Pakistan,East,2009,Spring,1.1,7.23,1.32,8.33,7.8,1.71,47,Boiling,72.33,26,1,0,67.78,1589,46.85,39.51,63.12,363,25.57,241,27,Low
India,East,2017,Spring,1.26,6.94,0.15,7.67,14.27,0.05,25,Filtration,81.75,50,0,2,38.62,2970,56.38,38.84,78.06,1214,28.49,344,52,Low
Ethiopia,Central,2022,Tap,0.79,7.36,0.15,8.82,10.88,5.35,3,Filtration,57.75,26,0,3,56.32,1493,52.52,37.79,38.81,796,15.66,204,29,Low
Pakistan,North,2006,Pond,2.11,6.6,4.59,6.95,16.52,6.82,464,Boiling,66.87,123,4,10,73.55,1589,44.52,42.1,67.96,618,19.13,474,137,High
Indonesia,East,2006,Well,3.19,7.3,4.67,7.02,27.99,5.79,851,None,86.52,116,3,10,27.4,4521,59.99,61.61,82.59,2612,27.51,145,129,High
Pakistan,East,2002,River,2.28,7.31,3.87,5.47,13.49,8.71,359,Boiling,71.54,155,3,16,70.53,1672,52.47,37.66,65.26,413,27.94,301,174,High
Nigeria,West,2011,Spring,2.23,7.71,4.33,6.46,17.18,6.85,387,None,62.49,144,4,16,77.48,2220,49.47,52.81,45.9,853,25.01,213,164,High
India,Central,2006,River,2.22,7.34,3.25,5.12,20.16,4.89,490,Filtration,76.0,102,3,6,42.14,2908,57.28,40.27,77.14,1171,24.64,636,111,Medium
Indonesia,South,2016,Well,2.06,7.03,1.8,6.96,25.31,4.12,163,Chlorination,84.43,75,5,5,28.78,5004,60.69,57.98,80.72,2638,26.38,110,85,Medium
Bangladesh,North,2000,Spring,1.49,7.29,1.12,7.38,20.67,1.38,114,Boiling,67.17,60,1,6,37.12,2955,61.53,40.35,71.48,2332,23.96,1631,67,Medium
Indonesia,North,2004,Spring,1.49,6.85,1.42,8.61,19.69,3.78,85,Filtration,73.72,64,2,4,39.9,3923,60.68,49.54,76.06,2848,22.5,179,70,Medium
Nigeria,Central,2015,Pond,3.21,6.67,4.24,5.87,22.97,9.25,519,Filtration,57.01,152,10,10,77.72,2025,44.12,53.65,45.38,1312,27.86,285,172,High
Ethiopia,West,2014,River,2.75,7.67,2.82,8.06,17.87,7.78,510,Chlorination,59.59,170,9,17,61.74,1495,46.9,25.87,46.19,1228,16.62,177,196,High
India,West,2001,Pond,3.2,6.78,6.36,4.85,22.99,6.81,1341,Boiling,81.82,175,12,31,37.65,2586,54.19,42.37,68.71,884,28.7,512,218,High
Bangladesh,Central,2008,Lake,2.04,7.32,2.62,6.02,30.21,5.09,480,Filtration,69.83,143,11,17,38.77,2599,59.38,41.35,62.32,2620,27.33,1417,171,High
Nigeria,West,2006,River,3.64,7.22,7.33,5.32,20.58,7.26,1708,None,60.98,222,11,28,76.87,2003,43.23,58.53,46.15,833,21.08,198,261,High
Nigeria,North,2003,River,2.26,6.84,4.62,6.4,20.54,7.05,425,Chlorination,61.37,173,4,29,78.06,2010,47.93,56.57,53.12,1019,29.31,391,206,High
USA,North,2019,Lake,2.11,7.64,4.73,7.3,15.1,5.8,478,None,92.45,97,6,9,13.61,56014,89.18,82.95,88.84,1017,12.44,45,112,Medium
India,South,2017,Well,1.7,7.7,1.63,7.02,15.38,3.7,363,Boiling,78.62,84,1,9,34.38,2738,54.49,42.8,81.72,1561,24.28,641,94,Medium
Indonesia,Central,2020,Well,3.43,7.17,6.94,5.03,29.79,8.95,1159,None,76.67,235,4,14,33.61,4592,64.36,52.73,73.64,2142,27.93,134,253,High
China,East,2003,Spring,0.22,7.33,0.58,9.4,10.79,2.04,3,Chlorination,91.94,21,0,1,5.26,11614,75.27,65.08,84.84,1162,17.16,168,22,Low
Ethiopia,East,2012,Tap,1.04,6.62,0.87,8.33,11.85,1.47,6,Filtration,56.39,22,1,3,59.49,1286,43.77,20.37,45.01,924,18.11,140,26,Low
China,South,2000,Pond,2.47,6.77,4.1,7.34,22.19,4.45,598,Chlorination,89.91,118,1,5,13.87,10135,75.66,61.07,84.68,1910,14.2,152,124,Medium
Indonesia,South,2023,Tap,0.81,7.39,0.15,7.81,18.24,2.32,3,Filtration,80.11,27,1,0,22.33,4883,61.63,52.29,79.81,2092,25.02,192,28,Low
Indonesia,West,2002,Spring,1.43,7.22,1.03,7.12,21.22,2.13,174,Filtration,71.88,59,4,6,31.24,4655,65.64,54.97,75.67,2222,27.24,192,69,Medium
India,South,2015,Tap,2.48,6.83,1.44,7.23,17.88,5.37,232,None,71.56,101,2,6,38.42,2767,61.27,41.16,70.28,954,25.98,440,109,Medium
Indonesia,South,2021,River,2.72,6.43,4.21,7.3,21.97,1.7,308,Chlorination,81.17,106,3,8,23.42,6179,69.51,59.48,78.56,2114,27.2,147,117,Medium
USA,East,2003,River,1.54,7.15,2.11,7.38,10.35,2.12,150,Chlorination,92.8,40,1,2,8.75,50239,97.06,82.87,92.98,844,14.59,43,43,Low
Bangladesh,West,2024,Lake,3.27,7.06,6.56,5.12,25.9,7.57,768,Filtration,78.35,162,10,17,37.37,3112,59.7,37.59,72.97,2812,28.32,1700,189,High
Indonesia,South,2022,Lake,2.25,7.08,2.95,7.13,18.18,5.07,426,Chlorination,84.9,75,4,9,24.06,5310,63.87,52.02,79.19,1884,26.23,155,88,Medium
China,South,2024,Spring,1.38,7.2,1.68,8.81,12.94,2.91,31,Boiling,91.44,25,1,1,9.37,11511,81.85,62.55,81.51,966,13.16,184,27,Low
Indonesia,West,2015,Spring,2.37,7.61,2.14,6.23,18.76,3.87,131,Boiling,74.1,66,2,8,25.7,4530,68.54,55.55,87.51,2610,24.08,147,76,Medium
USA,Central,2018,Spring,1.57,6.08,1.43,7.51,15.97,1.23,100,None,95.13,45,0,0,7.23,50717,90.95,79.26,99.5,734,13.69,45,45,Low
Pakistan,West,2000,River,4.13,7.15,7.53,6.02,25.46,7.27,1572,None,61.26,251,11,38,73.6,1645,61.77,36.52,68.33,429,22.95,352,300,High
Pakistan,East,2004,Tap,0.49,7.47,0.77,8.18,9.36,1.04,3,Chlorination,69.08,12,0,3,65.92,1522,39.09,34.9,66.2,422,21.81,230,15,Low
Nigeria,Central,2018,Pond,3.55,7.07,7.85,5.28,25.34,8.55,1160,None,71.74,263,11,34,72.62,2394,52.41,60.99,54.24,1393,29.22,260,308,High
Ethiopia,North,2021,Spring,1.27,7.07,1.83,9.5,14.48,2.4,43,Chlorination,52.35,65,0,4,63.54,1169,34.07,28.64,38.68,979,17.34,144,69,Medium
Brazil,West,2023,Spring,3.06,6.69,4.38,6.53,19.43,4.74,352,None,96.53,76,3,13,19.8,8459,64.43,81.73,89.0,2163,23.44,18,92,Medium
Bangladesh,East,2010,River,2.99,6.41,3.63,7.14,26.35,7.13,942,Boiling,79.65,156,7,8,37.27,2948,56.39,48.33,75.22,2721,23.89,1517,171,High
Mexico,Central,2012,Pond,1.82,7.35,2.68,7.27,16.1,4.61,251,Filtration,97.44,81,2,4,14.46,11644,82.99,85.12,91.2,832,19.97,64,87,Medium
Nigeria,West,2019,River,2.36,6.99,5.01,6.07,17.17,6.61,333,Filtration,57.62,121,7,13,75.81,2261,40.78,51.71,55.11,961,29.58,356,141,High
Ethiopia,South,2004,Pond,2.91,7.3,5.48,6.97,18.55,6.8,756,Boiling,49.66,231,8,18,65.41,1117,45.58,20.39,37.01,856,22.93,186,257,High
Pakistan,West,2020,River,2.14,7.3,4.07,7.14,16.78,5.05,704,Filtration,68.56,172,6,13,68.86,1759,52.89,43.2,65.33,477,18.23,300,191,High
China,North,2003,Tap,0.51,7.25,1.06,9.06,11.56,2.58,3,Chlorination,90.06,20,0,1,8.64,12540,82.7,71.2,86.39,699,13.6,206,21,Low
Mexico,West,2003,Spring,0.82,6.94,1.4,8.42,6.17,0.05,32,Chlorination,99.3,14,0,0,10.81,11078,70.75,80.65,91.73,654,19.75,69,14,Low
Ethiopia,Central,2003,Well,1.86,7.24,1.96,7.29,11.14,5.38,177,Boiling,49.08,69,3,4,61.78,1131,45.12,19.12,42.51,767,20.33,95,76,Medium
Ethiopia,Central,2003,Well,1.29,6.37,1.56,8.58,11.99,7.08,133,Boiling,57.24,83,4,6,60.58,1119,38.85,24.86,31.98,789,18.43,91,93,Medium
Nigeria,West,2019,Spring,2.07,7.19,0.51,7.33,16.24,6.13,175,Boiling,67.38,112,1,6,74.99,2646,43.44,56.1,59.07,1282,25.64,198,119,Medium
Mexico,Central,2020,Spring,0.38,7.07,0.64,7.68,8.38,0.05,33,Boiling,93.24,27,0,3,15.98,10189,65.14,85.35,85.58,986,22.13,77,30,Low
India,South,2017,Spring,2.8,6.82,1.83,7.4,20.44,5.74,192,Filtration,63.5,93,1,5,38.03,2603,58.95,38.09,70.57,1176,26.63,415,99,Medium
Brazil,West,2017,Spring,0.52,7.07,1.73,6.4,9.63,2.69,10,Filtration,92.63,19,0,0,21.39,10626,81.82,87.04,90.69,2013,24.43,28,19,Low
India,South,2015,Pond,2.3,7.28,3.75,6.51,21.57,7.3,407,Filtration,83.93,125,5,12,32.92,3159,55.02,43.76,68.91,1162,24.27,434,142,High
Mexico,South,2008,Tap,0.25,7.09,0.15,8.77,7.72,0.47,3,Chlorination,99.0,4,0,0,13.07,9564,69.03,83.62,89.55,690,22.56,45,4,Low
India,East,2017,Well,2.64,6.98,4.02,6.62,23.45,5.32,713,None,74.51,155,3,12,40.41,2769,66.87,36.65,82.94,1554,28.55,334,170,High
USA,West,2021,Lake,0.43,6.24,1.67,8.28,12.68,0.05,7,Chlorination,99.7,22,2,3,6.35,58506,94.49,78.09,96.89,717,16.49,57,27,Low
Pakistan,Central,2001,Well,2.96,7.0,5.93,6.75,17.48,7.42,537,None,68.4,165,5,7,68.16,1819,51.46,43.01,71.49,521,25.25,326,177,High
USA,South,2020,Well,1.39,6.66,0.87,9.26,10.47,3.7,61,Boiling,90.32,37,2,1,8.01,51643,87.5,87.71,92.87,938,14.7,47,40,Low
Indonesia,East,2003,River,3.38,6.78,4.26,6.21,26.62,9.37,398,Boiling,78.35,103,4,12,25.22,5253,60.38,62.01,72.7,2610,26.83,158,119,Medium
India,West,2011,Spring,1.27,7.54,0.87,7.11,16.14,1.47,50,Filtration,74.92,45,4,4,42.19,2451,54.41,37.84,62.65,954,24.99,400,53,Low
Indonesia,West,2006,Spring,1.18,7.52,0.15,7.15,17.75,1.43,67,Filtration,83.65,48,0,3,24.23,4164,67.35,56.91,76.65,3003,27.47,121,51,Low
China,North,2014,Spring,2.0,6.48,2.96,7.42,13.58,3.41,211,None,97.1,64,4,9,12.37,13804,79.88,63.58,83.61,1075,17.84,100,77,Medium
Bangladesh,North,2006,River,3.67,6.07,7.3,5.5,30.86,10.72,1290,None,73.54,220,6,22,40.29,2551,60.22,37.56,69.42,1996,26.14,862,248,High
China,South,2021,Tap,0.55,6.94,0.67,9.52,9.4,1.6,3,Filtration,91.31,13,0,1,10.25,11438,75.1,58.24,92.04,1009,9.51,225,14,Low
Mexico,North,2020,Tap,0.25,7.3,0.15,8.34,10.25,3.29,4,Boiling,89.26,15,0,0,16.42,9711,65.09,82.2,85.76,795,20.62,63,15,Low
Ethiopia,South,2016,Lake,2.58,7.13,3.32,6.65,12.03,7.27,654,Filtration,45.83,153,3,22,55.87,1187,41.31,27.11,46.65,806,21.21,98,178,High
Pakistan,Central,2015,Tap,0.55,7.22,0.15,9.0,8.11,3.71,3,Boiling,67.9,18,0,2,64.32,1681,50.94,39.65,67.27,472,24.66,233,20,Low
India,South,2018,Tap,0.65,7.18,1.25,6.87,10.83,3.06,24,Boiling,76.13,28,0,2,33.69,2852,65.66,34.62,75.7,1290,29.08,726,30,Low
Nigeria,North,2008,Spring,2.11,6.79,2.28,6.68,17.63,3.66,305,Chlorination,65.01,106,2,11,81.82,2293,45.8,58.25,44.75,1629,25.76,280,119,Medium
Bangladesh,Central,2013,Pond,3.29,7.08,4.15,6.67,28.73,8.11,602,Chlorination,80.7,137,5,19,37.06,3276,53.7,40.91,78.41,2685,24.28,1514,161,High
Brazil,North,2016,Well,2.57,7.06,2.19,7.68,15.87,7.91,298,None,87.18,80,2,5,18.98,8140,63.55,83.79,82.03,1518,23.37,27,87,Medium
Brazil,South,2004,Tap,0.38,6.57,0.15,7.98,10.48,3.93,3,Boiling,85.94,21,1,2,17.0,8172,66.61,85.97,74.85,1573,25.26,21,24,Low
Brazil,East,2001,Tap,0.77,6.46,0.68,9.3,10.73,2.06,3,Filtration,88.88,15,0,1,19.42,8714,67.56,88.58,80.39,2273,21.35,30,16,Low
India,West,2019,River,2.66,7.76,4.39,5.95,23.21,8.58,900,Boiling,79.48,99,13,16,35.36,2649,48.54,38.16,68.55,1508,24.29,520,128,High
Brazil,North,2015,Lake,2.83,7.07,6.08,6.3,18.46,7.2,915,None,87.73,188,3,19,26.38,9037,64.44,84.68,78.97,1936,25.85,26,210,High
USA,South,2013,Pond,2.06,7.1,2.15,7.89,15.82,4.75,215,Boiling,99.63,94,0,5,11.16,55002,90.6,77.41,92.76,1395,12.86,38,99,Medium
Bangladesh,Central,2013,River,2.92,6.8,3.88,7.25,26.22,6.58,355,Boiling,68.65,118,6,20,42.04,2708,61.74,36.84,70.65,1996,22.35,960,144,High
USA,North,2000,Spring,1.94,6.76,1.42,8.3,12.38,3.94,150,None,95.55,46,2,5,11.51,54324,85.04,78.23,91.66,957,9.97,31,53,Low
Ethiopia,North,2002,Well,1.33,6.79,1.47,8.13,7.83,6.99,112,Boiling,42.75,88,3,12,62.46,971,38.5,20.0,42.35,860,18.88,99,103,Medium
Bangladesh,West,2006,Lake,2.41,6.66,2.65,6.29,27.25,4.51,270,Chlorination,67.45,87,4,15,45.94,2733,58.17,37.23,70.03,2156,30.47,1491,106,Medium
USA,South,2014,River,3.22,7.39,5.16,6.93,14.53,7.34,837,None,90.26,110,5,9,12.99,52702,87.62,86.12,99.5,1004,14.55,33,124,Medium
Bangladesh,East,2018,Tap,1.73,6.7,0.15,8.65,22.88,0.66,5,Chlorination,71.0,38,0,2,39.72,3098,57.42,42.75,80.23,2914,26.37,974,40,Low
Ethiopia,Central,2019,Tap,1.09,7.32,0.95,7.94,14.45,4.31,139,None,53.89,76,2,7,59.15,1108,39.28,32.68,41.93,895,19.46,125,85,Medium
Indonesia,South,2001,Lake,2.79,6.96,3.16,6.03,26.03,8.71,751,Boiling,73.84,126,5,17,28.14,4297,64.54,59.16,73.47,2340,23.31,122,148,High
India,Central,2018,Tap,1.23,7.06,1.23,7.59,15.19,5.55,14,Chlorination,81.28,58,1,1,32.51,2709,63.54,32.13,72.94,984,28.45,569,60,Medium
India,North,2008,River,2.76,7.63,4.62,6.99,20.23,6.88,450,Chlorination,70.03,144,4,9,43.13,2402,56.21,43.77,74.72,996,24.91,393,157,High
Brazil,West,2018,River,1.62,7.47,1.12,7.75,16.39,3.91,149,Filtration,94.1,66,4,5,20.65,8918,71.87,86.5,78.71,1584,22.65,20,75,Medium
China,West,2004,Tap,0.43,7.08,0.95,8.97,3.46,1.34,3,Chlorination,98.74,11,0,0,13.3,12730,66.63,68.01,93.08,841,12.93,125,11,Low
Brazil,East,2017,Tap,0.73,6.88,0.15,7.24,11.72,2.31,3,Chlorination,92.11,19,0,1,20.13,9078,71.36,86.63,76.79,1685,22.56,28,20,Low
Mexico,West,2015,Spring,1.32,7.01,0.69,7.62,9.68,5.66,116,Boiling,87.58,54,4,4,13.56,9146,71.29,77.94,83.76,687,22.63,85,62,Medium
USA,North,2003,Well,0.48,6.63,0.48,9.3,9.16,0.2,45,Chlorination,98.32,41,1,0,6.11,58846,86.53,86.52,97.01,763,12.34,27,42,Low
Bangladesh,East,2011,Lake,2.75,6.64,3.64,6.07,24.26,3.62,503,Chlorination,77.98,130,5,18,30.08,3383,72.78,38.69,77.16,2444,27.96,1289,153,High
China,South,2006,River,1.29,6.98,0.99,8.94,12.41,2.9,43,Chlorination,92.83,32,1,2,9.2,12393,75.38,62.25,93.75,922,13.11,143,35,Low
Ethiopia,West,2013,Lake,2.46,7.05,3.76,8.31,14.21,6.75,271,Boiling,47.35,181,3,14,67.86,1190,50.97,20.44,40.32,717,18.97,161,198,High
Mexico,East,2022,Spring,1.76,7.03,1.76,7.33,14.68,5.44,392,None,96.65,73,2,12,15.63,10054,70.8,89.06,82.19,867,20.71,45,87,Medium
Ethiopia,North,2011,River,2.71,6.99,4.73,7.1,19.13,6.71,1056,Boiling,49.47,243,7,30,63.58,958,42.79,20.15,31.74,1199,19.22,115,280,High
India,Central,2002,Spring,1.01,6.88,1.48,8.5,14.49,0.46,54,Chlorination,82.2,39,1,2,34.18,2872,56.24,38.28,84.22,1336,25.4,494,42,Low
India,Central,2004,Spring,2.58,6.78,4.19,6.49,19.69,3.88,297,None,77.43,123,3,6,38.1,2410,64.7,41.87,72.72,949,26.01,560,132,High
Brazil,North,2016,Pond,2.79,6.85,4.99,5.99,21.82,4.67,549,Boiling,99.7,131,3,16,23.49,9695,70.91,90.15,80.59,1762,26.94,27,150,High
USA,North,2009,Tap,1.12,7.89,0.15,9.71,6.94,0.74,4,Boiling,95.84,10,0,0,9.6,48535,86.95,81.33,89.33,885,17.16,40,10,Low
China,Central,2009,Pond,3.27,7.64,6.25,6.22,22.39,6.66,895,None,93.0,154,1,6,18.89,11584,68.4,63.64,86.07,1190,11.97,125,161,High
Pakistan,East,2010,Lake,1.86,7.05,2.55,7.28,16.0,4.75,175,Filtration,66.72,71,1,4,67.43,1730,60.65,42.47,60.98,541,21.22,184,76,Medium
Mexico,Central,2016,Lake,1.58,7.08,1.76,7.5,12.02,3.97,61,Chlorination,87.97,52,1,3,18.47,9483,74.69,79.95,86.74,620,23.91,35,56,Low
Mexico,North,2004,Tap,0.64,6.75,0.15,7.98,10.22,0.05,3,Filtration,92.7,6,0,0,17.39,10404,75.69,79.16,89.49,802,19.05,58,6,Low
Brazil,West,2012,Pond,1.91,7.06,4.41,7.39,19.17,3.66,403,Chlorination,91.0,98,1,14,18.82,9499,80.24,86.71,95.38,1966,28.4,25,113,Medium
India,South,2009,Lake,2.17,7.13,0.15,6.89,16.58,2.45,136,Chlorination,77.42,40,0,2,39.14,2693,59.15,42.41,78.86,992,26.67,657,42,Low
Brazil,West,2008,Pond,2.8,6.99,4.11,7.32,15.35,10.88,685,Filtration,91.12,151,6,11,21.53,8260,68.19,91.26,74.92,1948,23.63,12,168,High
Bangladesh,West,2016,Tap,1.21,7.02,0.52,9.09,20.82,4.56,40,Filtration,69.63,56,2,3,37.04,3272,60.32,45.09,70.07,2123,24.25,1335,61,Medium
China,North,2000,River,1.1,7.08,0.21,8.27,16.17,4.16,134,Chlorination,83.73,67,1,6,7.79,11062,74.57,61.26,88.58,1199,13.55,130,74,Medium
USA,Central,2003,Spring,0.99,7.15,1.34,8.29,10.64,1.33,26,None,97.81,25,1,1,12.28,52807,91.37,78.16,97.32,815,11.83,32,27,Low
Indonesia,East,2003,Spring,3.21,7.01,2.55,6.32,23.77,4.65,572,None,76.88,106,7,13,29.27,4226,59.0,53.83,75.64,2101,27.6,144,126,High
Nigeria,West,2017,Pond,3.38,6.67,3.63,5.4,22.13,7.43,750,Filtration,62.65,175,8,22,74.32,2066,47.92,61.41,55.7,1321,30.15,190,205,High
Nigeria,Central,2008,Lake,1.53,6.42,1.93,7.8,18.17,5.27,235,Filtration,62.17,142,5,14,80.46,2205,38.7,56.53,46.92,1083,24.14,192,161,High
Brazil,East,2024,Pond,2.4,6.83,4.51,6.56,17.9,5.81,705,Boiling,92.86,83,2,12,20.05,9892,63.94,86.72,80.6,1807,21.87,30,97,Medium
Bangladesh,West,2017,Pond,4.25,6.45,9.63,5.8,29.62,10.2,1138,None,71.29,249,19,33,38.1,2811,56.09,33.39,66.86,1865,25.8,1216,301,High
China,East,2013,Well,1.83,6.95,3.48,6.81,17.13,5.64,271,None,94.51,65,3,13,8.82,10869,73.88,66.79,95.21,1157,11.5,118,81,Medium
Pakistan,Central,2024,Spring,1.23,7.02,0.65,7.65,10.04,2.63,56,Chlorination,70.07,36,1,4,67.72,1649,51.13,33.09,60.3,543,28.02,448,41,Low
Nigeria,South,2014,Tap,1.36,6.97,1.63,6.88,9.49,6.76,96,Boiling,65.26,82,0,4,74.75,2134,45.05,58.3,43.02,1125,28.84,241,86,Medium
China,Central,2005,Pond,2.37,6.71,3.33,6.78,14.62,5.06,509,Chlorination,91.79,97,3,11,20.73,12053,63.65,60.67,76.78,843,11.5,177,111,Medium
USA,North,2023,Well,0.59,7.33,0.59,8.15,6.08,3.7,81,Boiling,91.89,45,0,3,8.61,53787,86.22,86.39,98.08,663,12.35,35,48,Low
Ethiopia,East,2009,Well,2.89,6.86,5.1,6.92,17.76,10.95,665,None,48.0,119,9,31,64.78,1108,38.83,17.88,39.48,812,15.6,145,159,High
Bangladesh,South,2014,Spring,1.67,6.97,0.45,7.95,23.8,2.54,114,Chlorination,70.83,52,1,8,42.88,3053,59.21,41.53,79.03,1658,31.29,1336,61,Medium
India,East,2003,Spring,1.06,7.48,2.1,7.44,13.25,3.86,74,Boiling,80.57,40,0,3,41.86,2736,54.12,44.61,83.74,1163,25.84,462,43,Low
China,East,2017,Spring,0.9,7.37,0.6,8.61,7.89,1.4,8,Chlorination,91.65,22,1,2,10.94,11534,79.79,63.38,86.55,1046,12.31,128,25,Low
USA,West,2017,Tap,0.59,6.76,0.21,8.15,10.84,0.8,3,Boiling,99.7,13,0,0,7.06,51685,91.07,88.42,90.95,984,15.85,47,13,Low
Pakistan,North,2024,Well,0.85,7.75,2.66,7.26,11.0,3.14,95,Filtration,75.75,48,0,6,68.06,1816,50.6,32.85,68.66,613,24.06,205,54,Low
Indonesia,East,2016,Lake,2.22,7.02,2.46,6.67,18.8,6.91,251,Chlorination,72.71,125,1,6,32.91,5057,65.9,61.07,80.84,2134,29.38,128,132,High
India,Central,2011,Tap,1.55,7.28,0.15,7.5,16.52,0.8,20,Filtration,81.31,34,0,3,39.23,2394,53.06,33.54,66.75,1565,25.63,648,37,Low
Indonesia,Central,2006,River,2.92,6.71,3.76,6.8,20.25,6.04,458,Boiling,85.3,139,6,11,33.05,4927,54.19,55.81,77.56,2060,20.99,185,156,High
Pakistan,West,2015,Pond,2.37,6.45,4.12,7.41,15.95,6.11,873,Chlorination,65.17,146,3,18,74.79,1698,46.16,34.44,64.77,593,19.46,197,167,High
USA,North,2010,Spring,0.99,7.22,0.45,9.11,7.39,1.91,4,Boiling,90.53,18,0,0,10.22,53706,85.57,88.32,97.79,1136,11.26,44,18,Low
Nigeria,North,2013,Well,1.98,6.64,2.64,6.98,19.19,6.96,223,Boiling,63.44,119,1,6,77.51,2327,37.63,57.75,42.1,1049,26.21,234,126,High
Indonesia,Central,2002,Pond,2.67,6.89,7.56,5.3,25.93,6.2,1264,Filtration,78.59,228,9,42,28.9,4558,62.73,56.36,71.95,2522,24.46,131,279,High
India,South,2018,Tap,0.62,7.65,0.45,7.83,14.56,0.29,3,Chlorination,72.48,20,0,0,33.18,2748,57.25,38.86,78.54,1007,23.33,504,20,Low
Brazil,West,2017,River,2.24,6.82,5.49,6.72,17.45,5.63,871,None,87.56,127,4,18,17.33,10342,67.47,87.33,83.92,1618,24.33,33,149,High
Mexico,West,2009,Tap,0.8,6.89,0.15,9.1,8.09,3.5,8,Boiling,88.5,30,1,2,14.02,10139,64.16,83.76,86.01,724,22.05,70,33,Low
China,Central,2005,Tap,1.06,7.43,1.77,8.6,10.71,1.22,17,Filtration,94.91,25,0,1,13.15,11634,73.55,67.82,93.37,851,15.67,155,26,Low
Nigeria,Central,2012,Lake,4.23,6.91,7.43,6.45,26.11,9.26,1088,None,61.5,255,5,23,81.57,2073,41.76,58.96,46.12,1185,28.12,184,283,High
Indonesia,South,2009,Pond,3.13,6.76,5.87,6.34,23.36,7.56,1145,Filtration,79.17,205,7,16,34.52,4704,57.12,57.86,84.89,2191,26.46,192,228,High
Ethiopia,South,2017,Lake,1.68,6.63,3.17,6.35,11.97,6.43,269,Filtration,54.11,95,7,6,61.9,1300,50.75,28.45,49.02,642,20.31,88,108,Medium
China,North,2019,Tap,0.7,7.49,0.15,8.94,9.84,0.93,3,Filtration,96.01,13,0,0,10.68,13712,79.81,69.83,88.92,684,17.49,179,13,Low
Brazil,West,2015,River,3.32,6.57,3.98,7.64,19.44,5.84,731,Boiling,93.93,116,3,8,28.57,8681,67.49,94.83,81.19,1910,21.96,29,127,High
Pakistan,West,2024,Well,2.37,7.08,3.48,6.31,19.32,7.04,417,None,68.85,98,6,15,67.81,1767,54.14,34.53,66.61,530,24.88,251,119,Medium
Mexico,Central,2024,Well,0.77,7.19,0.15,8.09,8.23,4.31,36,Boiling,91.62,17,0,5,16.3,11547,71.95,85.12,86.86,596,21.1,81,22,Low
USA,North,2005,Pond,2.41,6.8,4.32,8.11,16.18,4.75,327,Boiling,92.73,92,1,8,10.89,48467,88.72,85.62,89.09,960,13.48,27,101,Medium
Brazil,West,2012,Spring,1.14,6.92,0.66,7.63,12.47,1.35,71,Chlorination,87.38,52,0,1,18.05,9961,71.75,82.6,94.48,2276,24.48,41,53,Low
Brazil,North,2003,Spring,1.9,7.32,2.62,7.55,16.4,2.98,311,None,92.56,86,1,6,23.38,7998,73.99,85.55,82.38,1618,23.06,25,93,Medium
Pakistan,North,2022,Well,1.66,7.05,1.81,8.1,14.59,7.29,189,Chlorination,73.19,96,2,6,68.85,1638,53.46,40.03,70.24,593,28.63,311,104,Medium
Bangladesh,Central,2013,Tap,1.15,7.06,0.15,7.36,16.65,4.57,26,Filtration,73.01,51,1,1,41.5,2409,62.87,44.18,68.92,2124,29.94,1569,53,Low
Pakistan,North,2000,Tap,1.66,6.42,1.01,6.92,13.4,3.61,60,None,67.48,38,1,8,65.29,1637,49.25,43.95,65.83,584,25.59,269,47,Low
Bangladesh,South,2019,Lake,3.18,7.1,6.65,5.71,28.23,7.9,763,None,70.24,172,17,27,43.42,2508,56.16,34.83,59.11,1740,29.05,866,216,High
Bangladesh,South,2004,Pond,3.43,7.68,3.98,6.67,22.89,4.78,819,Boiling,73.12,121,7,12,40.17,3163,59.44,47.96,67.57,1768,25.2,1135,140,High
Nigeria,East,2007,Lake,1.85,7.41,2.38,6.38,13.22,5.94,286,Filtration,60.96,97,1,6,75.45,2492,46.37,61.69,47.89,979,25.97,213,104,Medium
Nigeria,Central,2011,Spring,1.07,6.73,0.33,8.01,13.93,1.91,8,Boiling,60.86,26,0,2,72.62,2372,57.5,53.39,39.1,1532,21.56,204,28,Low
India,East,2001,Well,1.86,6.41,0.32,8.01,15.4,6.02,120,Chlorination,78.65,57,0,7,39.55,2198,58.71,31.64,67.48,1266,22.72,477,64,Medium
Indonesia,South,2011,Tap,1.1,7.84,1.15,7.94,15.71,0.05,4,Filtration,74.83,22,0,1,37.52,4398,62.5,58.91,81.62,2440,23.79,137,23,Low
Indonesia,East,2004,Well,1.72,6.82,2.58,8.0,25.55,3.75,292,Boiling,78.68,91,3,9,29.58,4376,66.25,52.85,79.9,3109,25.36,152,103,Medium
USA,Central,2021,River,2.29,6.83,3.53,7.96,10.8,4.35,255,Boiling,99.7,52,1,4,9.84,57353,97.74,81.72,95.88,770,12.59,46,57,Low
Indonesia,Central,2004,Well,1.69,6.32,0.72,6.4,22.04,3.23,97,Boiling,78.13,49,1,5,28.61,4572,65.22,54.44,77.43,2322,25.99,253,55,Low
Nigeria,North,2012,River,1.89,6.64,2.62,7.16,18.55,8.76,240,Filtration,56.63,97,7,8,72.27,2141,45.55,54.04,48.0,1012,26.57,195,112,Medium
India,West,2008,Lake,1.87,6.94,1.84,6.21,10.59,6.35,100,Chlorination,73.22,60,1,11,39.4,2756,57.84,37.7,72.44,974,29.66,448,72,Medium
India,North,2009,Lake,2.95,7.25,5.64,7.28,23.11,6.72,1189,None,69.92,226,7,19,39.42,2378,63.63,40.34,69.33,1214,23.14,344,252,High
Bangladesh,Central,2000,Spring,2.02,6.77,3.26,6.31,22.77,5.35,212,Boiling,66.08,109,0,16,36.8,2917,56.85,38.96,67.89,2218,29.62,1224,125,High
Pakistan,South,2002,Well,0.88,7.21,1.18,8.1,7.6,4.01,40,Filtration,56.54,54,0,9,64.86,1362,55.24,32.93,65.47,548,20.44,280,63,Medium
USA,South,2017,Well,2.08,6.97,3.78,7.94,11.34,5.29,325,None,95.47,33,0,6,9.27,60061,88.7,85.85,99.5,1077,15.92,43,39,Low
Bangladesh,North,2011,River,3.83,6.51,3.92,6.06,24.24,6.82,650,Boiling,70.76,181,8,15,38.46,2973,47.18,37.79,77.48,2102,29.27,1104,204,High
Pakistan,Central,2002,Lake,1.26,7.99,2.33,6.77,16.92,4.94,121,Filtration,81.96,66,1,3,64.55,1753,52.03,46.65,68.95,417,27.1,250,70,Medium
Indonesia,South,2024,River,2.74,7.74,2.6,7.03,28.35,6.95,685,Chlorination,80.8,143,2,13,32.12,4941,68.08,53.29,77.92,2899,23.99,215,158,High
Bangladesh,Central,2008,Lake,2.72,7.16,3.73,6.7,27.51,7.29,536,Boiling,73.17,185,3,10,35.49,2784,65.06,35.18,63.72,2191,25.82,1700,198,High
China,South,2001,River,1.21,6.66,2.24,8.36,11.99,5.9,117,Filtration,93.92,33,0,8,12.01,11882,80.69,65.2,89.99,896,16.74,152,41,Low
Indonesia,Central,2002,Lake,2.76,7.14,3.16,7.2,23.56,8.06,311,Boiling,73.33,130,6,11,28.42,4495,60.89,54.57,74.69,2483,23.62,139,147,High
Pakistan,East,2013,River,2.63,6.86,4.39,6.82,19.85,7.4,328,Filtration,69.85,120,5,14,66.31,1651,54.19,37.09,61.95,566,20.96,375,139,High
USA,Central,2003,Lake,0.96,6.8,0.75,8.71,14.65,0.28,25,Chlorination,91.7,15,0,2,9.85,52030,87.09,82.58,94.77,1086,11.68,38,17,Low
Pakistan,Central,2024,Pond,2.01,6.64,2.44,8.01,16.19,6.6,481,Chlorination,71.01,110,3,12,67.73,1689,50.22,38.4,67.76,473,20.05,272,125,High
Bangladesh,North,2018,River,2.67,7.06,2.96,5.87,23.49,6.33,414,Filtration,78.75,138,3,15,30.34,2942,50.57,42.99,65.8,2117,25.14,913,156,High
Bangladesh,East,2012,Well,3.38,7.21,6.25,7.32,29.53,7.0,885,None,80.54,166,12,15,33.05,2488,48.42,36.04,71.94,3600,23.97,1330,193,High
Brazil,West,2006,Spring,1.09,6.78,1.49,7.41,15.1,2.31,16,Chlorination,99.04,33,0,0,20.22,9468,81.2,96.0,89.76,1580,22.73,37,33,Low
USA,North,2011,Pond,2.69,7.0,3.88,6.63,16.57,4.98,471,Boiling,95.91,67,4,10,16.8,44029,81.01,75.7,79.3,840,11.67,38,81,Medium
Ethiopia,West,2002,Pond,2.44,7.13,2.02,7.41,16.24,8.81,202,Chlorination,56.15,149,10,21,62.29,1139,33.01,18.33,29.42,681,16.28,114,180,High
Indonesia,South,2022,River,3.56,7.07,6.0,6.02,30.12,8.98,1143,Boiling,74.8,159,7,13,26.55,4594,55.63,59.84,80.46,3140,23.92,146,179,High
India,West,2022,Spring,1.08,7.43,0.15,7.06,14.38,2.29,15,Chlorination,82.96,24,1,4,32.29,3288,65.34,41.82,75.72,1247,27.99,714,29,Low
USA,Central,2008,Well,0.3,7.34,1.98,9.26,6.33,1.62,3,Chlorination,88.01,22,0,2,14.93,43251,73.84,83.67,95.67,865,12.82,49,24,Low
India,West,2001,Pond,2.78,7.18,5.46,6.62,25.6,7.52,788,Boiling,80.94,162,7,14,37.27,2541,63.13,39.85,70.27,1359,24.46,545,183,High
USA,North,2021,Well,0.3,6.98,0.15,9.37,9.51,1.4,35,Chlorination,99.7,22,0,2,7.86,57063,90.47,82.92,99.09,903,14.45,33,24,Low
USA,North,2008,Lake,1.6,7.25,2.34,7.96,12.38,3.35,360,Boiling,88.19,58,0,7,14.97,46186,89.26,89.09,88.25,714,10.7,37,65,Medium
Pakistan,West,2011,Spring,1.43,6.83,0.15,8.32,13.63,2.89,92,Boiling,66.39,56,1,6,69.92,1787,48.59,38.17,66.34,468,20.68,278,63,Medium
USA,North,2011,Tap,0.34,7.71,0.17,9.35,8.19,0.63,3,Chlorination,88.98,10,1,1,2.0,55116,88.97,84.05,92.17,921,11.33,36,12,Low
Brazil,North,2014,Lake,1.93,7.32,2.83,6.86,22.31,7.0,418,Chlorination,85.16,97,3,11,20.87,9109,69.51,81.84,77.45,2193,27.82,28,111,Medium
Ethiopia,West,2001,Spring,0.94,7.17,1.49,8.56,12.04,1.51,16,Boiling,52.24,32,0,0,61.78,1167,43.26,27.75,48.53,797,17.48,113,32,Low
Bangladesh,East,2017,River,2.51,7.3,4.54,7.0,25.54,6.23,614,Filtration,72.06,133,8,18,41.84,2671,51.33,38.82,73.17,2037,25.15,1357,159,High
Mexico,East,2012,River,2.24,6.39,3.01,7.76,12.48,4.08,291,Chlorination,85.92,77,2,6,18.45,10504,71.72,75.72,89.88,764,19.49,56,85,Medium
India,South,2013,Well,1.67,6.21,4.82,5.78,19.09,5.57,320,None,73.01,122,2,12,28.33,2730,64.75,37.86,74.89,865,27.95,337,136,High
Bangladesh,North,2004,Pond,3.84,6.83,4.67,6.3,31.36,7.65,396,Chlorination,75.58,213,12,21,37.09,2802,61.6,38.39,66.83,2282,26.97,925,246,High
Mexico,West,2009,Tap,0.74,6.93,0.28,8.8,11.64,2.76,3,Filtration,91.15,11,0,1,21.13,9971,74.59,82.05,82.44,1088,17.83,79,12,Low
Ethiopia,North,2011,River,1.85,7.22,2.7,8.14,15.64,6.21,276,Filtration,54.53,152,4,18,69.73,1171,31.69,28.15,39.33,851,16.06,170,174,High
Ethiopia,Central,2009,Spring,0.64,7.31,0.31,9.29,11.6,3.43,4,Chlorination,49.04,20,2,4,62.7,1234,34.64,20.04,43.66,929,16.11,209,26,Low
India,North,2023,Pond,2.28,7.36,3.44,6.14,25.83,3.46,561,Chlorination,80.69,144,3,16,38.05,2938,72.32,38.05,77.13,1492,24.08,528,163,High
India,North,2010,Pond,3.57,7.4,7.72,5.28,26.09,7.92,996,None,74.34,197,14,19,40.74,2339,61.44,36.53,74.91,1210,26.62,657,230,High
Ethiopia,East,2024,Spring,0.02,7.43,0.6,9.59,10.02,3.48,4,Chlorination,47.18,31,0,2,57.29,1291,47.89,26.91,33.61,980,18.25,92,33,Low
Mexico,West,2001,Pond,2.31,7.4,2.87,7.82,12.61,1.87,282,Filtration,97.26,61,0,2,16.25,10437,70.05,83.12,99.5,889,19.68,50,63,Medium
USA,North,2004,River,2.07,7.12,4.12,7.37,15.54,4.79,847,None,94.24,102,6,6,17.3,42734,86.67,82.59,87.55,1162,18.43,42,114,Medium
Indonesia,East,2006,Spring,2.63,6.91,3.17,7.25,19.9,3.76,469,Chlorination,70.5,87,2,9,34.71,4332,65.81,62.22,69.22,1829,28.83,148,98,Medium
China,South,2005,Spring,1.48,7.2,1.3,7.92,9.16,5.03,63,None,92.32,36,0,4,12.63,12590,76.99,65.9,94.31,745,19.23,123,40,Low
Bangladesh,East,2021,Well,3.18,6.99,3.69,6.47,31.03,6.45,419,None,79.68,161,7,8,37.37,3112,57.76,44.68,72.78,2731,24.05,1700,176,High
Pakistan,East,2022,Tap,0.69,7.38,1.48,7.25,7.2,0.96,3,Filtration,75.44,15,0,1,56.15,1945,55.11,41.11,64.69,446,23.95,227,16,Low
Bangladesh,East,2002,Well,2.17,7.06,2.34,8.41,23.14,5.01,87,Filtration,71.81,124,3,16,37.04,2610,63.63,42.77,58.89,1445,28.98,1041,143,High
Pakistan,North,2012,Tap,0.29,6.98,0.15,7.69,9.13,3.07,3,Boiling,62.8,24,0,2,67.82,1591,55.18,38.72,62.89,367,23.15,231,26,Low
Mexico,North,2002,Spring,0.88,6.88,2.0,8.84,6.12,0.05,21,Filtration,91.71,25,0,1,20.27,9657,69.55,82.09,85.27,432,20.35,69,26,Low
Pakistan,South,2024,Pond,2.65,6.99,3.95,6.59,18.73,7.38,376,Boiling,72.74,133,6,9,70.06,1599,59.99,45.99,66.43,374,24.76,305,148,High
India,Central,2023,Tap,0.91,6.94,0.15,8.09,17.4,0.05,3,Filtration,78.28,18,1,1,33.4,3078,59.87,43.04,81.66,1459,23.83,519,20,Low
Indonesia,Central,2020,Spring,1.72,7.18,0.25,7.85,18.48,3.67,39,Filtration,79.3,60,2,4,31.6,5614,62.37,60.97,74.38,3347,26.89,83,66,Medium
Indonesia,Central,2005,Spring,2.1,6.8,1.97,6.52,21.83,5.01,224,Boiling,75.59,74,6,7,30.31,4982,76.91,59.66,74.93,2759,28.04,167,87,Medium
India,South,2010,Well,2.81,7.09,3.63,6.46,18.17,7.21,294,Boiling,76.76,118,2,9,40.18,2653,59.41,34.59,72.47,1144,25.16,654,129,High
Brazil,Central,2016,Well,1.61,7.02,0.29,7.74,20.26,2.32,131,Boiling,92.87,59,0,6,16.22,10180,84.05,87.1,79.81,2506,24.3,15,65,Medium
Mexico,Central,2009,Pond,3.5,6.91,8.67,4.87,23.55,8.41,1068,None,96.8,171,3,22,18.77,10715,85.29,82.21,83.37,495,27.03,65,196,High
Brazil,East,2011,Lake,2.31,6.97,5.02,7.19,18.81,5.98,379,Boiling,89.13,87,1,7,21.11,8378,72.21,88.95,79.04,2116,25.07,19,95,Medium
Brazil,North,2016,River,3.28,7.17,7.84,5.76,25.24,9.2,1585,None,88.43,225,6,21,24.9,9527,68.26,87.86,87.87,1954,25.51,28,252,High
Bangladesh,North,2003,Lake,2.75,7.45,5.49,4.89,25.51,9.75,960,None,75.53,162,7,20,39.45,2819,60.95,35.55,68.92,1955,25.01,1275,189,High
Ethiopia,East,2001,Lake,3.14,7.54,4.8,6.81,18.98,8.9,472,Boiling,44.44,169,4,13,65.63,1027,43.72,19.26,41.05,957,20.85,139,186,High
Bangladesh,East,2010,Pond,2.93,6.92,5.7,6.26,25.78,7.71,485,Boiling,71.77,202,5,20,40.11,2551,56.4,40.85,65.37,2292,26.79,1700,227,High
Ethiopia,East,2006,Tap,0.68,7.62,0.15,8.61,9.45,4.44,6,Boiling,49.77,20,1,2,63.18,1357,47.04,22.27,42.97,868,17.95,134,23,Low
China,North,2001,Pond,2.21,7.23,3.91,7.38,19.36,5.5,444,Filtration,87.18,119,2,11,14.9,11871,76.21,71.46,87.79,999,11.83,153,132,High
Pakistan,Central,2017,Pond,2.97,7.11,6.25,5.56,22.45,4.54,641,Filtration,68.92,224,7,17,72.17,1661,59.23,37.07,64.9,549,25.12,419,248,High
Ethiopia,East,2020,Spring,1.03,7.09,0.92,6.89,10.5,6.41,63,Boiling,54.47,56,1,7,64.72,1151,47.54,18.37,39.17,907,20.73,134,64,Medium
India,South,2003,Spring,1.2,6.78,1.68,6.76,18.97,4.68,275,Chlorination,69.81,73,4,5,43.58,2500,54.96,33.16,80.59,999,25.85,471,82,Medium
Bangladesh,East,2007,Spring,1.89,6.92,3.78,6.47,31.01,3.72,213,Boiling,73.05,87,8,19,42.74,2608,52.45,38.72,53.89,3239,25.8,1258,114,Medium
Mexico,West,2019,River,1.08,7.52,1.08,8.25,9.85,0.05,66,Chlorination,97.08,18,1,2,16.89,10421,70.6,83.12,88.32,660,22.9,88,21,Low
Pakistan,East,2013,Tap,0.72,6.36,0.15,8.11,11.15,3.22,3,Filtration,72.6,16,0,0,71.19,1690,49.39,31.86,69.51,471,23.97,407,16,Low
China,North,2011,Tap,0.63,6.79,0.99,8.2,9.28,4.07,3,Filtration,85.81,24,0,2,11.86,13160,80.98,68.39,86.97,1104,16.63,124,26,Low
Ethiopia,East,2021,Spring,1.21,7.51,1.23,8.78,14.53,4.61,47,Chlorination,56.77,66,5,2,59.59,1243,50.44,24.59,33.34,662,14.57,160,73,Medium
China,West,2020,Lake,1.93,6.69,3.28,9.13,16.14,3.83,175,Filtration,86.99,84,2,3,10.27,13365,77.32,60.25,95.73,1014,11.79,217,89,Medium
Mexico,South,2017,River,1.88,7.3,3.03,8.03,17.63,2.28,271,Boiling,91.91,69,3,8,20.11,11283,81.58,80.73,89.8,508,17.08,62,80,Medium
Brazil,Central,2010,Lake,1.62,7.51,0.53,7.57,12.39,3.18,51,Chlorination,84.46,36,0,3,17.27,8558,69.94,86.28,78.07,1583,21.29,22,39,Low
Indonesia,East,2007,Well,1.9,6.93,1.18,6.5,23.27,4.86,167,Chlorination,75.36,82,1,4,29.13,4240,59.26,56.18,73.98,3122,29.39,164,87,Medium
Mexico,West,2001,Tap,0.61,6.97,0.15,9.14,8.31,0.05,5,None,94.43,9,0,0,11.1,10281,76.27,77.27,93.84,744,20.12,57,9,Low
Nigeria,West,2024,Tap,1.66,6.85,0.15,7.14,13.7,5.63,43,Filtration,62.4,52,2,2,77.34,2156,38.94,57.51,47.07,1071,25.47,275,56,Low
Mexico,South,2014,Lake,0.98,7.8,0.15,7.43,5.61,0.36,42,Chlorination,97.58,23,0,3,16.08,10770,74.14,82.04,87.24,683,18.7,53,26,Low
China,North,2008,River,1.7,7.25,1.57,7.89,15.94,5.49,158,Chlorination,91.44,61,0,8,14.66,11615,81.77,67.75,91.45,933,15.07,116,69,Medium
India,East,2018,Tap,0.39,7.52,0.15,6.95,9.15,0.91,7,Chlorination,71.9,22,0,3,30.79,2840,60.68,43.01,83.97,858,26.07,353,25,Low
Bangladesh,West,2019,Lake,2.75,7.56,3.73,6.92,28.61,5.92,584,Filtration,62.96,236,7,17,43.68,2489,49.69,39.25,71.35,2407,20.19,1700,260,High
India,South,2007,Pond,2.12,6.98,2.97,6.9,17.78,2.77,318,Chlorination,89.24,107,1,11,37.16,2630,65.55,36.53,63.85,1150,26.2,409,119,Medium
China,Central,2024,Pond,2.07,6.76,1.05,8.59,21.13,4.24,166,Chlorination,93.19,54,3,4,11.04,13755,80.49,74.49,89.71,1115,11.62,181,61,Medium
Bangladesh,West,2018,River,2.8,6.21,4.27,6.08,24.29,4.17,771,Boiling,78.32,140,5,27,36.93,3126,60.93,42.59,70.36,1791,28.94,1224,172,High
Nigeria,South,2004,Lake,2.56,6.77,2.88,6.68,21.12,8.3,402,Boiling,63.4,189,6,14,74.42,2218,50.8,58.85,57.3,990,31.61,328,209,High
Indonesia,North,2010,Pond,3.87,6.85,9.68,5.87,23.05,10.13,1527,None,80.68,171,17,32,32.4,5076,66.75,61.99,84.44,1826,28.63,131,220,High
Pakistan,North,2014,River,1.94,6.97,2.19,6.87,12.82,3.0,380,Chlorination,65.38,112,5,4,71.24,1491,51.45,35.08,63.01,434,21.95,365,121,Medium
China,West,2007,Spring,0.38,7.22,0.15,8.96,9.29,2.72,3,Filtration,91.82,11,0,0,13.85,11184,76.67,58.45,99.5,1125,16.2,137,11,Low
Ethiopia,West,2018,River,3.44,7.07,5.7,6.37,17.82,9.31,697,None,55.15,245,11,33,63.6,1206,45.48,28.62,38.06,945,18.5,140,289,High
China,East,2022,Well,2.31,6.53,2.44,7.87,16.91,5.7,325,None,94.99,90,1,10,12.66,11046,76.99,65.52,83.24,836,14.52,102,101,Medium
China,South,2007,Spring,1.76,7.38,3.0,7.46,12.74,2.26,253,None,86.78,60,1,8,10.92,9619,69.48,68.91,85.77,986,12.99,222,69,Medium
Bangladesh,West,2018,Lake,2.44,7.09,2.77,6.54,27.16,6.49,1226,Chlorination,70.15,150,6,14,36.0,3096,64.95,40.16,68.56,2117,25.37,1321,170,High
USA,East,2017,Spring,2.0,7.48,0.73,9.11,13.71,4.81,64,None,99.7,48,1,1,10.4,51074,89.37,83.13,97.05,1158,12.06,32,50,Low
Mexico,East,2009,Spring,0.64,6.83,0.63,7.99,13.16,0.83,113,Filtration,91.77,24,0,3,16.3,10829,77.87,77.52,74.75,785,25.21,109,27,Low
USA,West,2006,Lake,1.96,6.5,3.05,8.7,11.73,6.96,294,Boiling,92.34,72,4,8,4.73,49876,88.19,82.31,93.66,787,8.53,44,84,Medium
Nigeria,North,2008,Lake,2.6,6.52,2.76,5.97,20.27,7.28,249,Boiling,63.76,133,4,8,74.07,2068,43.6,52.67,52.7,1058,22.87,169,145,High
Ethiopia,South,2000,Pond,3.17,6.37,3.77,7.49,20.47,10.53,477,Chlorination,49.12,152,10,16,70.16,1165,41.98,29.05,39.16,1087,19.05,165,178,High
Indonesia,South,2018,Well,1.73,7.32,0.65,7.41,23.98,5.81,90,Filtration,78.82,68,3,9,30.99,4714,52.79,55.58,74.99,3008,25.78,149,80,Medium
Brazil,North,2004,Lake,2.49,7.05,2.64,6.96,18.59,5.16,340,Filtration,85.79,79,5,6,20.11,8728,73.04,90.96,75.45,1852,23.21,43,90,Medium
Nigeria,West,2018,Tap,0.27,6.8,1.01,6.92,12.84,2.54,4,Filtration,67.97,31,0,0,71.44,2425,56.41,54.51,47.18,1244,30.21,231,31,Low
Brazil,South,2000,Tap,0.74,7.07,0.15,8.0,14.92,2.73,28,Chlorination,92.34,38,0,3,21.08,8989,70.48,82.83,85.97,2459,23.99,20,41,Low
Brazil,West,2014,Well,1.14,6.95,2.08,7.23,19.02,1.57,142,Filtration,92.2,64,0,1,12.61,9480,72.93,89.73,76.01,1986,19.64,30,65,Medium
Indonesia,West,2015,River,3.27,6.48,4.83,5.72,25.81,10.16,945,Boiling,71.59,173,4,16,34.48,4774,67.88,63.62,74.48,2426,27.66,180,193,High
India,East,2022,River,2.37,7.64,3.79,7.49,18.79,6.2,512,Filtration,74.29,103,5,17,40.37,3040,52.4,50.14,75.89,682,26.18,403,125,High
USA,North,2006,Tap,0.03,8.17,0.94,9.67,5.83,1.11,3,Filtration,89.25,25,0,3,8.14,48318,80.97,82.93,97.5,1175,16.02,32,28,Low
China,West,2011,Lake,1.73,7.67,0.6,8.31,14.04,4.39,96,Chlorination,98.11,56,1,2,15.18,12583,69.08,74.11,83.05,1299,12.86,132,59,Low
Pakistan,Central,2007,Well,2.44,7.21,2.74,7.04,15.03,5.79,242,None,64.04,134,3,10,65.24,1763,48.1,41.16,71.52,617,24.22,218,147,High
Brazil,North,2004,River,3.16,6.87,3.47,6.12,21.75,8.56,538,None,96.28,101,2,12,18.83,9559,73.12,90.35,91.52,1886,21.3,20,115,Medium
Ethiopia,South,2009,River,2.17,6.98,1.81,8.24,15.73,8.07,229,Chlorination,54.52,100,5,14,58.32,1182,38.25,23.85,44.03,986,15.26,103,119,Medium
Nigeria,East,2020,Spring,1.71,8.14,2.74,7.18,14.8,4.33,164,Chlorination,65.02,61,2,5,70.37,2639,50.26,56.02,55.77,1335,23.77,218,68,Medium
India,South,2004,Tap,0.38,7.5,0.47,8.29,15.06,3.18,3,Chlorination,72.62,33,0,2,37.16,2451,55.73,41.82,74.69,830,24.0,472,35,Low
Brazil,South,2016,Lake,2.08,7.37,1.27,6.47,18.38,3.51,494,Chlorination,90.27,68,0,3,24.81,11261,79.84,93.93,90.17,1839,20.82,22,71,Medium
India,North,2004,Well,1.6,7.37,0.15,8.65,13.02,3.44,31,Filtration,77.79,45,2,8,39.7,2595,75.02,40.03,69.69,1152,25.08,480,55,Low
India,South,2021,River,2.35,6.69,2.75,6.59,17.31,7.31,311,Filtration,77.1,109,6,13,41.29,2636,58.25,39.31,72.36,896,26.23,324,128,High
Brazil,West,2014,Spring,2.75,6.99,3.7,7.02,21.55,5.51,238,None,90.97,69,2,9,20.17,8677,67.12,93.46,79.94,1376,26.14,26,80,Medium
Bangladesh,South,2012,Tap,1.08,7.53,0.95,8.55,22.7,3.04,4,Chlorination,73.89,32,2,2,36.88,2520,55.19,39.67,69.75,2758,23.37,1494,36,Low
Mexico,East,2000,Tap,0.59,7.69,1.33,8.34,6.43,2.33,3,Chlorination,91.08,14,0,1,15.88,10726,69.01,81.71,87.27,806,19.61,66,15,Low
Ethiopia,East,2010,Well,1.18,6.91,2.14,8.12,15.88,4.02,124,Filtration,48.55,85,3,5,61.18,1181,44.89,21.52,46.89,1088,20.09,69,93,Medium
China,Central,2022,River,1.69,7.24,3.22,7.68,14.05,2.23,277,Chlorination,98.11,73,2,4,14.22,15109,78.35,64.5,93.3,958,14.97,127,79,Medium
China,East,2000,Well,1.26,6.12,0.78,8.41,12.44,0.05,8,Boiling,85.83,27,1,1,7.53,11626,78.65,61.7,91.34,1007,15.42,142,29,Low
Ethiopia,South,2010,Well,1.69,6.88,1.79,7.4,11.69,5.33,87,Filtration,56.82,87,5,2,58.88,1127,44.5,22.64,33.04,826,16.88,159,94,Medium
Bangladesh,East,2017,Pond,3.54,6.35,6.05,6.79,30.18,8.83,588,Boiling,68.28,210,11,13,43.5,3212,56.69,46.42,78.12,2905,20.56,1155,234,High
China,North,2017,Spring,0.99,7.53,0.63,8.71,10.3,0.51,28,Filtration,90.61,30,1,1,8.82,13275,78.4,68.77,86.75,858,17.24,163,32,Low
India,East,2020,Tap,0.78,6.09,0.15,9.39,12.57,3.04,3,Filtration,76.81,18,1,3,30.73,2668,55.65,41.04,76.97,1070,20.03,422,22,Low
Indonesia,West,2015,Pond,2.9,6.58,5.1,6.34,26.7,6.68,512,Filtration,75.03,126,5,16,30.34,5087,75.26,64.45,77.0,2138,24.86,146,147,High
Nigeria,North,2012,Lake,3.36,6.4,7.89,5.9,27.86,7.88,1223,None,53.98,268,17,26,82.49,2121,49.36,53.96,50.23,1203,28.95,376,311,High
USA,Central,2006,Tap,0.71,7.28,0.51,9.08,11.42,1.2,14,None,98.6,16,0,1,7.99,51573,93.32,76.37,99.5,909,13.43,35,17,Low
China,West,2000,Tap,0.49,7.09,0.15,8.87,8.99,2.9,3,Filtration,88.78,18,0,1,7.25,11804,68.39,66.39,79.62,959,14.87,103,19,Low
Ethiopia,South,2015,Spring,1.23,7.28,1.17,7.53,11.28,6.25,111,Filtration,59.06,131,3,11,61.49,1275,44.32,28.0,46.09,632,16.64,140,145,High
Indonesia,South,2000,Lake,2.27,7.38,2.55,6.4,20.67,3.28,196,Filtration,76.84,68,10,8,29.6,4962,59.04,62.17,78.14,2288,24.55,111,86,Medium
Brazil,South,2016,River,2.43,6.95,1.67,7.58,16.21,6.34,398,Filtration,89.14,76,1,4,17.17,8395,69.33,85.64,82.52,1539,25.71,25,81,Medium
Mexico,West,2005,Lake,1.17,7.08,0.49,7.95,8.58,3.35,52,Chlorination,92.59,40,3,1,15.6,10549,75.17,78.52,90.27,654,18.49,56,44,Low
Ethiopia,West,2001,River,1.93,6.75,3.6,7.76,16.88,6.12,460,Chlorination,46.94,170,7,17,62.28,1185,46.98,19.54,50.64,846,17.69,158,194,High
India,West,2016,Lake,2.09,7.24,1.79,7.55,21.35,5.1,238,Chlorination,72.78,102,1,4,38.31,2814,67.03,40.45,72.92,1447,23.14,458,107,Medium
Mexico,North,2005,Well,2.36,7.25,3.39,7.43,14.88,5.37,472,None,89.42,72,3,11,22.39,9926,69.8,86.15,90.31,531,21.12,83,86,Medium
Nigeria,North,2013,Lake,2.24,7.26,4.94,6.16,24.59,7.11,509,Boiling,63.74,227,13,18,76.63,2053,46.44,55.95,49.79,1608,26.27,207,258,High
Nigeria,South,2017,Pond,2.79,7.38,6.23,6.33,18.17,9.18,910,Filtration,59.54,245,16,17,79.42,2250,44.93,46.27,51.89,1152,26.28,160,278,High
Bangladesh,East,2005,Pond,3.94,6.98,5.52,5.55,31.82,9.27,1609,Chlorination,81.61,171,7,22,37.72,2657,57.13,38.58,72.84,2342,27.0,1361,200,High
Pakistan,South,2009,Spring,1.82,6.61,0.49,7.63,13.11,7.33,67,Chlorination,67.56,68,0,2,67.87,1626,46.52,33.55,66.12,496,21.56,277,70,Medium
Bangladesh,Central,2023,River,2.78,6.86,2.96,6.05,23.0,4.79,514,Chlorination,74.64,141,5,10,39.05,3087,68.24,38.69,67.85,1948,28.92,1094,156,High
Indonesia,North,2017,Tap,1.01,7.02,0.65,7.7,14.69,3.51,8,Filtration,76.77,28,1,2,26.88,5464,71.68,66.24,80.16,1890,26.0,100,31,Low
Mexico,West,2008,Spring,0.14,7.75,0.81,7.62,8.17,2.18,3,Filtration,83.12,17,0,0,25.75,9072,67.25,71.79,85.12,641,19.62,81,17,Low
Pakistan,North,2007,Pond,3.05,7.41,6.05,6.72,20.04,8.63,1056,Boiling,63.7,241,8,24,73.06,1647,43.09,28.29,64.29,362,24.85,413,273,High
Brazil,West,2009,Pond,4.0,6.57,9.28,5.52,23.75,9.47,1882,None,91.0,227,5,20,26.49,7926,60.0,90.97,73.35,1689,26.3,22,252,High
India,Central,2016,River,3.18,7.22,4.74,7.71,23.1,6.36,585,Boiling,76.34,141,6,18,43.39,2394,59.73,35.12,69.48,1141,23.19,349,165,High
Mexico,Central,2022,Pond,2.77,6.94,3.16,6.73,18.83,3.36,274,Filtration,94.98,58,1,3,17.99,11750,82.22,83.21,99.5,933,22.43,84,62,Medium
Bangladesh,North,2005,Pond,3.55,6.81,6.4,6.2,28.44,5.13,1456,Boiling,79.12,153,2,20,38.06,2867,52.51,46.23,65.86,2158,30.38,1372,175,High
USA,West,2013,River,2.08,6.79,1.8,9.25,14.26,4.46,80,Chlorination,92.77,61,1,2,13.95,54653,91.38,88.18,95.58,1051,9.29,33,64,Medium
Pakistan,Central,2021,Pond,3.23,6.55,4.8,6.43,20.08,8.18,538,Boiling,63.14,110,9,19,72.05,1555,49.55,36.56,72.1,617,24.52,365,138,High
Pakistan,South,2021,Tap,1.06,7.5,0.15,8.46,10.21,2.36,3,Chlorination,63.98,23,1,2,64.22,1629,49.92,43.06,70.42,506,21.1,307,26,Low
India,South,2005,Well,2.01,6.98,3.28,6.43,13.33,5.98,453,Boiling,69.46,94,2,12,41.36,2787,59.24,32.67,80.21,843,24.61,561,108,Medium
China,West,2006,Spring,1.32,7.4,0.15,8.78,12.84,0.05,34,Chlorination,96.22,19,0,2,17.51,11719,73.86,72.92,81.26,937,13.2,127,21,Low
Nigeria,North,2011,Tap,1.07,6.52,0.79,7.28,10.97,2.68,82,Boiling,59.46,52,0,2,76.04,2233,43.37,58.75,39.56,1376,28.65,179,54,Low
Nigeria,Central,2002,Tap,2.7,6.9,3.16,6.39,17.64,7.64,402,None,68.06,150,4,8,72.94,2185,45.4,58.35,53.35,1137,28.71,214,162,High
USA,North,2013,Well,1.54,7.48,0.88,9.17,9.87,2.29,75,Boiling,95.01,31,0,2,9.58,54338,89.77,77.89,96.84,751,10.01,21,33,Low
Indonesia,South,2021,Spring,1.57,7.26,1.16,7.79,18.97,2.89,82,Filtration,79.0,52,1,5,25.23,5062,54.94,60.61,75.49,2443,23.21,163,58,Low
Indonesia,Central,2018,Tap,0.49,6.54,1.17,8.05,16.57,0.51,6,Filtration,75.55,31,2,2,28.72,4615,55.58,64.36,72.72,1918,27.44,161,35,Low
Brazil,North,2022,Pond,2.35,7.15,2.21,7.6,20.69,5.64,426,Chlorination,91.53,82,5,7,17.19,10499,69.12,85.29,82.39,1668,21.57,23,94,Medium
Mexico,East,2015,Well,1.08,7.48,0.21,8.24,10.26,2.05,29,Filtration,92.43,22,1,2,22.48,10216,78.21,83.04,97.06,725,25.55,45,25,Low
Ethiopia,West,2006,Spring,0.72,7.11,0.17,7.74,13.5,3.04,86,Chlorination,41.3,63,2,3,67.07,1087,36.72,17.71,46.34,708,18.99,153,68,Medium
China,West,2007,Lake,2.26,7.14,3.48,6.61,16.34,3.88,450,None,96.97,86,7,6,11.08,13516,75.51,64.11,88.8,835,16.88,154,99,Medium
Bangladesh,East,2017,River,3.02,6.82,5.79,6.68,31.76,7.01,1225,Filtration,68.15,171,9,28,42.09,2768,62.08,42.5,74.02,2306,25.76,1313,208,High
Ethiopia,South,2024,Pond,2.49,7.58,2.45,7.0,16.85,6.69,467,Filtration,53.44,138,9,23,64.06,1242,48.02,24.32,48.33,926,18.4,96,170,High
Ethiopia,Central,2012,Well,1.39,7.89,1.66,7.51,11.12,8.12,96,Chlorination,54.86,72,0,8,61.54,1290,43.11,24.93,44.09,902,21.5,99,80,Medium
Pakistan,West,2020,River,3.6,6.29,6.93,5.43,19.74,9.8,1303,None,69.69,227,10,23,72.27,1989,57.92,34.73,70.02,451,25.58,429,260,High
USA,East,2008,Lake,2.04,7.42,2.48,8.33,14.16,3.46,329,None,99.18,89,3,7,9.02,53263,86.57,87.08,96.51,770,12.22,34,99,Medium
Nigeria,East,2009,Tap,0.92,7.72,1.61,7.79,17.19,1.95,28,Boiling,55.89,58,1,3,71.43,2325,48.07,53.2,54.21,1719,25.94,184,62,Medium
Brazil,South,2020,Tap,1.05,6.7,0.75,7.69,10.29,4.54,4,Chlorination,84.68,16,0,1,19.04,9552,69.34,95.12,91.15,1942,26.98,25,17,Low
Indonesia,South,2022,Spring,1.29,7.11,1.53,7.83,15.06,7.29,91,Chlorination,90.86,34,0,3,31.03,5702,68.73,64.67,75.05,2411,21.87,130,37,Low
USA,North,2008,Well,1.28,7.66,1.74,8.1,13.09,5.15,232,None,97.36,84,0,5,10.15,51542,87.28,87.58,93.08,853,9.52,64,89,Medium
Pakistan,West,2014,Well,1.71,7.38,1.77,8.35,15.45,3.38,61,Chlorination,66.72,46,0,7,65.8,1829,54.95,41.23,65.57,444,24.3,356,53,Low
Bangladesh,North,2019,Spring,1.26,7.34,0.57,7.07,24.98,2.58,96,Filtration,70.02,50,3,6,39.98,3030,60.2,43.07,69.46,1953,26.39,1468,59,Low
Brazil,East,2001,River,2.04,6.71,1.79,7.55,18.21,6.96,238,Filtration,94.34,100,1,4,16.46,9435,68.91,89.88,85.1,1570,27.31,24,105,Medium
Pakistan,Central,2024,Tap,0.46,7.23,0.72,8.4,14.65,1.82,3,Filtration,71.0,22,0,1,61.0,1818,49.5,38.11,69.42,504,23.6,347,23,Low
Nigeria,Central,2012,Tap,0.96,7.03,0.59,7.92,13.08,3.73,19,Chlorination,61.06,41,1,0,74.04,2184,48.37,59.98,50.66,1186,26.61,182,42,Low
Nigeria,South,2001,Well,1.45,7.36,1.96,7.92,16.59,4.64,101,Boiling,61.95,44,1,17,75.03,2093,52.78,54.24,49.28,1007,28.73,249,62,Medium
Nigeria,Central,2018,Well,2.22,7.13,0.81,7.2,18.54,5.58,126,Boiling,62.79,103,6,15,75.56,2272,44.28,50.26,48.46,895,27.79,206,124,Medium
USA,Central,2001,Spring,1.72,6.81,2.44,9.06,14.13,3.35,132,None,93.81,52,2,5,10.51,47222,84.58,85.74,91.68,726,13.74,37,59,Low
USA,Central,2002,Lake,0.13,6.79,1.83,7.88,7.97,0.43,59,Chlorination,95.2,30,1,2,7.85,50587,91.65,80.75,96.54,1085,12.83,36,33,Low
Indonesia,East,2005,River,4.12,6.06,7.2,5.31,29.14,5.93,1844,None,82.07,234,10,33,24.95,4994,62.04,61.55,76.55,2472,24.83,175,277,High
Indonesia,Central,2002,Pond,2.4,7.42,3.22,6.98,23.09,5.21,367,Chlorination,77.13,97,0,10,28.94,5038,72.99,57.84,81.48,1580,26.99,163,107,Medium
Bangladesh,Central,2009,Lake,2.68,7.45,4.18,6.07,25.0,6.48,651,Boiling,69.93,254,10,18,38.97,3042,43.32,38.12,77.7,2059,27.62,1325,282,High
Brazil,Central,2023,Lake,0.84,6.93,1.63,7.63,13.63,4.06,69,Filtration,97.14,30,0,1,16.32,10241,73.51,83.41,83.34,1685,22.82,24,31,Low
India,North,2005,Well,0.67,7.98,0.97,7.87,14.5,1.77,3,Chlorination,77.73,30,0,1,33.1,2247,59.92,31.25,71.19,1084,20.67,520,31,Low
India,East,2022,Well,2.07,7.13,2.32,8.27,16.41,5.72,114,Boiling,75.3,63,0,6,31.24,3191,57.91,43.15,70.52,1142,25.29,335,69,Medium
Pakistan,South,2015,Well,1.34,7.22,1.98,7.17,10.66,2.98,170,Boiling,74.35,75,1,4,67.94,1877,51.01,40.78,65.76,542,28.33,282,80,Medium
Nigeria,North,2016,Lake,2.62,7.44,4.52,6.29,14.59,6.27,298,Boiling,56.54,154,3,10,75.68,2314,38.59,53.94,50.29,939,29.64,403,167,High
Brazil,West,2018,River,2.33,6.83,2.13,6.42,19.26,3.51,347,Filtration,85.65,103,2,9,19.69,9019,70.35,92.0,86.73,1614,26.39,39,114,Medium
Ethiopia,East,2002,Well,1.52,7.49,1.61,8.79,16.1,6.98,59,Boiling,48.77,95,3,4,63.02,1137,34.77,24.98,44.05,915,16.89,116,102,Medium
USA,East,2017,Tap,0.05,7.13,1.18,8.53,8.17,1.67,20,None,87.82,22,2,2,6.87,55407,83.05,79.53,98.28,779,13.2,36,26,Low
Mexico,West,2006,River,2.05,6.97,4.5,6.81,14.12,4.31,365,Boiling,89.06,70,2,12,24.23,8758,65.79,78.99,88.4,673,20.28,92,84,Medium
China,West,2008,Tap,0.72,7.22,0.15,7.35,9.44,0.05,12,Boiling,93.15,20,0,3,13.56,11420,71.09,62.81,83.42,889,15.59,157,23,Low
Bangladesh,West,2019,River,2.31,6.81,3.03,6.54,22.72,2.72,356,Chlorination,74.29,82,4,6,31.55,3703,68.17,45.76,71.2,1689,22.59,1050,92,Medium
Nigeria,South,2011,Well,1.56,7.41,1.39,7.76,15.59,6.27,135,Chlorination,62.97,71,2,6,69.01,2787,56.41,57.88,54.63,1060,27.68,234,79,Medium
Nigeria,Central,2004,Pond,2.99,6.76,3.54,5.72,18.36,7.97,325,Chlorination,59.56,182,5,16,80.09,2363,43.28,56.82,48.75,1427,30.33,125,203,High
Nigeria,East,2002,Spring,2.01,7.91,3.73,7.32,17.81,6.96,176,Boiling,65.46,101,2,7,65.22,2189,45.08,61.15,48.07,1244,29.44,265,110,Medium
USA,Central,2010,Well,0.32,7.33,0.15,8.71,11.06,0.83,11,Boiling,94.31,19,0,0,12.04,47886,92.83,79.76,87.59,898,9.41,41,19,Low
USA,Central,2024,Lake,2.53,7.12,3.42,7.47,11.61,3.32,438,None,95.79,53,3,8,2.65,59192,96.57,85.28,98.67,789,8.62,36,64,Medium
China,West,2003,Pond,2.72,6.64,4.3,7.54,18.92,3.78,409,Filtration,97.62,73,2,3,13.02,11566,74.78,60.37,88.44,1065,13.73,239,78,Medium
Ethiopia,South,2004,Lake,1.63,7.06,2.9,7.02,12.29,6.8,236,Boiling,54.8,117,8,11,60.01,1213,41.99,27.15,49.35,982,18.13,118,136,High
Brazil,North,2000,River,2.9,6.68,3.56,6.41,20.74,7.2,574,Filtration,86.89,108,8,16,25.4,7367,73.16,80.39,78.29,2321,27.29,23,132,High
Nigeria,South,2017,Lake,2.3,7.36,3.85,6.12,20.87,4.63,498,Boiling,62.21,108,8,24,76.84,2186,53.63,52.7,46.63,1126,25.06,256,140,High
India,Central,2011,Pond,3.07,7.16,3.99,5.92,22.11,4.32,382,Filtration,79.01,103,1,8,41.54,2816,63.46,32.63,69.71,1525,22.71,378,112,Medium
Indonesia,South,2012,Pond,2.94,7.31,5.83,7.05,24.53,8.85,585,Chlorination,83.6,125,7,15,31.45,4290,59.04,60.84,77.75,2076,26.3,264,147,High
India,West,2008,Well,1.29,7.06,0.82,6.83,17.03,2.21,158,Boiling,78.35,68,1,5,37.06,2516,65.64,36.98,64.67,1005,26.18,381,74,Medium
Pakistan,North,2001,Tap,1.98,7.45,1.67,7.19,17.37,8.16,333,None,71.0,101,4,5,70.83,1572,56.28,41.34,66.31,499,26.06,278,110,Medium
India,West,2004,Well,1.93,7.11,2.91,6.45,19.48,6.58,218,Filtration,69.63,67,8,11,35.2,2498,53.76,31.57,71.19,1345,20.67,414,86,Medium
Pakistan,North,2012,River,1.77,7.42,3.97,6.85,14.57,4.91,134,Chlorination,75.53,95,5,14,63.67,2032,53.37,30.11,70.29,471,24.22,194,114,Medium
Mexico,Central,2015,Lake,3.25,6.77,5.95,5.48,14.28,4.41,1016,None,88.24,105,1,5,21.69,9867,84.85,82.26,89.41,545,25.47,60,111,Medium
Indonesia,North,2015,Tap,0.99,7.42,2.01,7.85,19.4,3.15,30,Chlorination,79.08,63,0,2,25.28,5353,64.46,59.25,84.4,3230,26.0,158,65,Medium
India,North,2023,Spring,1.7,7.54,0.17,8.13,15.26,2.57,117,Boiling,80.09,35,1,5,32.8,2762,54.55,40.5,66.82,1089,21.97,572,41,Low
Mexico,North,2002,Pond,3.59,7.03,6.92,6.18,18.34,7.07,968,None,87.27,195,7,14,23.17,8313,75.25,76.51,82.3,543,19.71,57,216,High
Bangladesh,South,2021,Tap,0.38,7.68,0.82,8.19,15.23,1.93,7,Filtration,71.86,31,0,3,35.77,2890,49.72,42.95,67.44,1993,25.64,1200,34,Low
Brazil,South,2003,Tap,0.96,7.28,0.15,8.3,5.48,1.55,3,Filtration,86.84,12,0,0,18.98,9442,73.26,85.59,75.13,1474,26.45,28,12,Low
Mexico,Central,2010,Well,1.97,7.78,3.15,6.83,15.38,5.06,230,None,86.49,84,0,4,21.87,10035,71.62,88.76,83.8,821,18.63,81,88,Medium
Brazil,North,2022,Spring,1.85,6.47,1.17,8.35,16.3,2.24,36,Filtration,89.37,38,0,2,18.11,10014,76.32,91.67,78.08,1735,23.55,27,40,Low
India,East,2013,Pond,3.65,6.25,4.89,6.6,21.33,9.58,711,Chlorination,72.86,158,12,12,44.96,2620,59.6,46.91,75.54,1306,25.56,519,182,High
Ethiopia,Central,2002,River,3.71,7.86,7.68,6.35,20.4,11.66,1797,None,51.57,302,20,38,61.55,1251,50.37,22.18,40.7,783,18.57,86,360,High
Mexico,North,2015,River,1.43,6.82,0.15,8.25,12.76,4.21,185,Filtration,95.81,57,1,4,20.2,9478,73.8,87.82,85.06,714,21.31,89,62,Medium
Indonesia,North,2021,Tap,0.97,7.08,0.27,7.83,20.06,3.0,9,Chlorination,79.89,30,0,1,27.44,4637,66.1,55.97,78.21,2620,24.09,147,31,Low
India,South,2014,Tap,1.26,7.05,0.15,8.18,15.72,3.15,6,Filtration,76.7,24,0,1,27.63,2775,66.02,38.08,78.55,903,26.28,608,25,Low
Nigeria,Central,2009,Lake,2.58,7.07,2.45,6.33,19.97,7.17,419,Chlorination,63.45,170,1,10,75.51,2200,42.55,55.25,48.0,1294,27.29,248,181,High
USA,North,2008,Spring,0.5,7.04,0.95,9.54,7.95,0.05,3,Boiling,99.7,12,1,2,7.84,53109,92.08,81.76,94.31,874,15.73,28,15,Low
Mexico,North,2010,Pond,2.62,6.7,3.02,7.09,17.53,4.81,257,Chlorination,83.12,69,3,5,19.48,9347,76.25,69.17,92.33,959,17.53,78,77,Medium
Indonesia,Central,2015,Tap,0.09,7.23,0.35,8.62,9.48,3.36,7,Filtration,75.79,23,0,0,24.82,4733,65.35,56.35,76.94,1566,23.53,158,23,Low
Bangladesh,East,2009,Lake,2.59,6.94,4.72,6.94,31.62,6.07,702,Chlorination,74.88,124,6,20,36.76,2757,52.44,36.3,68.63,2755,25.17,1700,150,High
Nigeria,Central,2016,Spring,1.41,7.13,1.3,7.02,15.67,4.67,138,Filtration,63.64,75,2,1,72.95,2422,56.21,52.95,53.21,1111,26.79,199,78,Medium
Bangladesh,Central,2018,Pond,4.22,6.59,7.69,5.65,32.05,10.81,1224,None,72.35,245,6,38,42.48,2809,70.77,33.54,63.9,2269,26.66,1239,289,High
India,East,2001,River,3.68,6.89,7.49,5.26,24.64,9.58,1347,None,76.64,243,18,22,39.36,2609,61.03,43.27,66.91,916,27.72,570,283,High
USA,Central,2023,Lake,1.67,7.48,1.07,8.52,11.99,2.17,191,Boiling,93.65,52,3,3,16.08,58807,88.28,82.29,93.89,866,11.98,47,58,Low
Mexico,North,2022,Spring,0.81,7.09,0.66,8.11,12.82,0.63,10,Chlorination,93.24,22,0,2,17.11,10066,73.57,77.5,99.5,925,23.41,85,24,Low
Mexico,Central,2001,Lake,1.86,7.22,2.35,7.28,14.07,4.45,159,Boiling,95.37,54,0,5,17.63,11455,73.21,76.45,85.12,1067,20.73,48,59,Low
Ethiopia,East,2005,Tap,2.17,6.82,1.7,7.85,15.87,5.78,267,None,49.65,173,2,17,66.06,1292,35.53,26.63,42.13,1120,21.36,115,192,High
Ethiopia,West,2018,Well,1.37,6.55,1.72,7.96,13.21,2.2,50,Chlorination,59.6,51,1,8,58.89,1268,42.39,23.4,54.11,883,22.12,216,60,Medium
India,Central,2007,River,2.66,6.34,2.89,5.61,21.98,6.15,443,Chlorination,72.79,107,7,14,41.33,2308,54.74,38.05,67.36,1057,26.18,378,128,High
India,South,2002,Tap,1.28,7.44,1.62,7.28,14.44,1.13,27,Boiling,76.99,30,1,5,32.96,2688,57.52,37.72,73.85,1069,28.29,430,36,Low
USA,North,2013,Tap,0.69,6.86,0.15,9.9,12.4,0.3,4,Boiling,94.33,11,0,0,4.88,49817,84.93,81.92,94.07,821,9.14,25,11,Low
Ethiopia,North,2024,Spring,1.78,7.18,1.53,8.89,13.86,5.66,44,Chlorination,49.69,60,1,5,63.07,1161,35.96,15.0,44.92,805,19.3,153,66,Medium
Indonesia,South,2015,Lake,2.33,7.08,2.54,6.67,21.56,2.26,193,Chlorination,80.53,65,7,7,34.08,5120,62.62,56.39,77.82,2374,28.32,166,79,Medium
Indonesia,South,2000,River,2.74,7.23,3.1,7.14,24.85,4.69,236,Chlorination,78.68,124,1,11,28.2,4937,66.61,60.94,81.73,2110,26.19,148,136,High
USA,Central,2020,Tap,0.48,7.19,0.15,9.36,6.59,0.05,3,Boiling,99.7,5,1,2,7.77,58738,88.76,80.52,99.5,912,11.83,29,8,Low
Indonesia,South,2002,Spring,1.3,6.96,1.65,7.49,20.42,2.34,78,Filtration,85.48,76,3,2,29.66,5065,59.67,62.12,80.62,2238,24.44,153,81,Medium
Pakistan,West,2021,River,3.35,7.4,6.14,6.6,18.77,7.61,1195,None,74.58,149,8,14,69.93,1930,54.22,50.83,69.19,377,24.12,274,171,High
Brazil,East,2017,Lake,2.66,6.76,7.96,6.53,22.43,6.64,684,None,90.99,138,5,8,18.3,9266,80.63,91.53,74.99,2553,22.41,29,151,High
USA,South,2008,Tap,1.02,7.49,0.96,8.15,11.45,2.28,14,Boiling,94.67,19,3,1,10.94,53058,86.02,88.31,89.69,980,13.5,39,23,Low
USA,South,2005,Pond,1.56,6.63,0.56,9.16,11.47,4.0,128,Chlorination,92.84,46,1,4,9.97,43875,98.33,77.08,88.91,789,12.35,32,51,Low
China,West,2022,Tap,0.86,7.01,0.83,9.52,12.78,2.36,3,None,97.61,20,0,1,6.16,13883,72.92,67.81,89.34,1102,12.28,92,21,Low
Nigeria,North,2020,Tap,2.59,6.95,2.81,6.46,18.86,3.94,354,None,59.81,111,2,11,74.78,2150,47.0,57.09,52.96,1634,28.59,229,124,Medium
Nigeria,North,2024,River,2.85,6.67,5.26,5.06,17.78,9.69,1034,None,56.14,206,10,19,80.44,2110,50.17,52.97,48.57,1029,23.44,220,235,High
Pakistan,Central,2000,River,2.4,6.14,5.81,6.21,20.89,7.36,505,None,72.65,226,8,14,72.69,1668,56.55,35.69,64.54,622,23.66,256,248,High
Ethiopia,West,2020,River,2.58,7.07,2.18,6.94,18.26,4.59,198,Chlorination,55.46,101,2,11,59.83,1438,54.46,21.78,38.24,938,17.11,147,114,Medium
India,East,2009,River,2.18,6.77,2.18,7.76,21.64,5.94,577,Boiling,75.65,112,6,5,34.04,2476,55.36,37.99,72.15,1086,25.0,515,123,Medium
India,East,2005,Spring,0.59,7.16,0.46,8.24,15.4,6.19,66,Chlorination,83.6,44,1,6,35.9,2950,61.54,33.0,74.41,770,26.38,676,51,Low
Bangladesh,West,2022,Well,1.65,7.14,2.09,7.45,20.46,3.67,173,Chlorination,78.29,105,1,8,32.26,2881,57.29,41.3,75.05,1646,27.92,1312,114,Medium
Pakistan,East,2011,Spring,2.62,6.76,2.46,7.55,18.84,4.19,203,None,72.07,96,6,8,64.99,1654,59.75,37.62,64.65,448,21.64,225,110,Medium
USA,North,2003,Tap,0.99,7.05,0.63,8.35,10.63,2.32,35,None,93.33,15,0,1,6.63,48466,87.73,90.16,98.86,1212,14.23,28,16,Low
Pakistan,East,2012,Spring,1.39,7.41,1.14,7.44,10.92,5.21,82,Chlorination,65.88,55,1,5,66.27,1781,56.14,41.61,63.57,473,20.93,200,61,Medium
Pakistan,East,2016,Lake,1.89,6.98,1.04,7.57,15.28,6.13,226,Chlorination,81.87,58,4,2,64.74,1988,52.9,42.0,74.43,462,26.35,320,64,Medium
Pakistan,West,2007,Pond,2.13,7.36,3.5,6.46,16.96,6.79,345,Chlorination,65.5,92,5,13,65.91,1697,50.62,37.3,67.87,503,27.85,286,110,Medium
Nigeria,West,2019,River,3.32,7.71,4.18,6.64,19.56,10.46,687,Filtration,59.79,244,6,31,77.25,2331,45.35,50.26,55.01,1285,27.09,165,281,High
Pakistan,East,2002,Lake,3.0,6.27,5.5,5.6,22.61,8.34,610,None,66.05,271,12,28,69.42,1570,51.48,37.31,63.81,442,21.7,313,311,High
Brazil,South,2011,Pond,2.87,7.06,5.24,6.08,22.11,3.2,518,Boiling,94.34,73,2,10,16.78,9054,72.88,87.95,75.58,1898,25.96,19,85,Medium
India,West,2006,Lake,2.23,6.81,2.68,6.06,19.04,4.35,318,Boiling,76.69,86,1,11,41.1,2850,52.52,37.6,76.94,1082,23.93,593,98,Medium
Bangladesh,Central,2011,Tap,1.65,7.12,0.6,7.04,18.75,3.25,84,Boiling,67.79,52,0,6,35.95,2974,61.37,36.97,76.11,2267,28.12,1230,58,Low
Brazil,Central,2001,River,2.31,6.37,1.74,6.96,18.94,4.27,239,Filtration,80.06,125,3,9,22.83,8359,60.53,90.92,84.51,1853,26.96,21,137,High
Bangladesh,North,2023,Lake,2.53,6.51,4.19,6.78,23.86,4.4,377,Filtration,76.04,151,3,8,35.58,3149,60.5,44.1,69.18,1974,25.38,949,162,High
China,East,2013,Tap,0.81,7.19,0.45,8.51,11.72,1.48,8,Boiling,90.05,11,0,0,12.1,13145,80.33,67.99,92.63,881,14.42,126,11,Low
Bangladesh,South,2021,River,3.52,7.46,5.1,6.41,25.26,5.56,675,Boiling,73.01,120,13,21,40.38,2633,53.64,42.19,71.04,1982,24.61,916,154,High
India,North,2022,Well,1.68,7.55,1.95,7.84,17.45,6.01,131,Boiling,73.31,63,1,9,40.02,2921,64.56,35.6,70.03,1072,25.81,289,73,Medium
India,East,2004,Tap,1.23,6.61,0.15,7.93,13.22,3.07,14,Chlorination,76.33,36,0,4,37.81,2500,55.14,41.58,72.61,1079,28.08,507,40,Low
Pakistan,West,2008,Spring,1.96,7.13,3.71,6.7,12.38,4.64,220,None,63.25,94,1,11,67.9,1665,57.68,39.87,69.04,513,26.24,388,106,Medium
Mexico,Central,2020,River,1.98,6.68,3.42,7.47,12.37,3.26,334,Filtration,94.69,53,2,8,20.18,11478,81.79,86.66,95.58,844,22.07,75,63,Medium
China,South,2010,Lake,0.83,6.79,1.24,8.49,10.26,3.82,104,Filtration,91.01,38,0,3,13.28,12084,81.77,70.71,87.95,834,14.86,171,41,Low
USA,Central,2004,Pond,2.16,7.17,1.84,8.14,9.97,4.79,323,Chlorination,96.31,51,1,1,10.9,51562,88.95,85.82,92.44,969,11.74,25,53,Low
Indonesia,West,2002,Lake,1.92,6.63,2.66,7.37,19.91,4.42,261,Filtration,79.03,77,2,10,30.39,4105,69.79,53.89,73.47,2128,27.08,106,89,Medium
Bangladesh,East,2016,Spring,2.05,7.19,2.16,6.9,25.91,2.78,172,Boiling,69.95,72,1,3,34.11,2878,52.52,37.09,72.69,2406,24.15,717,76,Medium
Mexico,West,2001,Spring,1.01,7.13,0.95,6.83,10.15,1.99,69,Filtration,84.56,30,1,3,21.81,10042,71.32,83.76,87.13,574,23.02,106,34,Low
Pakistan,West,2023,Lake,1.48,7.91,0.89,7.36,15.14,2.0,251,Chlorination,78.59,34,0,5,68.3,1911,62.23,34.98,60.81,444,23.89,353,39,Low
Nigeria,Central,2000,Pond,4.08,6.99,8.94,5.66,21.93,14.15,1344,None,56.07,305,19,39,85.04,2250,42.83,57.31,44.53,1190,28.97,220,363,High
USA,South,2006,River,1.71,6.89,2.52,6.85,14.7,2.97,217,Boiling,97.97,41,3,6,4.93,55227,91.16,84.69,99.5,1061,17.17,53,50,Low
Ethiopia,West,2013,Tap,1.09,7.66,0.19,7.91,15.18,3.82,9,Filtration,54.81,57,1,2,63.82,1096,38.06,15.0,44.05,718,18.77,153,60,Medium
Mexico,Central,2004,Spring,0.15,6.81,0.66,8.83,13.49,1.89,13,Boiling,97.38,19,0,0,11.43,11415,73.68,83.37,91.81,1024,22.4,59,19,Low
Nigeria,South,2018,Spring,2.65,7.21,4.62,6.84,16.99,8.08,658,None,60.21,174,11,26,80.74,2024,50.1,52.2,40.61,1117,26.47,247,211,High
China,East,2010,Spring,0.19,7.24,1.11,8.83,10.41,1.74,6,Filtration,90.58,10,0,3,7.14,12086,76.26,65.51,91.7,1109,14.8,126,13,Low
Pakistan,East,2022,Pond,3.18,6.25,2.88,6.59,17.83,4.5,527,Boiling,71.75,152,3,14,64.0,1924,47.35,32.79,71.1,590,27.47,250,169,High
USA,North,2024,Well,0.71,8.02,1.17,8.99,6.73,3.73,12,Chlorination,88.66,14,1,1,12.44,49706,81.61,84.1,83.42,924,16.23,38,16,Low
USA,Central,2001,Pond,1.9,6.97,3.23,7.76,15.15,5.0,264,Chlorination,99.7,61,0,4,6.83,54686,99.0,81.84,97.78,962,14.08,62,65,Medium
USA,South,2007,River,3.5,7.12,3.14,7.89,17.72,7.29,417,None,98.86,79,3,6,5.46,54788,88.44,84.91,85.19,995,7.54,56,88,Medium
China,West,2008,River,2.53,7.17,4.12,6.49,16.02,9.42,1020,None,88.99,138,6,6,12.01,13529,81.28,69.02,89.25,1021,16.66,168,150,High
Bangladesh,East,2002,River,3.59,7.01,5.87,5.7,30.55,6.77,1072,None,71.2,216,10,28,46.12,2628,58.84,35.15,72.23,2105,29.03,1088,254,High
Ethiopia,South,2001,River,1.48,6.34,2.34,8.18,12.84,5.59,277,Filtration,46.78,108,5,15,61.54,1197,43.71,20.36,41.93,710,19.24,112,128,High
China,Central,2006,River,2.9,6.62,4.78,7.91,20.05,7.82,771,None,90.53,150,3,12,14.3,11737,71.86,56.94,84.41,1257,14.35,134,165,High
Indonesia,North,2004,Lake,2.43,6.51,4.33,7.33,20.87,3.81,227,Filtration,82.85,89,7,11,28.1,4518,60.72,60.91,76.98,2811,24.97,187,107,Medium
Ethiopia,East,2020,Spring,0.64,7.01,2.04,9.07,12.2,3.81,62,Boiling,54.27,58,1,4,61.74,1252,44.89,22.07,39.18,1056,17.79,108,63,Medium
India,South,2004,Pond,3.2,7.06,4.36,6.13,26.14,7.4,790,Chlorination,77.73,224,11,25,41.75,2432,51.26,46.06,67.02,955,30.64,577,260,High
Pakistan,South,2019,Lake,1.64,6.73,2.66,6.13,14.61,5.94,249,Boiling,67.55,114,2,13,66.02,1946,49.4,42.3,63.04,403,26.15,216,129,High
China,South,2012,Pond,2.49,7.07,4.68,7.2,19.01,8.72,583,Chlorination,90.31,132,0,8,17.13,12688,83.5,58.24,91.89,1197,13.46,132,140,High
Nigeria,Central,2020,Well,3.42,6.7,6.08,4.88,22.77,7.1,645,None,65.45,179,10,19,70.44,2375,49.04,61.12,50.25,1302,27.61,277,208,High
Ethiopia,Central,2019,Tap,1.02,6.99,1.51,7.24,10.7,4.56,70,Boiling,53.46,61,1,4,58.85,1393,48.35,25.9,43.35,857,21.13,132,66,Medium
Indonesia,Central,2005,Spring,2.24,6.78,1.56,7.43,19.36,2.45,249,Boiling,79.4,64,2,7,32.48,5078,57.57,63.86,82.02,2637,27.7,191,73,Medium
India,West,2019,Well,1.99,6.7,3.7,7.58,18.41,4.02,625,None,74.44,136,5,12,42.3,2570,55.36,33.61,73.57,1228,23.57,399,153,High
Bangladesh,South,2017,Lake,2.27,7.37,3.42,6.32,26.43,2.53,370,Boiling,75.54,108,2,12,35.06,3023,48.81,45.92,70.31,2396,28.63,1043,122,Medium
Nigeria,East,2024,Tap,1.41,7.21,0.4,7.61,15.21,4.58,40,Filtration,68.25,42,1,0,73.71,2456,49.57,61.47,50.69,1175,27.87,280,43,Low
Ethiopia,Central,2001,Well,0.35,7.19,0.15,9.47,10.72,3.73,7,Chlorination,56.45,22,0,3,55.38,1268,44.56,19.89,39.9,890,19.29,116,25,Low
Pakistan,Central,2024,Pond,3.11,6.67,7.74,5.32,21.42,8.39,1278,None,73.91,182,7,28,63.4,2145,62.69,45.8,59.63,576,22.84,345,217,High
Nigeria,South,2005,Tap,1.0,6.98,1.1,7.83,14.65,1.44,15,Filtration,61.35,42,1,4,73.26,2015,38.14,46.9,53.58,1735,27.67,198,47,Low
India,Central,2008,Pond,3.0,6.35,4.3,6.67,24.8,8.21,607,Filtration,78.97,155,5,13,35.33,2627,60.87,37.45,70.37,1381,24.28,518,173,High
Nigeria,West,2024,Well,2.71,7.01,6.53,5.35,20.14,6.05,1313,None,66.65,138,12,26,81.46,2452,57.0,47.06,51.46,836,26.61,213,176,High
Brazil,West,2002,Lake,1.91,7.14,3.41,5.42,18.73,6.08,413,Boiling,94.56,71,1,9,27.4,8525,66.34,92.4,76.51,1877,23.34,20,81,Medium
Mexico,Central,2000,Pond,1.84,7.16,3.53,7.89,7.7,6.28,645,Chlorination,85.14,73,3,5,19.62,9349,72.75,81.23,90.09,662,21.23,61,81,Medium
Bangladesh,South,2000,Tap,1.46,7.56,0.15,7.95,19.78,2.1,7,Filtration,72.44,32,1,3,33.94,2432,52.17,37.31,60.2,2212,27.41,987,36,Low
India,South,2018,Well,1.27,6.86,2.21,7.67,18.77,4.64,40,Boiling,75.66,60,3,2,41.31,2462,56.27,33.92,65.02,1245,27.04,327,65,Medium
Nigeria,South,2004,Pond,4.08,7.03,11.43,4.85,23.45,11.35,2966,None,54.6,424,33,53,81.3,2064,41.49,60.51,48.42,831,29.69,175,510,High
Mexico,North,2012,Lake,1.85,6.91,3.19,7.64,13.93,6.96,792,None,96.21,64,1,3,17.87,10694,75.78,84.62,98.84,739,17.37,59,68,Medium
Mexico,Central,2018,Spring,0.64,7.06,0.15,9.4,7.11,2.42,3,Chlorination,89.87,14,0,0,10.56,10027,80.92,79.4,90.69,667,24.96,59,14,Low
Nigeria,South,2011,Lake,3.65,6.95,9.11,5.42,24.88,9.86,1459,None,50.91,254,30,26,75.01,1852,37.1,58.21,47.19,1017,29.42,216,310,High
Pakistan,West,2015,Lake,1.84,7.72,1.6,6.84,15.79,5.67,291,Chlorination,70.38,81,2,11,60.31,1978,56.03,44.31,70.29,588,27.05,247,94,Medium
Brazil,East,2024,Spring,2.55,7.63,2.46,6.86,22.1,6.5,415,None,90.79,79,3,13,19.95,9523,59.18,96.0,80.7,2147,24.54,28,95,Medium
China,East,2024,Lake,3.04,7.31,4.06,6.82,20.23,8.72,694,None,88.4,98,7,13,12.78,13284,72.82,63.56,92.89,955,13.22,119,118,Medium
Brazil,South,2018,Spring,1.57,6.64,2.12,7.19,19.1,1.96,141,Filtration,89.61,55,3,2,27.11,8151,70.52,82.37,74.45,2226,23.94,37,60,Medium
Nigeria,East,2002,Spring,1.64,6.85,0.58,7.23,16.99,4.01,66,Boiling,52.86,95,1,4,73.38,2058,39.09,54.1,43.61,1280,27.57,193,100,Medium
Bangladesh,East,2011,Pond,3.31,6.88,6.71,5.19,27.07,9.21,862,Filtration,68.92,222,10,27,39.36,3000,56.98,41.82,74.0,2163,29.74,1277,259,High
China,North,2004,Pond,2.62,6.81,3.66,6.83,13.36,3.96,346,Chlorination,88.58,76,1,10,20.03,11835,70.47,63.23,92.36,1284,14.07,179,87,Medium
India,West,2001,Spring,1.52,7.17,1.9,7.37,11.26,1.16,101,Filtration,78.35,62,1,4,39.03,2441,57.62,38.71,66.33,951,26.16,360,67,Medium
Brazil,West,2021,Well,2.15,7.03,2.91,7.44,18.12,4.14,216,None,94.23,73,2,7,22.57,10489,77.74,91.34,77.96,1872,21.61,27,82,Medium
Nigeria,North,2006,Tap,1.69,7.25,3.1,7.1,15.73,7.01,384,None,58.17,131,3,15,76.47,2045,41.11,53.69,44.17,995,25.52,333,149,High
Brazil,North,2012,Well,1.4,6.78,0.89,7.63,9.23,2.46,95,Boiling,95.75,30,1,9,23.11,8055,77.74,89.4,74.5,1904,20.05,16,40,Low
China,East,2024,Spring,1.17,7.47,0.27,9.36,14.2,3.67,18,Chlorination,95.3,27,0,3,8.75,13899,76.33,71.72,90.31,1252,14.39,162,30,Low
Indonesia,Central,2014,Tap,2.69,6.44,1.98,6.92,24.92,7.73,280,None,75.11,117,2,4,33.99,4498,61.04,48.71,76.58,2115,27.53,185,123,Medium
Ethiopia,East,2021,Pond,3.59,6.8,5.71,5.88,21.41,8.23,1036,Boiling,54.68,172,18,40,66.7,1166,46.24,30.47,39.05,1135,20.79,75,230,High
Brazil,North,2002,Tap,1.22,7.47,0.15,8.39,13.75,3.21,5,Boiling,89.6,22,0,1,14.89,8189,68.91,88.29,85.57,1837,23.94,18,23,Low
India,West,2020,Spring,2.23,7.43,2.66,7.12,14.26,5.69,478,None,73.09,94,8,13,40.79,2438,54.38,41.05,68.49,667,20.82,384,115,Medium
India,East,2019,Pond,4.31,6.4,8.81,5.61,25.83,8.15,2574,None,70.39,342,15,29,40.2,2403,60.18,37.01,64.55,1012,23.69,445,386,High
USA,Central,2004,Tap,0.35,6.94,1.32,9.05,5.74,0.66,3,Chlorination,88.03,6,0,1,5.74,52156,88.15,78.04,86.58,720,11.35,26,7,Low
Brazil,East,2023,Tap,0.64,6.55,0.58,8.75,13.72,2.68,3,Boiling,93.56,24,0,1,15.67,9337,72.61,86.06,80.81,1355,25.45,26,25,Low
Ethiopia,South,2007,Well,1.24,6.73,1.34,7.54,13.85,6.78,128,Boiling,54.57,100,0,14,61.21,1144,45.36,16.33,45.75,839,19.82,103,114,Medium
Pakistan,East,2021,Tap,0.51,7.17,0.15,7.81,8.6,2.22,3,Boiling,72.81,17,0,1,62.58,1812,51.52,46.33,74.87,548,25.59,303,18,Low
Mexico,North,2000,Spring,0.53,7.25,1.3,8.69,8.23,0.27,20,Chlorination,96.86,20,1,0,14.54,10485,76.52,88.12,84.1,865,17.62,57,21,Low
Ethiopia,West,2007,River,2.52,8.24,3.98,6.19,15.4,7.87,485,Boiling,51.14,182,10,19,67.49,1087,43.21,19.76,44.62,703,19.04,171,211,High
Mexico,West,2023,River,2.38,6.84,2.63,7.13,18.34,4.47,456,Filtration,94.52,77,3,8,17.51,10358,76.15,77.05,85.84,731,22.51,87,88,Medium
Mexico,North,2017,River,2.26,5.97,3.74,6.3,13.47,4.65,479,Filtration,99.7,73,2,6,14.65,11594,71.5,88.45,98.17,652,23.23,48,81,Medium
Indonesia,South,2019,Spring,2.54,7.2,1.49,6.85,18.43,4.31,146,Boiling,83.43,89,0,8,27.81,5111,64.71,63.62,69.55,1957,27.88,119,97,Medium
USA,North,2015,River,1.73,7.08,3.5,8.63,14.38,4.69,151,Filtration,95.05,50,2,2,9.83,52023,92.4,82.0,99.5,711,11.02,39,54,Low
Ethiopia,East,2017,Well,1.77,7.38,2.23,7.33,15.1,5.85,181,Filtration,60.32,93,2,7,57.11,1315,40.58,27.67,38.03,835,19.65,113,102,Medium
Ethiopia,North,2019,Spring,0.31,7.1,0.88,8.46,9.75,0.05,3,Chlorination,56.07,21,0,1,58.64,1193,36.93,35.09,43.02,870,18.45,122,22,Low
Indonesia,North,2011,Pond,3.32,6.68,6.14,6.09,27.81,4.09,965,Boiling,75.98,233,9,21,27.72,4933,62.31,54.86,84.4,2669,27.5,101,263,High
Brazil,South,2012,Spring,0.23,6.61,0.76,8.18,13.9,0.81,14,Chlorination,84.86,24,0,0,22.72,8741,74.47,81.6,87.34,2369,21.89,28,24,Low
Brazil,East,2012,Spring,1.92,6.98,2.59,7.62,17.92,6.08,129,Boiling,86.68,63,1,3,26.32,8198,61.86,80.08,76.97,2063,27.09,34,67,Medium
Brazil,Central,2009,Tap,1.27,7.1,2.03,6.98,13.77,3.35,116,None,95.71,41,1,2,19.37,9385,75.38,89.54,76.65,1573,27.14,40,44,Low
Bangladesh,Central,2006,Tap,1.9,7.01,3.07,7.37,24.02,5.31,111,Filtration,79.89,98,6,7,38.12,2591,50.35,44.76,65.79,2718,27.98,1700,111,Medium
Mexico,West,2024,Tap,0.89,5.94,1.26,8.04,8.17,2.62,3,Chlorination,96.46,13,1,2,20.01,10169,72.05,83.21,81.58,755,21.17,60,16,Low
Bangladesh,North,2013,Lake,2.07,7.17,0.65,6.78,18.97,3.43,142,Chlorination,68.88,43,1,9,37.07,3050,52.74,45.17,67.18,1403,26.97,1158,53,Low
USA,West,2023,Well,1.08,7.15,1.63,8.12,9.66,2.11,111,None,97.19,19,0,2,6.16,62219,97.12,86.73,99.5,912,10.15,36,21,Low
Indonesia,South,2015,Spring,2.8,6.25,3.11,6.53,27.17,7.43,332,None,78.93,157,4,12,27.83,5032,70.64,50.86,69.86,2873,25.07,122,173,High
Ethiopia,Central,2014,Spring,1.41,7.01,2.08,7.45,9.34,2.42,150,Filtration,58.29,64,2,14,62.21,1139,45.01,21.15,45.04,774,23.16,129,80,Medium
Mexico,North,2011,Tap,0.81,7.35,0.15,8.41,10.82,1.97,3,Filtration,89.04,15,0,2,14.84,10139,80.39,76.75,90.75,666,20.09,77,17,Low
Bangladesh,South,2008,Spring,1.61,7.25,3.08,7.69,18.78,4.15,146,Boiling,72.84,88,1,2,39.76,2569,49.73,43.45,68.56,1825,24.6,1406,91,Medium
Bangladesh,South,2007,Pond,2.51,6.42,4.29,7.1,24.24,8.0,483,Boiling,68.42,162,7,23,42.85,2362,56.94,37.78,60.77,2832,26.02,1381,192,High
Nigeria,North,2017,Spring,1.94,6.98,2.38,7.27,20.59,5.15,260,None,56.45,186,9,14,79.28,2153,48.42,52.91,54.96,1081,26.2,244,209,High
Bangladesh,South,2022,River,2.75,6.5,3.46,6.76,28.57,6.86,676,Filtration,80.88,170,4,14,33.83,3321,61.24,37.72,73.71,2263,26.03,980,188,High
Pakistan,North,2017,Pond,2.54,7.35,2.34,6.86,16.08,6.42,444,Filtration,76.82,95,4,7,74.7,1773,56.98,40.29,62.68,565,24.72,371,106,Medium
Ethiopia,North,2012,Pond,3.12,7.02,6.12,7.27,21.17,8.13,742,None,52.02,228,15,17,68.47,1055,39.43,25.49,37.2,637,17.12,104,260,High
Pakistan,East,2017,Spring,1.01,6.55,2.33,8.11,13.63,5.21,126,None,63.04,72,5,5,64.75,1802,68.39,37.32,68.43,416,19.7,451,82,Medium
Ethiopia,West,2014,Lake,1.54,7.45,1.61,8.57,8.94,4.31,79,Chlorination,52.75,65,1,9,63.59,1058,53.39,23.48,37.12,627,14.3,93,75,Medium
Indonesia,South,2003,Tap,2.1,6.81,3.08,6.89,18.33,3.02,228,None,77.05,58,1,7,32.29,4350,66.97,53.84,86.67,2468,25.64,194,66,Medium
Ethiopia,South,2016,Well,2.01,6.78,0.49,8.8,17.06,7.71,16,Chlorination,63.69,34,0,3,59.67,1247,49.96,24.33,45.05,934,17.39,142,37,Low
Pakistan,East,2004,Well,1.19,7.47,2.52,7.98,16.53,4.09,173,Boiling,70.05,65,1,4,63.37,1587,48.79,33.71,60.77,506,25.49,218,70,Medium
Ethiopia,East,2021,River,3.13,6.37,6.53,6.49,17.72,9.43,913,None,50.52,261,18,31,67.34,1193,38.98,24.76,32.89,817,19.36,121,310,High
Indonesia,East,2015,Well,3.43,6.94,4.35,5.82,22.51,7.49,729,None,76.49,149,4,13,36.96,4847,58.95,60.13,68.96,1601,26.84,189,166,High
Indonesia,Central,2008,Well,2.44,7.02,4.04,7.31,19.86,6.63,450,None,81.63,100,5,11,26.61,4972,63.85,56.21,74.85,2047,24.97,103,116,Medium
USA,Central,2009,Tap,0.64,6.71,1.37,8.1,6.96,0.2,3,Chlorination,94.47,10,0,0,6.13,57375,86.03,85.33,99.5,711,17.3,37,10,Low
Ethiopia,Central,2023,Tap,1.76,6.86,1.75,8.37,19.38,4.38,88,None,58.33,64,3,11,62.3,1260,49.41,21.56,42.09,888,18.05,104,78,Medium
Nigeria,North,2017,Lake,4.2,6.76,8.16,4.83,24.71,9.64,2084,None,63.78,360,15,24,74.65,2254,55.19,55.2,45.97,1565,27.32,246,399,High
Brazil,South,2016,River,2.28,7.12,3.44,6.15,17.75,3.82,415,Filtration,88.22,90,5,7,23.05,10198,73.34,89.63,79.4,1915,24.62,23,102,Medium
India,West,2017,Well,1.22,7.04,0.44,7.07,15.24,3.22,93,Filtration,81.82,30,2,2,36.09,3138,65.9,39.11,83.62,1221,24.37,390,34,Low
Indonesia,North,2006,Lake,2.72,7.42,1.77,8.27,25.31,7.67,250,Filtration,78.51,118,1,11,30.15,4586,58.15,57.19,80.6,2578,24.37,232,130,High
China,South,2003,River,2.41,7.06,4.31,7.9,19.5,4.63,1443,None,96.99,105,2,10,16.18,13639,78.22,66.98,92.86,1111,13.7,131,117,Medium
Brazil,South,2004,Pond,3.29,6.81,4.78,6.34,22.78,7.24,704,Filtration,82.89,155,2,16,20.36,8203,65.37,87.13,79.15,2446,22.03,24,173,High
Mexico,East,2022,Well,1.31,6.71,1.41,7.07,14.13,5.34,103,Boiling,95.64,48,0,3,17.8,11821,71.39,78.21,93.98,797,20.32,67,51,Low
Ethiopia,East,2015,Well,2.28,7.05,1.65,7.0,18.65,8.57,143,Filtration,53.96,129,2,5,62.27,1111,42.24,19.23,38.74,932,17.67,154,136,High
Pakistan,North,2002,Tap,1.33,7.74,1.28,6.98,11.52,3.65,161,None,62.91,55,3,5,76.12,1556,54.14,31.04,60.1,418,24.84,311,63,Medium
India,East,2017,Spring,1.67,7.09,1.73,7.64,9.33,2.57,56,Filtration,75.37,27,1,4,34.82,2777,65.75,43.06,77.87,1059,26.54,664,32,Low
China,South,2022,River,2.27,7.54,2.85,7.04,17.93,7.48,261,Filtration,89.25,59,1,8,12.9,12539,77.78,64.35,84.73,1004,16.43,164,68,Medium
Brazil,East,2020,Well,2.12,7.83,0.15,7.39,12.35,4.61,103,Filtration,90.83,34,1,7,17.6,10162,80.88,87.27,85.69,1534,27.47,24,42,Low
Ethiopia,Central,2013,River,2.76,6.67,3.94,6.75,12.6,7.66,466,Boiling,46.95,163,5,17,61.79,1135,41.09,23.02,48.64,645,20.46,108,185,High
USA,East,2014,Lake,1.17,6.97,1.43,8.39,11.82,2.63,146,Boiling,95.64,28,3,1,6.11,57537,94.06,82.4,97.65,1106,14.41,50,32,Low
Mexico,South,2016,Lake,1.17,7.07,1.07,8.04,9.94,1.39,84,Chlorination,96.46,28,1,4,21.74,10279,80.23,84.01,95.01,850,17.34,71,33,Low
India,North,2000,Spring,1.98,6.89,2.84,7.22,18.77,7.17,366,None,85.59,90,1,8,32.16,3118,62.09,32.96,79.16,1099,25.39,323,99,Medium
Nigeria,West,2024,Well,2.36,7.77,2.22,7.06,16.74,6.51,274,Boiling,62.15,143,8,6,79.95,2718,51.0,58.66,48.29,1113,25.9,248,157,High
USA,East,2020,Tap,0.32,7.33,0.15,8.71,9.66,0.05,3,Boiling,99.7,12,0,1,10.13,53255,92.09,86.55,99.5,957,14.32,25,13,Low
China,South,2016,Well,0.57,7.17,0.67,8.51,8.61,1.52,9,Boiling,95.69,19,0,3,8.91,13397,81.07,68.0,97.23,842,19.36,131,22,Low
India,West,2022,River,4.41,7.17,7.75,4.73,27.41,10.42,1037,None,86.44,209,10,25,37.4,2877,61.23,40.44,63.47,1856,29.43,549,244,High
USA,West,2024,Pond,1.09,7.29,3.29,8.15,11.37,3.15,130,Chlorination,97.02,51,1,2,12.61,55843,82.05,89.29,96.18,692,12.17,49,54,Low
Mexico,Central,2010,Lake,3.07,6.71,5.36,6.35,17.67,6.69,540,None,90.54,85,2,7,18.46,10144,78.69,79.12,88.83,956,21.19,63,94,Medium
Nigeria,West,2016,River,2.69,6.98,4.31,6.69,17.4,6.04,354,Filtration,65.92,118,6,17,73.2,2339,46.4,61.39,41.55,961,28.6,286,141,High
USA,South,2013,Spring,0.48,7.54,0.21,9.6,8.75,0.05,3,Chlorination,93.72,10,0,0,5.92,51248,92.74,85.7,97.64,799,19.21,36,10,Low
Bangladesh,South,2019,Lake,2.72,6.53,2.44,7.93,27.82,3.75,372,Filtration,72.08,132,2,10,34.45,3175,61.91,45.04,71.01,1963,27.06,1114,144,High
Nigeria,East,2018,Tap,0.68,6.99,0.67,8.09,7.23,1.74,3,Boiling,59.35,12,0,1,69.85,2410,55.1,54.25,57.77,683,29.52,195,13,Low
China,East,2020,Lake,2.63,6.4,3.64,6.91,19.49,4.0,330,None,89.25,87,3,8,13.48,13545,84.56,61.84,93.33,1055,16.39,146,98,Medium
Mexico,East,2006,Pond,2.56,7.31,3.53,7.57,18.65,3.58,401,Filtration,99.7,77,1,5,10.19,11295,76.91,79.24,92.42,668,19.66,93,83,Medium
Ethiopia,West,2023,Well,1.17,6.86,1.8,8.77,10.75,3.07,34,Chlorination,49.71,64,1,5,64.03,1171,34.25,20.97,36.17,835,13.61,122,70,Medium
Pakistan,West,2012,Pond,2.95,7.1,3.8,5.99,21.53,6.27,467,Filtration,65.23,121,3,14,72.77,1623,60.36,32.19,62.62,522,25.24,399,138,High
Pakistan,Central,2017,Pond,2.45,6.65,3.89,7.22,18.68,6.8,602,Filtration,72.94,129,5,11,66.4,1738,55.16,35.8,60.47,539,22.52,328,145,High
Pakistan,East,2022,Well,1.7,7.67,1.92,7.46,9.78,2.35,103,Boiling,74.46,45,2,6,62.94,1965,51.65,35.4,69.13,626,24.59,230,53,Low
India,North,2013,Lake,1.99,7.46,2.17,7.7,17.51,3.01,166,Filtration,69.82,60,2,5,38.49,2511,63.21,34.85,69.85,1238,25.19,515,67,Medium
China,Central,2000,Spring,1.17,7.4,1.58,8.37,9.66,0.05,25,Filtration,91.68,28,1,2,14.27,11906,74.34,64.4,86.9,1051,14.33,130,31,Low
Mexico,North,2006,Well,2.13,6.96,0.15,7.66,14.43,5.93,105,Boiling,96.07,32,1,5,18.99,10514,71.0,80.23,87.75,928,24.65,71,38,Low
Nigeria,West,2007,Well,1.56,6.25,0.96,7.6,13.65,5.8,100,Chlorination,58.77,77,2,7,79.11,2200,47.76,61.98,36.7,892,26.95,178,86,Medium
India,Central,2017,Tap,0.99,7.49,0.15,8.02,15.14,2.07,24,Boiling,70.43,21,1,2,40.4,2436,52.14,40.29,81.78,1237,26.39,347,24,Low
China,Central,2008,Lake,1.49,6.9,1.64,9.19,14.01,2.29,143,Filtration,95.04,48,1,5,9.35,14236,84.71,63.65,94.82,935,12.94,163,54,Low
Ethiopia,South,2000,Well,1.64,6.71,3.06,7.39,15.21,9.35,541,None,55.53,150,7,14,60.14,1262,45.99,27.13,41.74,756,14.11,102,171,High
Bangladesh,West,2021,Spring,2.27,7.12,2.07,6.68,28.35,5.86,331,Boiling,71.27,81,2,9,39.84,2711,57.28,39.66,64.88,2958,25.57,1156,92,Medium
Mexico,West,2016,River,2.27,7.97,4.08,8.05,12.58,3.7,500,Boiling,90.74,76,1,9,21.86,9307,75.07,84.89,82.14,665,19.77,53,86,Medium
Pakistan,Central,2018,Lake,1.65,7.52,3.49,6.62,14.54,4.7,383,Filtration,68.24,113,5,4,71.62,1824,52.65,39.33,66.63,438,26.86,220,122,Medium
USA,West,2005,Tap,0.86,7.69,0.47,8.87,10.39,2.97,16,None,98.39,24,0,0,2.0,54131,83.22,82.82,86.4,1007,13.41,34,24,Low
Mexico,Central,2002,Pond,1.94,7.44,3.17,6.96,15.75,4.36,256,Chlorination,88.08,107,2,8,20.0,9471,67.88,73.63,84.18,826,21.28,52,117,Medium
Indonesia,South,2023,Well,3.45,6.16,3.88,6.19,28.75,8.21,737,None,76.81,148,3,18,31.3,4497,65.05,58.39,75.93,2469,30.77,156,169,High
China,Central,2004,Spring,1.8,7.8,0.45,8.84,16.21,1.87,42,Boiling,85.73,36,3,8,8.19,11900,72.49,69.34,91.47,1159,13.24,133,47,Low
Brazil,West,2001,Lake,2.18,6.41,3.07,5.9,14.02,3.65,483,None,77.67,93,2,10,25.17,7322,70.34,82.1,76.69,1223,22.17,22,105,Medium
Ethiopia,West,2019,Spring,0.54,6.97,0.46,8.23,13.76,6.93,45,Chlorination,59.46,54,1,4,60.57,1275,47.42,18.12,45.04,829,20.36,89,59,Low
Bangladesh,Central,2024,Spring,2.33,6.93,3.59,6.37,24.81,2.99,384,None,74.37,140,7,6,38.0,2973,58.29,44.35,74.25,1931,27.93,1172,153,High
Ethiopia,Central,2003,Pond,4.17,6.75,8.43,6.67,24.24,11.74,1518,None,61.48,312,18,40,61.84,1202,43.85,25.3,33.9,918,17.82,199,370,High
Mexico,Central,2009,Tap,2.34,6.59,2.38,7.35,13.17,4.32,182,None,96.72,55,0,3,17.71,11105,74.34,82.63,87.37,495,21.4,87,58,Low
Brazil,East,2009,Lake,1.82,6.89,2.3,7.72,19.63,2.92,186,Boiling,80.91,77,1,5,20.39,8922,65.32,86.39,80.16,2055,20.63,21,83,Medium
Indonesia,West,2023,Well,1.42,6.8,1.91,7.58,18.92,4.32,244,Filtration,82.19,89,2,2,28.53,4971,61.15,59.04,73.78,2398,24.39,107,93,Medium
Nigeria,West,2020,Tap,0.62,8.41,0.66,8.08,14.6,5.36,18,Filtration,62.3,41,2,3,77.57,2110,47.01,52.64,49.69,1149,27.24,287,46,Low
USA,East,2010,Well,1.63,6.7,3.11,7.7,13.38,3.55,169,None,99.05,48,0,5,12.44,53247,75.16,85.92,95.0,709,11.86,46,53,Low
Brazil,Central,2015,River,2.65,6.85,4.2,6.61,20.07,6.03,593,Boiling,96.46,111,3,6,17.33,8402,70.14,83.88,81.6,2004,21.11,26,120,Medium
China,South,2016,Spring,0.75,7.36,0.15,8.79,15.39,3.87,9,Boiling,95.88,25,0,4,6.98,13555,71.56,67.32,93.67,1170,16.76,263,29,Low
Pakistan,Central,2015,River,2.58,6.96,4.26,7.31,18.9,5.14,620,Boiling,68.68,163,6,8,65.95,1782,52.65,39.5,70.88,523,27.15,213,177,High
Indonesia,Central,2006,Spring,1.45,6.66,0.26,6.84,20.74,2.24,136,Filtration,80.46,50,1,3,29.66,4738,64.43,59.74,70.74,2372,27.89,189,54,Low
USA,East,2015,Pond,1.82,7.13,4.57,8.06,16.32,3.27,256,Boiling,99.7,62,1,1,12.73,57497,90.59,84.83,98.43,928,15.52,46,64,Medium
Bangladesh,West,2002,Tap,2.58,7.24,4.45,6.54,27.6,6.32,313,None,68.57,167,4,17,43.19,2272,50.09,37.85,68.19,2329,28.24,1188,188,High
Pakistan,Central,2015,Well,1.15,7.01,1.87,8.21,13.49,2.49,29,Filtration,70.0,44,0,5,64.22,1611,55.68,39.93,78.87,429,21.53,326,49,Low
Mexico,West,2007,Pond,1.98,7.26,2.64,7.07,13.2,5.57,383,Boiling,93.66,60,1,7,17.97,9564,81.81,78.39,82.48,688,17.0,53,68,Medium
Brazil,North,2011,Well,2.05,6.33,2.0,6.51,14.09,3.74,265,None,90.54,64,1,14,26.63,8162,60.44,85.1,86.1,1821,22.44,18,79,Medium
USA,West,2002,Tap,0.78,7.6,0.15,9.35,5.61,1.59,3,Filtration,92.01,8,0,1,7.56,45899,86.83,82.57,95.32,691,11.67,33,9,Low
India,South,2016,Lake,2.43,6.85,4.2,6.5,15.95,7.03,660,Boiling,78.6,123,3,9,36.44,2473,61.15,39.23,66.74,1055,26.9,531,135,High
Nigeria,South,2020,River,1.77,6.98,2.71,7.04,14.39,4.41,575,Chlorination,61.53,122,2,16,76.41,2208,43.42,51.48,50.96,958,25.05,205,140,High
Nigeria,Central,2017,River,3.45,6.99,6.2,6.7,22.83,8.52,1049,None,59.91,241,15,27,81.46,2232,39.53,53.83,49.39,1127,23.6,260,283,High
Indonesia,West,2010,Well,1.26,7.35,1.33,7.8,20.53,3.45,64,Chlorination,79.21,53,2,5,35.31,5056,62.75,55.4,78.81,2224,27.14,141,60,Medium
Bangladesh,Central,2003,Well,1.17,6.3,2.09,8.07,18.54,2.92,66,Filtration,71.75,48,1,4,39.13,2711,56.25,32.49,80.62,1624,28.06,1368,53,Low
Indonesia,East,2015,Well,1.73,7.63,1.58,6.4,21.1,5.73,155,Boiling,82.38,80,2,6,26.67,4666,69.46,58.99,75.82,1890,25.63,293,88,Medium
India,South,2016,Tap,1.61,7.72,1.39,7.77,17.2,5.08,179,None,67.1,88,3,3,37.61,2578,51.92,38.27,78.35,757,25.73,483,94,Medium
China,Central,2008,Lake,2.58,6.64,3.86,6.93,19.99,3.33,713,None,94.96,96,2,12,19.04,12425,76.44,63.75,94.48,1099,13.04,178,110,Medium
Bangladesh,East,2005,River,4.27,6.65,10.26,4.47,33.22,9.64,1632,None,77.09,213,16,30,44.78,2483,57.04,34.99,67.54,2252,26.91,1502,259,High
Ethiopia,Central,2023,Pond,3.11,6.89,4.18,7.12,19.5,5.79,932,Chlorination,50.73,150,8,15,59.01,1446,51.43,23.98,40.13,836,17.85,108,173,High
China,West,2019,Spring,0.99,6.31,0.55,7.66,15.83,0.38,16,Boiling,93.96,27,0,1,9.78,15039,79.56,70.33,88.8,894,14.57,198,28,Low
Bangladesh,West,2024,Tap,1.16,7.25,1.03,8.86,19.3,2.97,5,Boiling,71.11,36,0,6,32.39,3128,48.49,38.77,68.43,1635,24.05,956,42,Low
Bangladesh,West,2001,River,2.98,7.26,4.81,6.22,23.59,6.6,677,Boiling,69.98,179,4,22,38.94,2785,61.46,47.2,63.33,1797,28.41,1700,205,High
India,West,2008,Lake,1.46,6.96,2.44,7.15,14.38,1.46,205,Chlorination,81.5,58,2,2,35.06,2587,63.64,35.2,71.67,838,22.19,343,62,Medium
Mexico,North,2020,Tap,0.6,6.76,0.15,8.37,7.97,1.0,3,Filtration,91.53,15,0,1,17.72,11180,69.78,86.63,95.42,641,22.35,59,16,Low
India,East,2005,Pond,2.05,7.7,5.19,7.15,21.31,5.37,540,Chlorination,75.85,132,13,11,35.98,2658,59.06,39.73,79.75,1214,24.99,337,156,High
Bangladesh,East,2002,River,2.89,7.42,4.23,5.54,25.1,6.9,451,Filtration,70.29,172,3,14,33.89,2649,58.23,36.62,65.53,1804,27.93,1530,189,High
USA,West,2019,Tap,0.52,7.58,0.15,9.73,6.69,2.72,3,Chlorination,94.7,7,0,1,10.83,53750,85.49,83.11,93.76,965,15.27,32,8,Low
China,North,2005,River,2.29,6.86,1.19,7.97,15.23,3.22,342,Boiling,96.88,63,0,4,11.5,13981,80.14,65.77,91.67,902,13.64,151,67,Medium
India,West,2006,River,2.86,6.82,4.52,6.1,16.59,10.28,523,Boiling,76.64,141,8,17,34.96,2574,56.46,37.19,77.12,1165,27.89,456,166,High
Mexico,North,2000,Lake,2.31,6.79,3.31,7.71,16.17,4.23,566,Boiling,86.87,63,0,10,17.92,8923,66.85,74.51,89.61,812,23.17,72,73,Medium
Brazil,West,2022,Spring,1.33,7.0,0.77,6.92,9.21,0.21,42,Chlorination,88.55,22,0,1,20.91,9699,76.15,86.04,79.72,1532,25.37,31,23,Low
Indonesia,South,2000,Lake,3.7,7.11,5.14,6.55,27.32,7.28,1044,None,77.93,189,9,18,31.45,4736,68.94,54.14,71.04,2288,26.02,133,216,High
Bangladesh,South,2004,River,2.83,6.93,3.62,7.08,26.09,5.75,466,Chlorination,74.36,107,2,11,39.07,2598,50.47,30.72,74.44,2365,28.31,883,120,Medium
Ethiopia,Central,2005,Tap,0.72,7.76,0.61,8.08,10.09,5.96,4,Filtration,51.77,30,3,5,63.91,1025,34.06,20.46,38.45,781,18.28,136,38,Low
Brazil,West,2012,Pond,2.63,7.54,4.34,7.35,16.13,6.55,445,Chlorination,89.58,151,6,8,20.24,7752,63.72,80.47,77.73,1580,20.64,21,165,High
Nigeria,East,2001,Lake,2.0,7.56,3.23,6.83,19.49,2.74,395,Filtration,60.25,116,4,10,76.59,1973,48.51,54.17,47.73,1066,31.21,274,130,High
Pakistan,Central,2014,Spring,0.96,7.04,0.15,8.39,13.75,0.74,22,Chlorination,68.82,27,0,3,69.15,1605,45.38,50.59,66.98,568,20.58,348,30,Low
Mexico,South,2014,River,2.89,7.16,6.09,6.24,14.22,9.52,990,None,83.55,116,2,10,28.17,8348,71.94,78.02,92.72,714,22.23,54,128,High
Ethiopia,West,2012,Pond,4.35,6.32,7.23,5.18,24.06,7.66,2010,None,49.8,307,11,39,56.31,1296,52.34,25.64,44.22,1018,16.07,116,357,High
Pakistan,Central,2024,Lake,1.46,6.68,2.59,6.32,15.19,6.01,341,Boiling,72.67,150,3,9,67.85,1778,54.4,41.01,60.5,419,26.14,216,162,High
Mexico,West,2013,Lake,2.78,7.64,2.54,7.24,19.03,6.69,279,None,91.38,82,2,4,17.1,9258,66.98,83.81,95.04,706,19.73,83,88,Medium
USA,South,2021,Lake,1.87,7.8,0.62,8.62,13.77,0.85,97,Chlorination,99.7,38,0,1,9.42,58957,92.05,89.17,91.89,891,13.92,57,39,Low
Indonesia,Central,2006,Lake,3.63,7.17,6.31,5.44,25.83,9.01,477,None,74.45,242,11,27,36.46,4526,67.57,59.14,70.66,1879,25.32,164,280,High
Brazil,South,2013,Pond,2.62,6.93,4.37,7.16,16.6,7.79,886,Boiling,90.25,98,3,10,24.81,9847,70.94,92.22,75.97,1736,22.56,29,111,Medium
China,North,2023,Tap,1.01,7.47,0.15,9.26,10.74,1.07,3,Chlorination,91.65,14,0,0,8.72,12005,78.8,61.75,83.62,859,13.24,149,14,Low
Mexico,South,2009,Spring,0.51,7.24,0.15,7.9,10.22,3.99,55,Filtration,90.57,34,0,3,21.25,8396,77.02,80.86,79.78,884,20.24,50,37,Low
China,West,2016,Spring,0.53,7.08,0.15,8.81,12.27,3.46,6,Chlorination,92.07,24,0,0,11.33,12770,69.39,62.15,80.48,1089,16.43,264,24,Low
Indonesia,East,2013,River,3.09,6.93,4.6,5.9,24.43,6.76,841,Boiling,74.59,150,9,16,31.33,4163,71.1,60.69,71.11,2466,28.1,84,175,High
Bangladesh,South,2007,Well,2.75,7.14,5.07,7.48,32.38,5.56,963,None,76.01,182,6,28,35.23,3161,65.84,39.97,73.1,2520,28.15,1376,216,High
Nigeria,East,2003,Tap,2.39,7.33,2.45,7.56,21.75,3.42,283,None,60.2,153,4,11,71.8,2102,47.58,46.29,50.81,1383,23.68,317,168,High
Brazil,North,2015,River,1.46,6.65,2.15,6.76,17.07,5.36,231,Chlorination,89.38,62,2,9,23.63,9510,73.74,84.39,72.81,1943,24.23,28,73,Medium
Indonesia,Central,2023,River,3.16,6.84,3.07,6.57,27.09,7.21,1133,Filtration,81.13,177,6,16,25.83,5219,56.36,63.36,80.73,2715,26.95,172,199,High
Indonesia,Central,2012,Lake,2.66,7.4,5.96,5.06,21.93,8.59,469,Filtration,75.5,147,3,21,32.22,4208,59.31,55.68,69.83,2274,27.14,146,171,High
USA,East,2021,Well,0.5,7.5,0.15,8.76,10.0,2.71,13,Filtration,99.7,17,2,1,4.16,53274,91.63,78.13,93.12,988,12.24,38,20,Low
Pakistan,Central,2024,Well,1.24,6.67,0.91,8.18,10.1,1.19,41,Filtration,65.78,33,2,2,66.13,1880,58.96,44.01,71.38,459,23.42,290,37,Low
Nigeria,South,2019,Tap,0.71,7.35,0.21,7.91,9.89,2.2,5,Chlorination,64.28,31,0,1,75.49,2260,44.85,52.47,41.66,1034,27.41,266,32,Low
Brazil,East,2017,Well,2.23,6.65,3.11,8.89,15.76,7.41,283,None,88.56,100,2,6,23.41,8326,76.8,86.41,84.01,1338,21.44,22,108,Medium
Bangladesh,West,2013,River,2.15,6.6,3.88,6.92,26.18,3.29,371,Filtration,76.06,122,10,9,37.8,3027,48.62,42.78,70.31,1964,22.92,1005,141,High
Bangladesh,South,2017,Well,2.06,7.39,3.1,6.76,25.24,5.3,328,Chlorination,74.35,86,1,14,33.78,3105,54.26,44.12,76.43,2044,25.48,1561,101,Medium
India,South,2004,Well,1.8,6.83,2.97,7.6,20.23,4.28,71,Chlorination,77.71,99,1,7,34.8,2475,55.62,37.94,66.19,1149,28.16,406,107,Medium
Indonesia,South,2008,Spring,1.22,7.08,0.15,7.42,17.74,4.04,44,Chlorination,84.95,52,2,3,29.88,5157,72.62,57.73,77.99,1952,28.01,181,57,Low
Mexico,West,2002,River,1.97,7.41,1.66,7.35,14.27,5.4,375,Filtration,89.53,74,3,6,18.52,9253,65.54,80.74,90.5,594,23.25,46,83,Medium
USA,North,2007,Pond,2.17,7.04,2.24,8.47,8.66,4.63,279,Filtration,91.79,76,2,2,11.14,44618,82.1,80.71,93.64,837,9.01,33,80,Medium
Nigeria,Central,2019,Well,2.12,6.85,1.87,6.66,17.26,6.69,201,Chlorination,63.16,103,3,9,76.02,2391,52.26,51.89,53.74,1250,26.79,225,115,Medium
Bangladesh,East,2021,Well,1.42,6.58,1.99,6.41,27.79,1.53,169,Chlorination,72.25,69,1,11,39.37,3014,59.46,36.89,55.11,2251,25.56,1157,81,Medium
Brazil,North,2009,Lake,1.8,7.03,1.45,7.36,13.97,3.85,171,Chlorination,88.45,53,1,2,22.08,8542,70.71,85.07,82.19,1800,23.37,19,56,Low
India,East,2021,Well,2.12,6.62,4.04,7.45,19.93,5.17,297,None,79.13,135,6,10,37.07,2530,55.78,42.2,73.58,1274,25.6,420,151,High
Brazil,Central,2018,Well,2.73,6.58,2.92,7.88,18.53,5.64,486,None,89.95,90,5,10,23.3,8882,71.63,92.28,91.62,1576,26.55,25,105,Medium
USA,West,2020,Spring,0.6,7.31,0.15,8.69,12.61,0.84,9,Boiling,97.83,15,0,1,6.18,54108,93.44,81.22,88.55,760,14.8,45,16,Low
Mexico,South,2002,River,1.19,6.46,2.78,7.65,14.59,7.9,311,Boiling,95.52,62,5,7,21.6,9427,77.41,77.61,88.12,953,22.5,79,74,Medium
India,South,2010,Tap,0.4,6.83,0.15,9.36,12.6,4.24,4,Filtration,65.45,34,1,1,39.92,2310,61.88,39.64,70.64,1165,25.0,538,36,Low
India,West,2010,River,2.89,6.71,7.29,6.18,24.95,5.59,845,None,71.6,178,13,27,35.48,2819,63.87,42.82,76.94,907,24.67,629,218,High
Pakistan,North,2016,Lake,2.36,7.43,3.84,7.2,14.62,4.74,420,Boiling,70.48,122,3,15,70.05,1671,50.1,39.77,70.33,735,22.63,261,140,High
Nigeria,North,2015,River,2.42,6.63,3.54,5.98,17.87,5.82,254,Chlorination,67.36,174,3,19,82.69,2108,40.32,48.47,40.31,1245,25.45,282,196,High
India,East,2006,Well,0.95,6.68,2.08,7.09,12.99,2.08,70,Chlorination,74.42,43,3,3,38.83,2281,55.37,33.46,70.42,966,22.12,502,49,Low
Pakistan,West,2003,Lake,2.46,6.97,2.09,7.64,15.1,8.78,175,Filtration,69.22,109,1,6,66.69,1655,54.45,35.45,71.01,531,24.75,548,116,Medium
Pakistan,North,2022,River,2.1,6.78,3.41,7.28,13.3,6.06,382,Filtration,70.89,101,4,7,68.09,1620,56.96,39.47,59.37,471,23.55,199,112,Medium
USA,West,2018,Lake,0.72,7.29,0.69,7.88,9.96,2.28,69,Boiling,99.7,34,0,1,4.23,47116,89.07,84.69,94.94,839,12.17,21,35,Low
China,Central,2011,Tap,0.85,7.77,0.27,8.72,14.46,0.05,3,Chlorination,83.16,15,0,0,13.61,11690,73.99,66.36,85.31,1190,14.73,172,15,Low
Brazil,South,2014,River,2.21,6.71,2.67,7.19,16.76,4.24,288,Filtration,85.88,81,3,9,20.54,9285,67.74,91.24,80.3,1267,22.8,33,93,Medium
Mexico,South,2010,Pond,2.49,6.61,5.14,5.76,15.69,8.44,390,Filtration,85.65,110,2,8,22.7,10316,72.72,81.64,91.29,640,21.72,64,120,Medium
Ethiopia,South,2004,Well,2.06,6.92,2.95,6.13,15.06,2.28,394,None,56.05,106,3,9,59.74,1415,51.65,23.73,49.4,971,19.73,149,118,Medium
Brazil,West,2004,Lake,1.44,7.21,0.45,8.06,11.46,3.96,121,Boiling,89.87,50,1,6,15.84,9148,67.82,91.42,85.45,1754,20.77,39,57,Low
India,West,2014,Pond,2.46,6.73,4.05,6.09,22.21,6.88,832,Filtration,67.88,163,11,11,42.76,2192,57.53,32.79,71.08,930,26.81,616,185,High
Mexico,East,2017,Pond,1.57,7.17,3.05,6.76,12.45,3.76,447,Boiling,87.88,86,7,8,21.83,10047,71.51,77.0,93.84,685,24.12,51,101,Medium
Bangladesh,South,2010,Spring,2.69,7.34,1.75,6.8,25.25,5.04,136,Chlorination,73.65,66,3,4,31.83,2674,57.04,42.87,68.63,1801,27.8,1449,73,Medium
China,East,2011,Lake,1.65,7.27,3.26,8.62,16.72,6.86,248,Boiling,92.28,72,0,3,11.49,13261,70.9,70.61,92.3,1077,13.02,170,75,Medium
Bangladesh,South,2001,Pond,2.92,6.18,4.3,7.44,27.14,6.23,522,Filtration,75.55,117,2,12,37.65,2478,55.23,43.59,62.48,1757,23.49,1127,131,High
Bangladesh,East,2019,Spring,2.83,6.57,4.96,7.37,24.38,6.78,418,None,73.89,147,3,15,36.6,3226,60.97,39.86,81.73,1938,29.08,1533,165,High
Nigeria,East,2014,Pond,3.21,6.67,5.42,6.61,21.6,8.56,966,Boiling,62.6,189,9,13,82.51,2442,46.17,55.84,55.31,1276,24.9,267,211,High
Brazil,Central,2019,Well,1.73,7.06,1.27,7.8,11.67,5.03,79,Boiling,84.42,40,1,6,21.34,6574,63.06,82.7,72.21,1113,21.91,23,47,Low
Ethiopia,East,2003,Tap,1.28,6.66,0.29,8.28,11.5,4.06,39,Chlorination,55.31,57,0,2,60.09,1107,41.35,27.44,35.98,850,20.26,116,59,Low
USA,West,2021,Spring,1.86,7.12,2.78,8.38,10.17,2.0,276,None,88.78,62,0,7,11.26,50743,86.94,87.82,90.36,1098,15.01,52,69,Medium
Ethiopia,East,2017,Tap,1.4,6.41,1.46,8.97,11.28,1.96,18,Boiling,60.1,28,3,1,58.99,1147,54.08,23.91,35.77,704,17.07,123,32,Low
Bangladesh,South,2005,Lake,3.61,6.56,6.43,5.23,31.72,7.11,997,None,73.61,269,4,17,34.44,2478,57.88,42.77,66.53,2242,25.74,1384,290,High
India,East,2022,Well,1.66,6.83,2.8,8.02,18.9,1.85,404,Filtration,81.34,76,2,12,36.08,2782,63.09,36.67,77.52,1082,27.09,493,90,Medium
China,North,2018,Spring,1.89,6.74,1.77,7.18,15.0,4.77,297,None,92.06,49,2,4,12.85,13621,78.17,69.1,81.91,943,15.02,185,55,Low
Indonesia,South,2010,Lake,2.9,6.61,2.87,6.72,25.68,6.93,545,Filtration,73.6,151,4,10,34.12,4554,64.95,58.76,76.21,3600,24.31,141,165,High
Ethiopia,North,2023,Pond,2.82,7.3,4.27,7.55,17.95,6.13,553,Chlorination,52.25,204,4,19,60.44,1355,48.82,20.34,37.4,891,17.2,156,227,High
Bangladesh,South,2001,River,3.3,7.34,4.08,6.17,24.46,7.54,688,Chlorination,75.71,118,8,18,43.46,2484,57.59,34.44,66.05,1752,25.96,1289,144,High
China,West,2007,Lake,1.51,7.36,0.65,8.44,13.96,1.28,21,Chlorination,88.76,18,0,1,14.09,9973,75.01,60.35,82.56,719,14.22,146,19,Low
Mexico,West,2010,Tap,0.69,7.31,2.21,8.21,8.13,0.5,3,Filtration,94.61,20,0,0,9.1,10518,66.59,84.77,91.25,784,20.56,50,20,Low
Brazil,West,2004,Well,1.55,7.11,1.16,7.46,13.29,4.43,100,Boiling,90.73,48,0,2,19.17,8678,70.19,90.04,83.53,1852,22.29,30,50,Low
Pakistan,North,2017,Well,1.39,7.43,1.77,7.57,11.0,0.22,55,Filtration,64.27,70,0,4,67.14,1745,56.44,43.11,67.98,490,22.4,343,74,Medium
Nigeria,Central,2022,Lake,2.65,7.5,5.1,7.37,18.1,5.9,556,None,60.13,220,5,10,71.75,2429,42.29,57.72,51.78,907,22.82,183,235,High
China,South,2017,Pond,2.52,7.03,6.11,6.45,15.63,4.42,829,None,90.24,148,8,11,21.71,11331,69.92,63.84,84.19,868,15.27,134,167,High
India,West,2013,River,2.0,7.36,2.66,6.83,12.79,8.23,330,Filtration,78.41,107,3,4,41.3,2561,50.02,43.89,69.15,946,24.83,334,114,Medium
India,South,2021,Tap,0.56,7.3,0.6,8.4,10.31,1.39,3,Chlorination,74.94,19,0,0,38.97,2504,58.31,35.45,78.38,760,24.01,424,19,Low
China,North,2009,Lake,1.19,6.68,0.74,7.92,17.92,1.74,210,Chlorination,88.29,57,3,1,24.81,11628,74.39,61.85,90.92,1093,13.14,173,61,Medium
India,Central,2002,Lake,3.12,7.2,5.68,5.74,24.96,6.86,551,None,72.61,140,8,19,37.33,2540,58.18,42.29,72.78,1077,25.36,441,167,High
Brazil,North,2008,Well,2.13,7.3,3.21,6.35,15.79,4.57,288,None,89.23,72,4,12,22.53,8759,70.81,92.72,78.96,1550,25.24,26,88,Medium
India,South,2002,Tap,1.15,6.91,0.15,8.16,14.88,2.85,7,Boiling,67.82,17,0,4,33.69,2153,60.27,32.3,74.69,1224,26.95,321,21,Low
Ethiopia,Central,2010,River,2.32,7.39,2.52,7.35,16.04,6.57,639,Boiling,49.69,173,4,21,70.6,1066,39.35,25.95,40.09,851,16.83,128,198,High
Pakistan,Central,2011,Well,1.91,6.51,2.14,7.1,15.76,4.52,249,Boiling,74.2,74,3,4,66.68,1775,43.46,41.9,64.94,429,23.17,204,81,Medium
India,North,2011,Lake,2.55,6.93,2.54,7.29,18.5,6.3,570,None,78.87,121,5,12,40.46,2859,60.71,42.0,76.76,806,21.61,473,138,High
Pakistan,West,2002,Well,1.49,6.88,2.41,7.09,12.54,3.73,82,Boiling,71.56,61,2,7,62.97,1794,47.51,38.81,80.47,610,26.18,238,70,Medium
Bangladesh,South,2020,Well,3.97,6.8,4.07,6.65,26.04,6.06,638,None,73.31,169,9,18,32.31,3444,63.97,44.8,81.69,2013,25.74,1423,196,High
USA,East,2006,Spring,2.06,7.43,2.44,7.67,15.74,3.13,251,None,90.38,70,1,5,14.57,43534,74.84,81.35,83.43,761,10.94,42,76,Medium
Brazil,East,2013,Well,2.09,7.01,2.92,7.57,14.14,4.79,267,Filtration,90.26,71,4,10,16.61,9556,74.62,88.08,86.25,2110,23.8,36,85,Medium
USA,North,2023,Pond,2.42,6.64,3.78,7.66,17.23,6.7,341,Boiling,97.39,80,2,6,9.33,59582,94.2,83.54,98.9,993,11.41,47,88,Medium
Bangladesh,South,2010,Well,2.38,6.47,4.08,6.89,26.95,6.39,473,Filtration,74.21,137,7,15,37.96,2701,59.76,42.63,68.13,2439,26.67,976,159,High
Brazil,South,2006,Pond,2.7,6.77,3.73,5.9,16.3,6.45,818,Filtration,95.48,82,2,6,21.37,8085,68.32,81.05,84.02,1777,28.26,22,90,Medium
China,North,2024,Tap,0.46,6.92,0.7,9.57,8.99,1.65,3,Boiling,94.58,16,1,0,13.39,12109,78.61,64.95,83.44,971,16.67,186,17,Low
China,South,2020,Well,1.93,7.67,1.14,8.11,20.2,8.18,258,None,85.26,108,3,4,15.77,12993,81.4,66.19,87.33,1273,13.73,86,115,Medium
Pakistan,West,2009,River,3.12,6.52,6.36,6.49,20.99,5.37,1464,None,65.84,217,7,14,73.33,1504,51.1,28.4,66.79,459,21.86,315,238,High
Bangladesh,North,2010,Pond,3.83,6.82,8.34,5.32,31.76,8.91,982,None,73.25,287,4,23,36.48,2647,65.16,41.39,70.45,2450,26.23,1575,314,High
Pakistan,West,2014,Pond,2.79,6.71,4.22,7.3,15.91,7.33,435,Boiling,71.69,125,10,18,66.66,1704,46.27,41.13,66.67,634,24.24,272,153,High
Nigeria,South,2018,Lake,3.63,7.25,6.37,5.55,27.46,7.18,980,None,61.35,294,17,26,82.92,2257,53.2,55.4,41.79,1221,31.83,515,337,High
India,North,2015,Tap,1.29,7.19,0.35,8.98,9.84,3.99,3,Filtration,81.76,21,0,1,37.81,2372,59.46,42.66,75.45,762,24.0,428,22,Low
Indonesia,South,2021,Well,2.03,6.74,2.7,7.58,20.24,6.4,264,Chlorination,71.58,101,4,11,38.27,4537,61.05,57.26,79.59,1904,25.21,175,116,Medium
Nigeria,North,2020,River,2.46,6.49,3.76,6.56,21.7,6.02,499,Boiling,68.83,133,3,13,77.94,2182,49.63,51.49,49.42,1643,29.95,388,149,High
India,South,2019,Lake,1.85,7.61,3.03,7.66,20.84,4.43,147,Chlorination,74.47,84,3,7,36.01,2677,63.85,41.61,67.21,1038,24.47,374,94,Medium
Brazil,West,2011,Tap,0.65,7.14,0.15,8.57,13.16,1.44,4,Filtration,84.44,13,0,0,24.97,7771,64.71,87.27,75.35,1391,26.97,32,13,Low
Pakistan,West,2017,Pond,3.09,6.04,4.35,6.91,22.98,3.33,715,Chlorination,66.69,139,10,12,71.4,1486,56.18,34.93,75.62,422,22.27,319,161,High
Brazil,South,2022,River,1.79,7.12,1.98,8.07,17.8,3.17,122,Filtration,91.79,39,2,3,20.51,10172,81.36,95.98,88.84,1857,22.35,26,44,Low
Brazil,North,2012,Well,1.06,6.7,0.15,8.61,10.58,3.96,27,Chlorination,95.66,28,1,2,15.23,9327,70.25,90.24,83.52,1675,20.06,25,31,Low
India,East,2004,Spring,1.45,7.23,1.65,8.26,17.28,5.64,105,Chlorination,76.94,85,0,4,37.79,2136,58.49,35.15,66.6,1223,22.27,441,89,Medium
Bangladesh,West,2003,Spring,3.24,6.91,4.58,5.48,28.01,9.46,410,None,74.12,168,7,20,34.67,3254,69.76,51.18,74.12,2198,27.11,1340,195,High
India,West,2013,Tap,0.81,7.93,0.88,7.31,15.01,3.03,14,Chlorination,79.12,26,2,1,33.53,2609,57.84,39.39,74.21,1241,25.21,542,29,Low
Mexico,East,2007,River,0.54,6.88,1.53,8.27,10.69,0.05,45,Filtration,98.06,26,0,1,12.83,10998,70.42,75.02,92.81,831,16.32,62,27,Low
China,South,2008,Lake,0.64,7.17,0.15,8.3,17.23,0.05,81,Filtration,90.39,41,2,2,11.1,12058,81.63,63.47,87.43,1069,13.02,125,45,Low
China,North,2024,River,2.19,6.81,2.3,8.53,15.93,3.16,295,Filtration,93.7,51,5,3,12.29,12400,65.14,58.67,88.21,925,13.27,133,59,Low
Nigeria,South,2018,Pond,2.93,6.87,4.19,7.44,18.81,7.25,906,Boiling,61.88,184,11,25,78.4,1899,43.41,60.41,54.92,1280,26.27,188,220,High
China,Central,2002,Spring,1.2,7.27,1.43,8.99,14.63,3.8,4,Filtration,81.66,25,0,1,17.42,9836,65.36,60.74,83.44,904,13.31,186,26,Low
India,West,2004,Tap,1.2,6.91,0.98,7.7,15.03,1.97,5,Boiling,72.65,26,1,0,35.04,2605,60.31,37.92,65.01,1161,21.47,462,27,Low
Ethiopia,Central,2020,Well,2.14,6.89,2.7,7.92,13.3,5.74,283,Filtration,54.82,120,7,7,68.81,1083,40.39,20.66,44.34,822,18.08,166,134,High
Pakistan,West,2017,River,2.45,7.47,3.99,6.03,18.48,7.19,876,Boiling,75.48,133,3,20,63.76,2037,57.84,35.78,76.73,398,25.48,343,156,High
India,West,2000,Spring,1.06,7.08,0.15,8.16,10.5,4.71,3,Chlorination,75.24,34,0,0,40.86,2465,56.76,27.72,72.79,1021,20.0,414,34,Low
India,Central,2007,Lake,2.21,6.89,1.35,8.22,18.9,5.6,296,Chlorination,79.7,92,3,9,38.74,2627,63.36,43.7,71.1,1039,20.1,769,104,Medium
Indonesia,Central,2018,Tap,1.07,6.42,0.15,7.96,21.35,1.66,3,Filtration,81.33,21,0,0,27.87,5086,65.19,59.9,77.47,3243,25.58,173,21,Low
Pakistan,South,2016,Well,1.99,6.91,2.72,6.71,18.93,5.86,402,Boiling,63.13,139,4,13,71.34,1645,49.63,40.24,64.85,443,25.29,262,156,High
Mexico,Central,2016,River,1.91,6.64,4.18,6.11,15.01,4.67,867,None,89.94,105,3,7,19.48,12185,73.46,92.74,99.5,979,20.47,33,115,Medium
China,South,2010,Lake,3.19,6.92,2.84,7.17,23.7,5.57,638,None,93.85,89,3,10,17.73,12351,76.63,75.02,82.1,837,19.11,200,102,Medium
Pakistan,South,2001,Well,2.06,6.98,4.28,6.95,16.28,7.38,953,None,67.4,176,4,13,70.95,1700,52.71,34.55,56.42,499,25.72,316,193,High
China,South,2005,Pond,1.7,7.0,2.88,8.99,17.52,2.4,183,Chlorination,90.41,52,3,3,11.92,11668,79.13,64.64,85.89,1105,15.87,158,58,Low
Nigeria,West,2021,Spring,1.22,8.51,1.24,7.71,15.47,4.47,76,Chlorination,66.55,59,3,5,74.11,2366,47.94,54.61,45.03,1148,27.48,217,67,Medium
Pakistan,West,2013,Pond,2.56,7.01,4.14,7.07,18.59,7.82,586,Boiling,69.36,169,3,14,63.57,1655,54.88,35.23,72.7,659,27.02,264,186,High
China,Central,2002,Spring,1.39,7.13,1.33,8.9,15.37,1.46,37,Filtration,91.43,27,2,3,17.03,10673,74.71,62.94,85.41,1133,12.12,199,32,Low
Mexico,West,2011,Lake,1.96,6.75,1.31,7.89,12.18,4.0,221,Chlorination,91.36,48,1,2,15.43,9795,63.28,83.71,88.13,713,23.41,44,51,Low
USA,Central,2003,Pond,1.58,6.93,2.8,8.03,11.66,5.91,427,Filtration,94.71,60,3,8,13.39,57760,88.1,86.27,99.5,1067,13.15,46,71,Medium
Brazil,West,2011,Spring,3.25,6.78,3.92,6.96,25.1,7.31,252,None,88.73,102,1,10,25.56,8370,62.47,93.39,86.02,2355,28.09,21,113,Medium
Brazil,North,2012,Tap,1.27,6.36,1.11,7.46,13.08,4.57,75,None,93.21,49,1,4,22.83,8421,71.81,83.45,78.04,1243,22.2,35,54,Low
Mexico,North,2001,Lake,2.0,7.42,0.94,7.87,9.5,1.75,112,Filtration,92.13,43,2,4,19.49,10064,66.79,83.73,92.99,757,21.97,91,49,Low
Indonesia,Central,2001,Spring,1.76,7.33,0.72,8.21,15.62,4.6,75,Boiling,77.19,45,2,5,30.24,5036,58.91,62.42,76.12,2196,24.01,170,52,Low
USA,West,2014,River,2.62,6.57,5.58,7.4,18.32,6.83,982,None,95.58,92,3,23,7.6,53480,83.52,91.27,93.22,1361,13.95,39,118,Medium
Nigeria,West,2022,Spring,1.64,6.97,1.56,8.06,17.89,4.18,178,Boiling,59.66,106,2,10,70.27,2079,47.18,56.63,51.91,1077,26.12,358,118,Medium
Mexico,South,2016,Pond,3.44,7.01,6.7,5.55,17.97,6.91,659,None,98.1,126,4,20,17.06,11660,78.13,80.42,91.05,801,25.12,63,150,High
Brazil,East,2006,Tap,0.52,7.94,0.57,8.5,12.4,0.05,4,Chlorination,87.93,17,0,2,17.06,9350,66.71,87.23,83.98,1917,26.61,20,19,Low
Brazil,Central,2013,Well,3.34,6.66,3.95,6.79,23.01,5.9,524,None,83.5,129,7,11,21.31,7540,75.23,84.32,76.69,1841,26.38,28,147,High
Brazil,East,2011,Well,1.34,7.64,1.51,6.69,15.09,5.79,158,Boiling,82.68,69,3,10,25.12,7437,66.14,90.1,78.6,1452,25.53,31,82,Medium
Bangladesh,East,2016,Spring,1.52,7.42,2.66,6.68,21.91,3.05,249,Chlorination,66.88,106,2,5,37.8,2558,59.06,38.83,76.03,2603,28.89,1245,113,Medium
Mexico,Central,2013,Well,1.54,6.52,3.4,8.0,15.11,3.85,248,None,96.91,70,2,4,18.44,10222,79.53,83.81,92.7,664,20.08,100,76,Medium
India,West,2005,Spring,1.1,7.09,0.31,8.1,16.92,2.12,63,Chlorination,78.46,29,1,1,35.22,2760,66.23,40.4,64.45,1138,25.84,644,31,Low
Nigeria,Central,2018,Tap,1.3,6.46,0.15,8.32,11.64,5.72,7,Chlorination,59.76,31,2,0,77.52,2150,51.21,58.21,41.67,1085,25.96,271,33,Low
Brazil,East,2023,Well,2.82,6.63,5.14,5.27,22.64,5.8,553,None,91.02,104,5,7,20.27,8276,73.66,84.5,77.28,1619,24.54,32,116,Medium
China,West,2005,Pond,2.53,5.88,4.28,8.13,19.86,5.49,162,Filtration,86.66,93,2,5,12.9,11563,83.2,65.09,81.97,1030,12.69,194,100,Medium
Mexico,North,2017,Pond,2.47,7.03,3.31,7.32,17.02,7.6,500,Filtration,98.04,83,2,9,17.49,12123,71.62,78.14,99.5,1142,22.08,55,94,Medium
Bangladesh,Central,2023,River,3.29,7.35,5.28,6.13,32.19,8.58,810,Boiling,72.45,212,11,26,35.38,2895,43.23,41.73,70.75,3278,27.71,966,249,High
Mexico,Central,2004,Spring,0.12,7.32,0.54,9.12,4.53,0.05,5,Boiling,95.91,14,0,1,17.01,11381,79.3,82.04,90.45,885,23.73,38,15,Low
Nigeria,West,2023,Well,3.04,6.14,3.74,6.67,20.93,6.99,360,None,65.75,157,8,12,76.56,2305,48.22,58.62,45.94,1153,25.61,248,177,High
Bangladesh,North,2023,Pond,3.49,7.28,4.38,6.17,36.67,8.45,596,Chlorination,79.21,133,5,14,36.72,3065,60.4,45.78,73.74,2957,25.81,1220,152,High
Nigeria,North,2005,Tap,1.27,7.11,0.57,8.35,16.13,6.59,8,Chlorination,59.23,42,1,4,71.1,2682,45.3,58.62,56.51,978,26.48,209,47,Low
Mexico,West,2001,Tap,0.87,7.58,1.7,8.7,8.11,0.1,2,Filtration,94.36,16,0,0,15.33,11897,72.98,82.63,94.73,691,21.06,52,16,Low
India,South,2007,River,1.51,7.47,3.17,7.4,16.65,5.92,416,Filtration,82.05,135,2,10,35.46,2705,56.84,36.03,69.64,1044,18.39,665,147,High
Nigeria,Central,2014,Tap,2.05,7.91,0.68,6.96,12.96,6.16,148,Chlorination,62.98,93,1,5,77.18,2144,44.04,54.88,58.0,1306,30.21,302,99,Medium
Bangladesh,Central,2014,Tap,0.75,6.14,1.0,8.96,18.35,1.36,7,Chlorination,73.35,41,0,0,37.28,2842,59.24,43.58,76.23,2422,23.13,643,41,Low
Bangladesh,East,2010,Well,2.56,6.99,3.92,7.68,26.81,6.98,323,Boiling,69.91,182,6,8,43.85,2362,55.45,41.59,66.46,2262,25.32,1561,196,High
Nigeria,West,2021,Spring,1.23,6.56,1.84,8.18,14.37,4.7,80,Chlorination,71.54,60,0,7,71.9,2059,45.88,50.22,43.91,1114,27.49,277,67,Medium
Ethiopia,East,2021,Lake,1.85,7.32,2.61,8.83,11.76,3.27,115,Chlorination,47.91,121,3,12,67.45,1280,43.02,25.38,40.54,705,17.92,103,136,High
Mexico,East,2023,Tap,1.0,6.82,1.34,8.41,8.16,3.7,21,None,95.97,24,0,3,18.27,10193,71.97,82.33,88.59,672,18.8,69,27,Low
Ethiopia,North,2000,Tap,0.14,7.43,0.58,8.7,8.21,1.9,11,Chlorination,48.87,27,0,3,63.89,1058,40.1,21.86,34.16,859,19.57,147,30,Low
Indonesia,Central,2017,Lake,2.21,6.93,2.25,5.86,22.01,3.99,657,Filtration,74.62,105,5,11,33.78,5312,60.01,61.27,75.56,2299,27.1,174,121,Medium
Mexico,East,2011,Tap,0.85,7.04,1.66,8.53,5.7,0.05,3,Filtration,88.88,17,0,1,13.1,10731,72.25,80.25,93.36,588,15.68,55,18,Low
Nigeria,North,2011,Well,1.89,6.72,1.57,6.52,21.05,4.68,218,Boiling,68.1,67,5,6,67.89,2568,56.71,60.34,48.71,1329,25.9,304,78,Medium
USA,West,2024,Well,1.07,6.85,0.15,9.29,9.82,0.86,27,Boiling,99.7,20,1,0,5.59,60366,99.0,78.61,98.08,691,10.94,32,21,Low
Nigeria,East,2010,Lake,3.37,6.79,8.89,6.1,22.33,6.96,1130,None,62.71,354,13,32,78.29,2218,54.68,55.81,58.63,1127,27.59,280,399,High
Ethiopia,Central,2007,Pond,2.23,7.07,3.76,8.12,14.44,6.61,602,Boiling,54.13,125,10,21,64.23,1259,42.2,17.28,40.6,705,19.36,135,156,High
India,East,2006,Tap,0.66,7.18,0.15,8.87,11.16,4.4,3,Chlorination,75.6,20,0,1,35.28,2591,59.9,40.81,70.32,988,26.46,463,21,Low
Nigeria,West,2022,Pond,2.98,7.01,4.98,6.76,24.45,8.02,799,Chlorination,64.61,200,4,21,79.28,2325,45.06,59.43,47.12,1404,28.98,234,225,High
Nigeria,East,2020,Tap,2.17,7.05,2.42,6.54,18.55,5.31,226,None,67.56,141,3,4,71.48,2652,50.34,51.51,53.12,1189,28.51,175,148,High
India,Central,2001,Spring,1.23,7.21,0.55,7.05,16.13,2.92,127,Filtration,76.34,57,0,5,35.48,2700,46.96,46.96,78.71,1126,28.03,549,62,Medium
Nigeria,North,2010,Tap,0.7,7.03,0.89,7.92,14.31,4.11,3,Chlorination,62.89,20,0,2,72.91,1976,45.72,53.11,51.79,1141,27.11,231,22,Low
Brazil,Central,2021,Well,1.14,7.16,0.15,7.78,10.4,0.71,5,Chlorination,87.47,15,0,1,11.44,9593,76.98,87.28,92.87,1624,23.75,15,16,Low
USA,North,2009,River,2.4,6.54,4.03,7.04,14.73,6.64,458,None,99.7,73,1,5,11.46,58482,85.32,81.59,99.5,1171,15.11,30,79,Medium
China,South,2002,River,1.65,6.7,2.09,8.34,18.15,7.42,246,Filtration,90.87,94,4,5,10.69,11581,75.62,67.88,95.13,1149,14.42,131,103,Medium
USA,Central,2019,River,2.46,7.16,2.94,7.71,7.41,5.3,166,Boiling,99.7,43,1,4,5.59,63101,86.54,81.21,95.02,962,16.55,50,48,Low
Nigeria,Central,2009,River,2.5,6.97,3.31,6.4,18.45,9.53,574,Chlorination,60.59,150,12,26,77.97,2140,37.41,52.75,45.9,1041,28.53,187,188,High
Brazil,West,2017,Pond,2.58,6.75,5.61,5.87,19.67,6.65,512,Filtration,89.11,135,2,11,23.55,9622,69.12,84.1,90.35,2331,28.72,20,148,High
Mexico,East,2013,Pond,2.73,7.18,5.31,5.92,15.06,9.47,834,None,92.63,93,6,10,17.71,11066,72.81,79.35,92.84,549,21.82,48,109,Medium
Nigeria,North,2017,Tap,2.35,7.3,2.72,7.0,19.05,6.34,293,None,60.07,159,4,15,68.56,2514,34.81,51.92,55.23,1162,26.68,274,178,High
Ethiopia,North,2023,Pond,3.0,6.26,3.51,6.54,15.52,10.59,629,Filtration,65.5,182,2,15,64.98,1419,49.63,27.92,43.99,731,20.38,138,199,High
Brazil,West,2007,Tap,3.18,7.29,1.25,7.72,19.68,5.09,305,None,98.76,67,2,3,18.58,10041,74.18,91.44,77.1,2014,24.3,26,72,Medium
India,West,2009,Spring,0.56,7.57,1.33,7.48,16.08,1.16,92,Boiling,68.75,52,1,6,45.03,2514,50.93,39.73,61.74,1185,26.3,510,59,Low
Brazil,East,2021,Tap,0.19,7.48,0.69,7.85,9.35,0.05,3,Filtration,91.44,9,0,0,15.95,9497,71.99,82.9,83.36,1301,24.26,21,9,Low
India,East,2012,River,2.25,6.56,1.74,6.32,19.64,4.43,287,Boiling,80.86,74,6,4,34.95,2963,71.21,43.53,76.13,894,25.49,671,84,Medium
Indonesia,Central,2020,Lake,3.47,6.26,4.76,6.5,33.01,6.09,599,None,74.13,238,8,20,24.86,4863,67.96,54.58,76.61,2775,25.62,135,266,High
China,South,2007,Lake,2.44,7.19,4.26,6.06,21.57,3.65,434,Boiling,91.55,88,2,8,20.66,11975,85.14,59.66,81.01,1355,14.17,133,98,Medium
Pakistan,East,2003,Well,1.91,6.95,1.81,7.49,15.94,4.29,209,Boiling,59.4,99,2,14,76.95,1354,48.75,28.34,62.66,336,25.56,295,115,Medium
Brazil,West,2003,Well,1.43,6.53,1.0,7.38,17.55,4.29,126,Boiling,85.45,63,2,2,24.61,9082,76.22,86.31,83.92,1743,27.73,22,67,Medium
Bangladesh,East,2004,Tap,2.08,7.15,0.59,8.7,19.41,5.69,40,Boiling,68.12,43,0,9,38.63,2797,64.52,48.4,60.19,1926,25.0,1700,52,Low
Ethiopia,North,2000,Lake,2.49,6.47,3.3,8.14,18.77,7.29,344,Filtration,51.65,138,4,25,58.2,1244,44.43,17.24,37.87,999,18.37,101,167,High
Nigeria,South,2016,River,3.24,7.26,8.56,5.93,24.99,9.52,1146,None,66.5,306,10,29,77.32,2284,40.63,62.2,46.36,1071,26.64,250,345,High
Ethiopia,Central,2001,Pond,4.06,6.5,8.49,5.51,24.29,8.51,1668,None,55.97,281,19,41,63.2,1110,42.36,16.42,48.55,889,15.09,89,341,High
USA,North,2007,River,1.25,7.04,0.9,8.34,10.96,2.78,107,Chlorination,86.41,47,0,2,5.93,45560,89.61,75.65,99.5,1100,14.97,30,49,Low
Pakistan,North,2006,River,2.24,6.91,2.84,7.83,15.37,4.82,358,Boiling,69.7,107,14,14,65.18,1634,52.54,38.86,68.19,433,23.69,337,135,High
USA,South,2014,Tap,0.96,6.58,0.27,8.84,10.24,1.68,3,Boiling,92.64,14,0,0,3.98,52540,93.27,83.25,93.91,679,12.01,61,14,Low
Indonesia,Central,2024,Tap,1.33,7.47,0.15,7.46,14.79,4.39,22,Chlorination,73.17,28,0,3,26.06,4731,62.87,61.99,78.21,1580,26.19,120,31,Low
Pakistan,West,2004,Spring,0.27,7.67,1.73,7.75,11.18,2.32,27,Chlorination,66.12,50,1,2,62.96,1574,44.72,31.05,76.27,420,20.97,382,53,Low
Pakistan,Central,2001,River,2.82,7.86,5.71,6.54,20.86,7.31,648,Boiling,68.17,159,7,24,69.96,1589,53.58,37.25,62.74,439,25.76,265,190,High
USA,East,2006,River,2.21,7.12,3.25,7.76,13.53,3.51,601,None,83.88,105,5,6,12.59,48262,79.25,81.0,97.85,819,13.34,31,116,Medium
India,North,2007,Tap,1.31,7.27,0.76,7.98,16.66,0.05,25,Chlorination,74.58,26,0,6,33.08,2460,50.93,39.21,69.08,1260,24.5,574,32,Low
USA,East,2006,Tap,0.54,6.94,0.15,8.66,5.78,0.22,3,Boiling,96.97,7,0,0,9.75,51535,84.09,88.44,99.5,857,12.42,34,7,Low
Ethiopia,West,2006,Spring,3.39,7.01,5.77,5.73,19.75,7.32,911,None,46.69,218,10,22,63.55,1133,43.45,23.88,39.74,934,19.79,200,250,High
India,East,2013,Spring,1.06,7.14,1.24,7.4,11.76,3.73,107,Filtration,69.65,49,4,8,41.8,2287,52.72,39.88,65.62,980,22.8,400,61,Medium
Ethiopia,Central,2020,Well,0.57,7.33,0.15,7.94,12.57,4.57,17,Chlorination,51.05,36,1,1,64.67,1190,48.37,23.47,45.19,739,16.72,197,38,Low
Indonesia,East,2017,Lake,2.04,7.08,2.06,6.89,21.25,4.52,224,Chlorination,79.15,90,5,9,36.04,5106,65.72,53.31,77.07,2623,25.24,109,104,Medium
Nigeria,West,2005,River,3.95,6.55,7.13,5.66,19.66,9.64,1058,None,63.45,243,10,33,79.71,2428,55.54,52.24,46.8,880,30.87,197,286,High
Mexico,West,2003,River,1.46,6.82,1.39,7.72,12.55,1.93,92,Filtration,85.08,52,1,2,21.1,10311,68.95,75.6,90.36,671,18.49,64,55,Low
India,West,2009,Spring,1.14,7.03,1.92,7.46,17.64,4.05,159,None,78.78,69,4,4,34.48,3166,67.78,45.53,76.65,1443,22.83,445,77,Medium
Indonesia,Central,2017,Spring,1.71,7.04,0.61,8.46,24.69,2.42,63,Chlorination,81.26,46,3,4,26.03,4669,55.82,64.18,74.06,2488,21.32,161,53,Low
Bangladesh,West,2011,Well,2.53,6.76,4.32,6.96,28.22,5.32,430,Filtration,70.13,141,8,7,38.21,3156,50.41,43.18,71.53,3123,21.51,1025,156,High
Indonesia,North,2015,Lake,2.62,7.52,3.98,7.2,26.06,6.83,512,Boiling,73.49,126,3,9,28.9,4887,53.66,63.08,82.7,2453,22.93,223,138,High
USA,West,2024,Well,0.68,7.01,0.17,7.97,8.56,0.05,3,Chlorination,98.37,11,0,0,5.52,55012,94.24,81.74,95.86,1016,13.41,42,11,Low
USA,East,2006,Lake,1.65,6.98,3.17,6.39,15.8,4.21,474,None,96.35,90,2,10,11.04,45561,77.4,86.59,95.28,930,16.09,38,102,Medium
Mexico,East,2005,Pond,3.14,6.95,6.29,6.47,16.36,7.51,977,None,94.59,121,6,18,21.31,9424,66.4,71.46,82.97,810,23.14,61,145,High
Indonesia,East,2004,River,4.05,7.23,6.37,6.02,24.82,8.19,1281,None,84.88,136,8,35,30.7,4800,60.14,59.93,86.53,2475,27.31,177,179,High
China,Central,2002,Well,2.32,7.41,3.36,7.39,12.63,5.26,286,None,90.83,78,1,4,16.25,11476,81.93,65.1,86.09,881,17.36,124,83,Medium
Nigeria,East,2011,Spring,2.78,7.07,4.18,6.63,22.39,9.97,554,None,65.09,156,8,18,77.04,1895,38.09,59.45,52.74,1394,30.51,222,182,High
USA,Central,2014,Well,0.04,7.33,1.17,8.06,12.57,0.54,8,Chlorination,97.37,10,0,1,8.64,59719,93.89,87.35,95.76,1124,13.59,39,11,Low
Mexico,Central,2009,Pond,1.51,7.63,3.06,6.76,11.26,3.71,460,Filtration,98.98,82,3,5,16.4,10999,68.0,78.11,92.52,677,22.67,59,90,Medium
Nigeria,West,2019,Well,2.79,6.87,6.37,5.85,21.45,10.39,973,None,62.75,209,6,29,73.82,2143,42.84,50.43,48.44,1237,30.27,187,244,High
Indonesia,North,2018,River,3.72,6.54,6.43,5.47,30.83,6.89,1321,None,79.95,177,10,34,31.12,4986,55.93,61.82,66.76,2466,23.85,158,221,High
Indonesia,West,2015,Pond,3.92,7.11,7.89,5.77,30.16,9.52,1697,Boiling,75.85,263,12,33,35.42,4933,53.6,63.22,75.47,2554,29.14,136,308,High
Pakistan,West,2010,Spring,0.72,6.7,0.15,7.81,11.06,4.68,9,Boiling,70.39,47,1,3,71.02,1426,49.47,34.27,62.31,810,24.14,385,51,Low
Mexico,Central,2007,Spring,0.57,7.36,0.15,8.52,9.35,3.15,3,Filtration,96.05,14,0,1,11.86,11230,78.24,82.38,91.45,926,16.47,59,15,Low
USA,Central,2002,Tap,0.12,7.13,0.15,9.12,4.54,0.11,3,Chlorination,91.14,9,0,1,14.86,53521,88.71,83.83,99.5,779,10.76,30,10,Low
China,East,2022,Pond,2.17,6.8,2.91,6.95,13.67,5.65,455,Chlorination,94.88,81,3,6,10.22,12551,77.02,62.69,83.87,992,17.8,157,90,Medium
Indonesia,East,2006,Tap,1.15,6.95,1.15,7.53,22.43,1.91,5,Filtration,75.23,26,1,4,32.7,4164,67.42,54.29,66.29,2456,24.04,163,31,Low
China,West,2022,Tap,0.4,7.1,0.15,8.87,10.17,1.11,3,Filtration,92.48,17,0,0,16.07,12166,77.99,65.02,99.5,1024,14.28,170,17,Low
Indonesia,South,2006,River,2.34,7.07,4.39,7.14,22.69,6.51,676,Filtration,78.72,109,6,10,34.32,4676,68.95,64.09,70.36,2372,26.22,125,125,High
USA,South,2013,Well,1.29,6.51,1.57,7.77,13.37,3.46,105,None,97.18,37,0,3,6.63,55582,89.28,83.83,92.46,1003,17.05,37,40,Low
Nigeria,East,2001,Spring,1.02,7.07,0.6,7.35,15.36,4.93,115,Chlorination,54.65,75,2,9,73.63,1878,40.86,50.31,44.14,1186,30.19,242,86,Medium
Brazil,South,2009,Spring,1.95,6.76,1.68,6.69,16.43,4.11,80,Filtration,92.72,58,0,3,15.43,8933,73.95,87.28,78.06,1528,26.44,35,61,Medium
Nigeria,East,2018,Well,2.06,7.1,1.48,7.78,19.07,3.99,248,Boiling,65.71,129,8,8,75.73,2560,40.8,58.44,56.54,1440,27.06,364,145,High
Indonesia,Central,2008,Spring,2.53,7.02,2.52,5.45,22.14,4.76,520,None,80.84,137,3,8,27.1,4360,48.77,53.14,69.99,2423,29.31,159,148,High
Ethiopia,West,2015,Well,2.97,7.46,6.02,6.9,19.18,8.25,1012,None,51.12,227,11,28,66.01,1123,44.24,18.55,40.08,881,16.6,159,266,High
Brazil,North,2018,Pond,4.16,7.5,8.3,6.59,27.73,10.09,2074,None,92.77,201,9,20,24.49,9729,65.66,94.5,76.13,2071,25.82,29,230,High
Brazil,West,2017,River,3.25,6.9,4.91,6.5,22.62,5.82,749,None,85.95,135,7,27,20.68,9234,81.12,85.73,78.99,1751,24.64,29,169,High
China,East,2008,River,2.32,7.18,2.56,6.38,18.63,3.67,314,Filtration,92.19,115,2,5,11.15,12640,74.24,62.24,89.02,836,18.7,148,122,Medium
Mexico,East,2015,River,2.96,7.14,4.08,7.15,13.97,9.55,499,None,95.2,91,0,17,19.43,10135,75.06,78.5,88.62,655,16.76,79,108,Medium
China,West,2012,Well,1.83,7.21,0.98,8.65,14.66,1.82,90,Boiling,99.7,28,3,6,12.4,13041,68.54,61.15,91.6,887,13.63,135,37,Low
China,East,2009,Well,0.87,7.79,0.15,9.5,7.54,0.62,7,Boiling,99.7,11,1,1,3.53,13827,85.03,62.76,90.53,1038,12.7,153,13,Low
Ethiopia,South,2024,Lake,2.32,6.55,3.55,6.84,16.8,9.18,493,Filtration,52.83,133,5,11,68.1,1174,41.78,24.99,35.43,660,22.41,109,149,High
Nigeria,South,2019,Spring,2.19,6.99,4.89,6.42,23.0,8.19,388,None,58.1,172,12,16,81.54,2292,49.28,53.52,52.6,1505,25.01,162,200,High
Nigeria,East,2013,Spring,1.33,7.27,0.16,7.33,12.87,2.8,88,Boiling,65.38,57,2,5,72.46,2250,44.11,51.81,48.35,1173,26.68,259,64,Medium
Bangladesh,East,2011,Lake,1.91,6.37,4.77,6.27,19.83,3.17,279,Chlorination,70.06,112,3,10,39.78,2965,59.59,48.95,78.81,1747,24.92,1700,125,High
Indonesia,South,2024,Lake,3.44,7.08,7.6,5.57,30.66,8.4,1611,None,72.01,206,13,14,39.4,4630,70.12,56.34,69.84,2304,25.09,204,233,High
Ethiopia,East,2018,River,2.4,6.9,3.71,7.33,17.23,7.15,762,Filtration,62.68,145,8,20,66.25,1321,42.97,31.92,44.57,952,18.14,176,173,High
Bangladesh,East,2006,Lake,2.33,7.23,3.17,7.7,26.83,8.17,278,Chlorination,68.73,96,2,10,35.31,2672,52.35,46.75,76.4,2622,29.68,1035,108,Medium
USA,West,2022,Well,2.33,7.8,3.57,8.44,13.51,2.54,386,None,99.7,58,2,11,5.93,56088,87.89,80.22,90.79,721,14.48,35,71,Medium
Indonesia,North,2014,Tap,0.46,7.0,0.15,7.5,19.37,5.26,3,Chlorination,77.62,27,1,1,26.53,4905,70.02,59.33,77.22,3368,23.14,114,29,Low
Indonesia,South,2015,Well,3.18,7.02,4.94,6.26,25.42,8.49,691,None,80.0,129,9,11,33.16,4827,64.83,64.64,84.48,2395,24.79,239,149,High
Pakistan,West,2007,Lake,2.6,7.06,3.45,6.87,15.83,7.54,380,None,73.11,110,10,12,64.36,1742,54.7,39.94,68.62,459,27.66,202,132,High
Pakistan,North,2009,Spring,0.79,8.02,0.51,7.85,15.16,0.3,16,Boiling,69.61,26,2,1,68.12,1770,51.09,43.45,68.66,459,24.3,305,29,Low
India,East,2003,Well,1.3,6.76,2.09,7.23,15.37,5.21,105,Chlorination,77.27,60,3,9,36.47,2565,61.61,33.44,79.7,1065,25.98,373,72,Medium
India,East,2018,Spring,0.86,6.78,0.61,8.36,12.07,0.05,33,Chlorination,74.03,25,0,1,37.11,2685,51.45,38.95,75.03,841,27.8,667,26,Low
China,West,2018,Well,0.66,7.41,0.73,9.05,10.97,2.57,34,Filtration,99.7,32,1,1,6.51,13515,71.31,68.02,99.5,1139,10.34,182,34,Low
USA,East,2020,Spring,0.02,7.26,0.83,9.93,6.84,1.71,3,Filtration,98.01,10,1,1,9.6,56637,87.33,85.86,90.2,819,12.69,32,12,Low
Brazil,Central,2014,Pond,1.94,7.3,2.77,7.36,17.66,5.8,331,Chlorination,93.64,64,0,10,20.96,10047,79.11,91.32,85.23,1588,19.45,25,74,Medium
Brazil,West,2013,Well,1.33,6.98,2.53,7.82,20.43,3.67,123,Boiling,90.16,61,2,11,17.64,10179,74.37,93.23,88.15,1976,24.06,28,74,Medium
Pakistan,North,2000,Spring,0.62,6.62,0.24,7.94,9.51,0.05,11,Boiling,67.02,27,1,4,63.62,1336,57.21,33.78,62.64,451,24.3,214,32,Low
Pakistan,West,2015,Tap,2.23,7.49,2.12,7.01,18.36,5.58,231,None,69.25,74,1,6,65.52,1884,56.79,38.93,68.43,406,26.3,305,81,Medium
Pakistan,South,2009,River,1.98,7.36,3.3,6.54,13.64,7.97,418,Filtration,66.74,133,7,16,60.75,1703,46.43,29.28,55.47,430,22.66,194,156,High
Ethiopia,West,2018,Well,1.84,6.94,1.03,7.52,13.96,5.53,137,Filtration,57.21,95,0,4,60.15,1328,46.77,23.16,36.53,880,21.78,135,99,Medium
Mexico,East,2021,Tap,0.32,6.72,0.15,8.78,5.79,2.66,3,Filtration,99.7,14,0,0,17.34,11479,82.01,79.15,86.96,751,21.58,58,14,Low
India,East,2002,River,3.34,6.28,6.53,5.59,22.25,9.35,1426,None,73.37,195,10,24,35.53,2713,57.57,36.18,75.05,1138,25.11,429,229,High
Ethiopia,Central,2004,Well,2.09,6.95,3.53,7.47,17.81,7.14,422,Boiling,52.59,132,7,15,64.84,1191,29.13,19.35,38.23,1101,18.51,85,154,High
Nigeria,Central,2008,Tap,1.12,7.73,1.02,7.21,11.61,3.12,30,Filtration,58.73,74,2,5,73.62,2268,47.27,54.62,48.77,890,30.96,262,81,Medium
Brazil,Central,2017,Tap,1.66,7.25,1.41,8.1,15.51,2.06,189,None,88.59,57,2,4,19.0,7105,70.62,89.36,76.41,2122,22.45,15,63,Medium
Indonesia,North,2010,Pond,3.29,7.03,5.85,6.83,28.42,8.52,866,Chlorination,77.85,168,5,14,29.52,5060,65.5,68.82,78.14,3043,23.41,151,187,High
India,Central,2015,Tap,1.96,6.77,1.27,7.83,18.47,4.54,48,Boiling,81.53,44,1,6,31.37,2755,58.83,43.66,73.86,994,25.56,309,51,Low
Bangladesh,North,2001,Pond,2.41,7.22,4.94,6.82,29.4,9.15,840,Chlorination,75.8,114,5,12,38.62,2668,67.96,43.41,66.79,2749,26.51,1186,131,High
Nigeria,Central,2011,Lake,2.3,7.32,2.73,7.51,15.2,6.69,364,Filtration,67.28,142,5,11,74.08,2285,43.21,47.9,51.4,1080,26.55,227,158,High
India,North,2021,Spring,2.4,7.51,0.42,8.04,15.81,6.3,209,None,74.63,74,4,7,32.8,2709,52.61,36.16,76.05,1095,25.23,467,85,Medium
Ethiopia,West,2005,River,2.68,7.14,3.92,7.48,15.99,7.89,468,Boiling,48.82,161,4,26,64.22,1138,42.26,25.78,30.71,938,14.94,131,191,High
USA,West,2010,Spring,0.8,6.58,0.15,9.22,5.81,1.16,3,Filtration,91.38,5,0,1,9.37,50241,84.22,83.4,99.5,714,13.15,45,6,Low
Indonesia,East,2007,Spring,1.83,6.72,1.71,6.99,15.27,4.99,54,Boiling,80.91,51,0,3,31.13,5077,68.16,60.36,84.3,1989,28.4,87,54,Low
India,North,2011,Pond,3.75,7.79,7.57,5.84,21.56,8.66,933,None,79.88,154,10,46,40.3,2573,57.58,37.62,75.43,896,23.98,668,210,High
Mexico,South,2001,Spring,1.75,7.5,2.28,6.98,12.06,4.07,239,None,82.3,75,2,6,22.4,8878,71.67,80.13,92.04,633,22.84,64,83,Medium
Pakistan,East,2008,Tap,0.91,7.38,0.15,8.85,12.77,2.36,4,Filtration,74.03,21,0,0,69.31,1615,52.24,45.31,66.19,353,21.59,357,21,Low
Pakistan,West,2014,Pond,2.97,6.42,3.16,7.45,14.75,6.64,598,Boiling,69.86,84,6,21,65.33,1986,53.78,36.31,75.67,759,24.93,343,111,Medium
Indonesia,North,2001,Spring,2.77,6.77,3.62,6.04,19.41,6.7,557,None,80.03,138,3,14,32.9,5059,63.03,59.53,70.4,1798,26.01,138,155,High
Ethiopia,Central,2000,Pond,2.75,6.16,2.71,7.12,16.23,6.01,379,Boiling,52.34,171,6,13,60.9,1199,45.88,21.11,39.52,731,20.52,94,190,High
Pakistan,South,2009,Lake,2.47,7.22,2.94,7.5,14.97,7.14,366,Boiling,69.9,98,3,12,68.69,1547,53.21,41.71,66.92,395,24.25,166,113,Medium
India,West,2001,Pond,2.09,6.33,4.04,6.69,20.15,5.8,354,Chlorination,77.15,217,3,20,40.92,2510,62.86,36.3,60.85,1395,26.69,435,240,High
Bangladesh,East,2011,Well,1.93,7.63,3.0,7.17,24.72,7.28,325,Filtration,76.25,112,4,11,35.66,2832,48.93,42.26,70.05,2416,20.44,1108,127,High
Brazil,North,2022,Tap,0.76,7.01,0.72,7.44,14.6,3.49,10,Filtration,93.45,29,0,3,24.35,8447,62.36,86.08,76.93,1885,24.29,32,32,Low
Brazil,South,2007,River,2.58,7.04,2.85,7.56,16.49,6.26,531,Boiling,93.56,80,2,5,23.55,9181,62.44,85.53,82.83,1740,24.12,21,87,Medium
Nigeria,North,2004,Well,1.39,7.68,2.4,6.54,13.04,7.25,71,Chlorination,63.69,81,4,6,69.28,2334,56.78,59.62,57.59,879,26.81,246,91,Medium
China,Central,2021,Well,1.43,7.75,1.06,9.14,14.91,2.26,30,Boiling,93.36,27,0,2,11.83,14264,80.56,69.72,89.73,1279,15.83,130,29,Low
USA,East,2000,Well,0.45,6.94,0.74,9.01,6.44,0.05,4,Filtration,96.93,21,0,1,7.29,50076,84.11,89.25,93.91,732,13.96,38,22,Low
Indonesia,North,2014,Spring,1.91,7.16,0.56,7.11,20.41,3.31,145,Filtration,73.97,85,3,3,27.27,4659,69.02,54.56,77.22,2465,25.77,150,91,Medium
Nigeria,West,2005,Pond,2.96,6.66,4.87,7.21,22.46,7.85,595,Boiling,65.56,179,6,18,74.58,2106,47.76,54.54,54.39,1123,24.41,341,203,High
China,East,2011,Pond,2.45,7.04,1.81,8.19,19.25,4.62,270,Boiling,90.69,70,1,8,22.03,13128,75.6,61.94,93.77,1199,13.23,117,79,Medium
Ethiopia,West,2007,Spring,1.52,6.97,0.53,8.79,15.82,5.26,78,Boiling,53.11,39,4,7,58.84,1332,47.64,26.12,45.22,833,19.5,117,50,Low
Mexico,North,2012,Tap,0.88,6.66,0.36,7.92,9.29,3.47,10,Filtration,89.87,17,0,3,19.57,8677,67.42,77.3,76.7,639,18.7,67,20,Low
Mexico,East,2018,Spring,0.76,6.96,0.15,7.84,9.33,0.94,7,Boiling,92.24,21,0,3,18.4,12205,68.67,82.9,99.5,529,19.78,73,24,Low
USA,West,2000,Spring,0.78,6.97,0.71,8.86,5.17,0.05,3,Boiling,99.7,7,0,0,5.67,54403,91.72,81.13,88.25,1010,14.38,35,7,Low
Pakistan,Central,2010,Spring,3.04,6.81,4.18,7.07,14.93,9.89,248,None,80.67,111,5,18,64.9,1729,49.89,44.91,64.81,554,22.09,342,134,High
India,Central,2019,Tap,1.27,7.23,0.61,7.37,12.14,4.08,4,Filtration,72.67,21,1,2,37.22,2939,55.86,35.53,73.2,1156,28.04,523,24,Low
Nigeria,North,2000,Tap,1.95,7.45,0.32,7.19,15.91,3.85,91,Boiling,56.91,73,1,3,78.16,2042,43.44,47.9,41.33,1138,22.72,287,77,Medium
Nigeria,East,2007,Lake,2.67,6.98,5.57,5.95,20.29,6.78,709,Chlorination,60.76,220,14,19,78.45,2208,41.53,54.97,49.88,1159,28.02,171,253,High
Indonesia,South,2004,Lake,2.83,7.12,4.34,6.25,29.91,6.33,436,Filtration,78.03,184,7,14,34.94,4414,51.65,52.57,73.84,2982,27.56,162,205,High
Indonesia,East,2016,Lake,2.6,7.03,3.25,6.92,19.87,4.04,240,Boiling,85.34,106,3,10,26.43,5126,70.57,56.88,78.84,2502,27.31,117,119,Medium
Mexico,Central,2007,Lake,1.89,7.25,2.02,8.14,11.01,4.88,180,Boiling,90.16,57,0,9,21.92,8506,72.39,79.54,83.47,624,21.62,55,66,Medium
Mexico,West,2024,Pond,3.08,6.51,6.2,5.81,23.68,7.37,840,None,92.99,129,8,17,19.81,9551,71.85,87.27,88.08,899,21.12,47,154,High
Bangladesh,South,2009,Well,3.1,7.4,4.96,5.16,24.14,6.03,442,None,72.93,237,5,21,36.41,2653,59.67,32.23,58.76,1709,28.45,1153,263,High
Bangladesh,North,2001,Well,2.91,7.12,3.82,6.44,28.48,6.29,753,Filtration,73.96,130,4,14,38.92,2774,64.41,46.04,67.6,2702,27.79,1471,148,High
Pakistan,South,2008,Lake,3.31,7.13,5.8,6.67,18.55,9.87,984,None,67.78,199,19,20,65.27,1694,42.7,37.54,62.4,490,25.08,335,238,High
Bangladesh,North,2023,Lake,2.57,6.89,6.86,5.27,30.0,8.53,853,None,73.57,171,15,28,36.34,3320,64.46,44.83,69.24,2227,27.07,905,214,High
India,South,2022,River,2.23,6.81,3.97,6.51,17.07,6.22,461,Filtration,77.53,80,5,12,39.4,3339,63.91,40.42,71.26,1022,26.76,333,97,Medium
India,North,2002,Well,2.04,6.7,1.43,7.96,17.92,5.34,126,Chlorination,73.97,64,4,10,32.82,2521,57.36,35.45,67.76,1028,22.82,352,78,Medium
Nigeria,North,2017,River,2.86,7.07,4.28,6.09,22.24,8.72,624,Boiling,54.24,191,6,21,79.21,1848,41.64,55.18,44.91,1479,27.46,266,218,High
Brazil,South,2006,River,2.32,6.65,4.21,7.62,19.51,6.23,597,Boiling,83.36,150,5,8,20.46,8639,60.77,84.97,75.52,1337,24.67,19,163,High
India,South,2014,Spring,2.27,7.43,3.47,6.37,18.31,4.37,307,None,72.75,100,3,8,42.24,2015,55.57,33.45,65.3,1261,27.95,615,111,Medium
China,North,2020,Pond,2.52,7.08,2.55,7.8,15.79,7.77,378,Boiling,87.02,94,2,7,11.51,13634,77.38,65.62,85.92,1112,16.67,131,103,Medium
Mexico,Central,2021,Tap,1.09,6.88,1.62,8.72,9.78,0.92,50,None,95.54,15,1,3,15.0,12044,76.95,80.14,88.43,590,21.02,51,19,Low
Indonesia,South,2019,Well,1.38,6.73,0.5,7.31,19.09,4.05,113,Filtration,83.57,63,1,3,25.76,5120,69.01,58.45,74.9,2548,21.81,131,67,Medium
Bangladesh,East,2017,Lake,3.09,7.69,4.14,5.54,29.76,7.88,816,Filtration,75.72,183,9,19,39.61,2958,51.37,41.91,66.31,2578,27.14,1243,211,High
Nigeria,West,2024,Lake,2.28,7.22,1.9,6.8,19.81,4.94,365,Filtration,61.19,117,3,12,73.38,2467,55.11,56.95,54.08,1018,24.57,211,132,High
USA,North,2002,Tap,0.08,6.62,0.15,8.5,5.85,2.32,3,Boiling,85.75,11,0,0,9.33,48649,80.82,80.48,94.45,732,16.68,29,11,Low
Indonesia,North,2022,Well,2.85,7.24,4.44,5.67,27.4,4.97,815,None,75.15,134,8,18,35.42,4505,72.87,59.63,74.91,3263,24.76,140,160,High
China,West,2013,Lake,2.75,5.86,3.22,7.03,24.7,3.89,441,None,93.97,88,2,14,13.87,11850,83.22,68.81,87.22,1321,13.63,178,104,Medium
Bangladesh,Central,2023,Lake,2.88,7.26,4.2,7.13,25.98,7.98,793,Boiling,68.96,155,7,9,43.51,2850,61.59,43.74,63.77,2538,22.31,1454,171,High
China,West,2001,Spring,0.8,6.91,0.18,9.86,12.1,3.63,3,Filtration,91.45,13,0,0,10.09,12214,74.97,63.9,91.2,1319,12.56,174,13,Low
Mexico,South,2013,River,1.76,6.82,1.1,6.62,18.38,3.03,188,Chlorination,91.8,49,0,4,19.41,10670,68.02,88.8,88.05,970,21.88,55,53,Low
Mexico,West,2021,Lake,2.98,7.7,5.56,6.49,18.43,5.33,637,None,91.16,107,7,8,21.65,12219,76.23,85.7,98.87,728,25.26,56,122,Medium
Pakistan,North,2010,Pond,3.0,6.87,5.83,5.82,17.24,6.29,921,None,60.12,175,4,27,68.82,1414,58.81,34.24,62.4,430,25.74,223,206,High
Nigeria,West,2015,Well,2.65,6.99,2.79,6.12,18.85,7.69,184,Boiling,58.49,105,4,9,84.53,2488,47.79,51.85,45.37,987,26.0,207,118,Medium
Indonesia,East,2007,Pond,3.02,6.83,4.79,5.67,23.02,9.73,630,Chlorination,81.8,187,10,25,29.79,4579,63.04,53.73,79.74,1804,28.77,123,222,High
Ethiopia,South,2006,Tap,0.69,6.94,1.37,8.64,6.1,1.42,7,Filtration,53.11,25,0,0,55.78,1235,46.84,21.25,43.46,795,17.72,162,25,Low
Ethiopia,West,2010,Spring,2.21,7.68,3.31,7.87,15.62,6.03,341,None,43.63,137,1,12,60.62,1290,51.7,24.62,46.34,649,17.93,110,150,High
Indonesia,North,2002,Well,2.67,6.83,2.89,7.19,24.42,7.97,541,Boiling,76.06,128,4,7,27.97,4717,55.6,59.88,71.46,2516,22.89,145,139,High
USA,South,2016,Spring,0.98,7.32,0.44,8.28,11.03,1.76,6,Chlorination,96.72,18,0,2,11.14,57971,95.43,88.12,93.87,1270,18.3,56,20,Low
Nigeria,North,2013,River,3.07,7.4,5.25,6.6,22.57,8.41,699,Boiling,56.66,210,9,19,79.85,2055,43.97,54.63,46.95,1318,26.73,209,238,High
China,Central,2005,Lake,1.16,6.93,0.87,7.72,12.51,3.61,67,Chlorination,89.68,29,1,3,12.37,10991,77.22,51.39,87.83,859,14.56,171,33,Low
USA,East,2007,Well,1.52,7.62,0.15,8.43,11.56,4.79,50,Boiling,92.76,29,0,1,7.59,52200,93.64,77.34,88.47,894,14.26,40,30,Low
Brazil,Central,2021,Tap,0.86,7.31,0.15,9.35,12.32,2.08,3,Chlorination,95.33,17,1,3,18.59,8731,70.97,89.12,81.04,2141,20.33,35,21,Low
Indonesia,East,2004,River,4.49,6.23,8.82,4.82,31.16,10.43,1895,None,69.34,325,16,46,33.69,3816,58.74,52.96,61.72,2768,29.35,135,387,High
China,West,2007,River,1.35,7.26,2.71,8.27,17.48,4.35,178,Chlorination,90.15,59,2,3,15.3,11589,69.63,62.83,87.67,1123,13.67,167,64,Medium
Ethiopia,South,2001,Spring,0.81,7.25,1.92,9.61,6.64,1.65,5,Filtration,56.34,22,0,2,58.26,1159,48.15,27.09,43.21,796,20.06,116,24,Low
India,West,2014,River,3.93,7.22,7.43,6.39,24.8,10.2,1783,None,77.95,192,11,19,37.47,2329,56.68,31.16,73.01,860,23.13,563,222,High
Pakistan,East,2011,Well,0.84,6.57,1.69,8.35,10.12,2.34,34,Filtration,68.77,43,1,3,67.92,1709,50.98,42.44,67.11,594,22.42,158,47,Low
Ethiopia,East,2016,Spring,1.38,7.56,1.99,7.59,15.21,3.63,204,None,56.25,65,4,10,63.7,1322,38.07,27.83,43.73,970,16.91,132,79,Medium
Nigeria,East,2000,River,2.07,6.96,2.37,8.64,16.25,5.92,196,Chlorination,56.32,122,6,8,72.9,2220,46.1,61.21,42.42,1103,27.23,204,136,High
Mexico,North,2014,Tap,0.7,7.21,1.62,8.25,11.36,0.05,101,None,90.27,57,1,3,14.25,10604,73.22,86.63,94.98,1041,20.05,65,61,Medium
India,South,2013,Pond,3.1,6.77,3.82,6.33,21.52,7.51,645,Boiling,82.28,99,11,14,35.8,2728,61.1,39.81,77.77,1121,25.03,581,124,Medium
Pakistan,West,2019,Well,1.55,7.2,1.78,7.58,12.21,1.47,62,Chlorination,71.61,58,0,4,64.8,1821,46.58,46.59,65.67,467,21.33,277,62,Medium
Pakistan,West,2021,Tap,1.07,6.38,1.17,7.5,9.09,2.9,13,Boiling,66.3,36,1,2,72.08,1362,39.21,30.79,64.83,469,25.14,200,39,Low
Brazil,Central,2015,Tap,0.81,7.06,1.37,7.31,16.71,2.02,11,Boiling,86.5,31,0,1,21.22,8027,79.19,90.96,77.95,2092,26.97,36,32,Low
Brazil,East,2008,Spring,1.94,7.19,1.69,7.62,16.01,2.93,59,Boiling,92.45,42,0,7,15.01,8383,62.67,90.1,86.33,1860,25.19,17,49,Low
Bangladesh,East,2000,Lake,2.14,7.08,4.09,6.01,23.57,1.15,398,Boiling,80.46,120,1,12,40.3,2547,61.46,42.54,67.12,2227,30.97,1074,133,High
Ethiopia,East,2016,Spring,2.19,6.88,0.8,8.06,15.34,5.52,248,Filtration,45.07,106,2,10,60.73,1256,50.06,20.6,51.31,847,23.42,149,118,Medium
Ethiopia,West,2012,Well,1.53,6.69,0.85,8.32,12.64,4.36,120,Chlorination,61.21,63,2,6,57.88,1336,58.27,18.93,42.28,632,20.05,214,71,Medium
Ethiopia,Central,2020,Well,1.65,7.28,2.22,7.76,14.92,4.47,177,Boiling,52.24,120,5,10,65.79,1300,37.24,23.39,44.0,767,19.25,151,135,High
Bangladesh,North,2020,Spring,1.51,6.47,0.71,8.39,21.78,2.64,65,Filtration,67.21,51,2,5,30.41,2764,67.76,35.26,72.16,2168,24.34,1422,58,Low
USA,South,2004,Lake,1.45,6.4,2.73,7.14,11.03,5.76,381,None,99.7,45,1,4,5.93,61017,81.22,90.8,98.49,861,13.58,55,50,Low
Pakistan,North,2009,Spring,1.62,6.82,1.44,7.98,14.2,3.05,302,Boiling,70.7,66,4,3,67.04,1494,51.03,35.0,63.65,425,23.85,321,73,Medium
India,West,2005,Well,1.08,7.0,1.25,6.94,17.72,1.87,131,Boiling,75.36,56,0,5,33.37,2500,60.98,35.7,66.88,1448,28.47,459,61,Medium
Nigeria,East,2023,Lake,2.77,6.85,3.52,5.96,16.21,8.09,482,Filtration,65.38,110,9,12,73.13,2377,45.34,50.24,47.42,1175,27.72,260,131,High
Pakistan,South,2018,Well,2.24,6.78,2.13,6.9,15.11,6.94,625,None,67.72,118,0,14,67.62,1578,55.56,34.59,63.41,624,24.27,240,132,High
Brazil,West,2024,Lake,2.98,7.28,3.69,6.82,21.36,6.32,380,None,95.95,86,2,12,22.46,9543,75.24,90.08,79.0,1743,23.09,27,100,Medium
China,West,2012,Lake,1.69,6.27,0.82,8.22,13.98,1.74,129,Filtration,91.23,40,2,0,15.45,13433,70.41,62.0,82.29,1212,17.98,146,42,Low
Mexico,West,2000,Spring,0.64,7.06,0.15,9.03,13.38,0.05,3,Boiling,86.1,19,1,0,17.2,9368,66.58,76.18,83.82,632,21.61,87,20,Low
Bangladesh,South,2019,Spring,1.92,7.43,0.15,7.64,20.97,2.25,37,Chlorination,82.23,56,2,5,36.56,2935,62.76,42.88,71.88,2306,21.5,960,63,Medium
Indonesia,South,2024,Spring,1.95,7.14,1.61,8.13,20.64,2.08,98,Filtration,82.77,60,2,3,27.96,5039,70.74,55.5,69.63,2694,27.61,104,65,Medium
China,Central,2014,Lake,1.77,6.98,1.5,8.16,17.44,1.16,89,Chlorination,94.61,44,1,0,14.25,13186,74.19,66.07,99.5,829,12.69,171,45,Low
Nigeria,Central,2013,Lake,3.33,7.9,6.61,6.41,19.84,7.25,1014,Boiling,63.34,211,13,34,78.24,2361,35.47,55.77,53.46,971,28.68,189,258,High
Ethiopia,North,2007,Well,1.98,6.99,1.28,8.62,13.39,5.97,254,Boiling,51.93,76,1,3,63.97,1148,40.38,19.18,43.55,965,20.4,146,80,Medium
Brazil,South,2009,Tap,1.62,6.82,1.37,7.35,13.04,5.37,143,None,77.97,54,1,4,29.35,8706,70.47,91.0,85.86,1822,27.84,26,59,Low
Brazil,South,2008,Spring,0.4,7.21,0.45,7.92,12.93,2.82,19,Boiling,89.27,33,0,3,15.78,8611,65.36,94.11,89.5,1943,23.69,54,36,Low
Brazil,South,2016,Pond,3.47,7.65,7.54,4.5,25.95,6.58,1087,None,86.96,215,13,14,29.43,10002,63.59,92.36,78.51,2235,23.19,25,242,High
Ethiopia,Central,2008,Well,2.98,7.06,4.87,6.72,17.08,9.23,1087,None,46.82,271,14,32,64.72,1198,40.22,23.0,40.41,718,21.61,138,317,High
Indonesia,West,2002,Well,1.83,7.18,1.41,8.52,21.54,2.81,105,Boiling,79.92,56,0,4,30.47,4683,69.82,58.28,74.23,2174,28.61,158,60,Medium
Bangladesh,East,2010,River,3.72,7.94,7.86,5.23,32.83,8.19,2464,None,77.31,190,15,29,38.3,2667,60.91,39.46,66.61,2086,25.57,1009,234,High
China,Central,2011,Spring,0.77,6.85,0.3,7.93,8.48,0.24,11,Boiling,99.7,10,0,2,15.13,13411,82.36,62.1,95.46,902,16.14,161,12,Low
Ethiopia,South,2009,Well,2.48,7.17,3.39,6.95,18.82,7.65,824,None,53.02,146,11,13,63.17,1084,32.07,23.99,33.66,776,19.31,170,170,High
Nigeria,Central,2024,River,4.2,7.0,6.09,5.57,21.72,7.5,781,None,69.19,220,6,25,74.62,2406,44.25,58.18,49.39,831,29.33,219,251,High
Bangladesh,North,2016,Pond,2.97,6.42,5.69,5.94,25.22,7.54,702,Boiling,64.8,165,10,22,42.71,2358,49.85,42.76,65.29,1813,20.12,1145,197,High
Nigeria,South,2016,Pond,3.53,7.35,5.94,5.17,21.34,7.65,918,Chlorination,58.22,175,9,23,80.31,1871,35.42,50.68,50.35,1445,29.58,282,207,High
Bangladesh,North,2024,Spring,1.82,6.84,0.72,7.64,15.78,5.58,83,Filtration,81.67,51,3,0,35.68,2885,61.63,38.97,69.49,1666,25.7,1112,54,Low
Indonesia,South,2010,Lake,3.01,7.54,4.47,5.48,26.59,7.87,883,Boiling,75.95,178,5,33,39.93,4531,61.57,55.38,68.66,2461,27.04,131,216,High
Mexico,Central,2021,River,2.3,6.92,5.52,6.7,14.17,6.73,1531,None,93.58,133,12,12,15.31,11063,81.62,84.48,87.99,561,21.16,62,157,High
Nigeria,West,2003,Lake,2.36,7.08,1.8,7.02,20.37,8.12,279,Filtration,56.06,114,3,12,81.04,2032,40.94,58.83,46.3,1551,30.6,274,129,High
Ethiopia,East,2006,Pond,2.91,6.95,6.58,5.75,15.93,5.75,833,Chlorination,53.36,181,11,20,67.21,1217,38.79,23.89,36.97,666,19.96,121,212,High
Bangladesh,North,2020,Pond,3.82,7.16,6.54,5.03,28.71,7.81,1010,Boiling,70.82,221,15,27,40.79,2569,56.12,43.22,67.13,2664,28.76,1140,263,High
Brazil,Central,2013,Tap,1.31,7.53,0.71,7.94,10.73,4.35,254,None,89.99,36,0,3,11.98,10587,80.03,84.93,92.44,2289,19.62,31,39,Low
Pakistan,West,2006,Tap,1.89,6.35,1.61,7.98,12.79,5.67,131,None,66.52,57,4,5,64.9,1752,62.62,38.37,56.47,443,23.85,240,66,Medium
Brazil,Central,2023,Tap,0.83,6.97,0.46,7.61,14.14,1.83,19,Boiling,91.38,32,0,3,14.46,10428,79.09,86.93,79.39,1889,23.18,25,35,Low
USA,North,2007,Tap,1.1,7.75,1.56,8.76,13.64,0.62,42,None,92.21,40,0,3,8.68,55412,91.73,81.4,99.5,1059,12.41,41,43,Low
Mexico,East,2000,Well,0.85,7.25,0.72,7.52,13.75,1.85,13,Filtration,89.44,24,1,1,10.6,9248,72.1,79.58,98.06,721,22.62,91,26,Low
Mexico,Central,2023,Tap,1.74,7.01,1.05,7.08,9.66,4.7,112,None,94.6,41,1,2,11.66,11427,79.97,82.55,88.76,800,21.17,80,44,Low
Brazil,South,2021,Well,1.11,6.58,1.23,7.14,11.05,2.14,30,Filtration,86.49,32,0,1,21.73,9298,75.72,90.85,82.17,1782,25.75,29,33,Low
China,West,2003,Well,1.49,7.56,1.52,8.29,8.29,1.47,48,Filtration,99.7,34,0,1,10.88,11412,76.42,56.27,80.79,727,13.44,184,35,Low
Indonesia,Central,2011,Spring,1.28,6.92,1.13,6.78,19.83,1.69,44,Boiling,83.75,24,1,6,28.72,4734,65.7,65.95,70.45,2775,27.11,133,31,Low
Nigeria,West,2023,Well,2.13,6.92,3.71,6.76,21.09,5.03,334,None,63.28,109,7,14,74.01,2639,51.43,60.79,56.79,1196,22.34,352,130,High
Ethiopia,South,2002,Well,1.74,6.5,2.53,7.78,14.44,4.92,129,Filtration,47.41,105,2,7,61.12,1113,50.58,18.89,40.33,902,19.21,79,114,Medium
Mexico,East,2012,Tap,1.85,6.62,2.29,8.14,15.7,2.6,102,None,96.18,59,1,2,13.14,9577,70.63,79.48,85.39,860,20.78,80,62,Medium
Brazil,East,2019,Well,0.78,7.05,1.07,7.4,11.05,1.37,62,Filtration,93.95,26,1,0,17.63,10047,74.88,90.16,86.51,1397,23.97,32,27,Low
Brazil,South,2005,Lake,2.12,7.04,2.38,7.54,20.95,1.92,109,Chlorination,88.16,60,5,5,22.03,8866,71.97,86.58,79.01,2150,21.84,35,70,Medium
Indonesia,West,2010,Tap,1.7,7.13,0.37,7.55,17.15,3.19,54,Boiling,81.08,29,2,5,26.3,4537,59.42,63.89,69.06,2918,26.47,116,36,Low
Indonesia,Central,2022,River,3.13,6.43,4.06,6.6,27.17,7.95,626,Boiling,79.73,136,6,16,36.59,5432,56.6,62.27,76.84,2355,24.3,136,158,High
India,South,2003,Tap,0.93,8.06,0.94,7.8,11.99,0.28,3,Boiling,81.29,20,0,1,34.92,2569,52.34,40.84,76.04,882,24.13,411,21,Low
India,North,2019,Well,1.44,7.74,0.52,7.77,15.63,3.77,134,Filtration,66.73,49,0,4,40.7,2324,67.56,39.95,69.71,735,27.4,434,53,Low
China,West,2015,Lake,1.34,7.01,0.3,8.85,18.29,1.39,52,Chlorination,92.44,41,2,1,14.2,13190,81.89,63.15,90.92,1261,12.25,144,44,Low
China,East,2006,Tap,0.56,7.79,0.63,7.9,14.76,1.97,4,Filtration,95.21,28,0,1,7.77,14493,87.32,66.79,93.92,925,15.17,130,29,Low
USA,South,2021,Lake,0.97,6.79,1.66,7.9,11.89,3.34,109,Boiling,90.34,45,1,2,15.71,46487,86.95,80.86,90.8,915,14.93,44,48,Low
China,East,2010,River,2.17,6.99,3.74,7.89,10.9,6.06,148,Filtration,94.98,57,2,7,9.42,14139,71.92,61.48,89.81,822,12.37,181,66,Medium
Bangladesh,West,2023,Pond,3.48,6.71,4.7,5.7,24.18,8.44,762,Boiling,72.07,150,15,21,36.15,3076,53.96,40.98,77.9,1717,25.96,967,186,High
Indonesia,East,2000,River,3.2,6.63,4.99,6.4,29.16,5.86,1152,None,84.9,171,8,16,27.5,4570,65.36,58.17,73.75,2347,24.48,108,195,High
Ethiopia,South,2006,Pond,2.82,7.47,4.04,6.98,18.87,4.9,574,Filtration,41.2,154,15,28,63.68,1143,40.32,20.45,40.91,643,20.61,91,197,High
Bangladesh,West,2011,Spring,3.55,7.04,6.78,5.98,29.36,9.92,635,None,69.98,212,12,27,40.69,2730,47.48,41.8,69.59,2687,31.75,1700,251,High
Nigeria,North,2006,Pond,3.6,7.13,5.3,5.99,21.63,9.77,792,Filtration,56.35,232,3,29,71.08,2249,44.54,56.74,57.8,1017,29.18,287,264,High
Brazil,South,2022,Spring,0.92,7.8,1.19,7.84,17.67,2.62,36,Boiling,86.79,42,2,3,24.49,8879,70.51,88.4,65.67,2153,23.5,20,47,Low
China,Central,2006,Tap,1.42,7.0,1.2,7.59,16.35,0.36,53,None,95.91,34,0,3,12.67,10186,76.72,62.34,85.77,1183,16.24,156,37,Low
Brazil,South,2009,Spring,1.88,7.35,2.47,7.69,13.19,4.37,45,Filtration,94.76,48,1,3,22.3,10022,78.44,90.11,85.62,2193,24.9,34,52,Low
Mexico,West,2015,Lake,1.52,6.78,1.99,7.74,11.52,2.82,171,Boiling,93.4,51,2,3,17.87,10168,62.04,84.62,91.78,775,16.03,68,56,Low
USA,South,2007,Spring,0.6,7.31,1.02,9.24,7.58,1.37,3,Filtration,96.29,9,1,0,8.89,52631,82.79,83.0,92.67,1177,13.32,56,10,Low
Mexico,North,2008,Lake,2.32,7.17,6.01,6.42,18.16,5.47,900,None,94.21,154,0,9,24.06,9656,67.93,79.4,90.69,1252,20.18,69,163,High
USA,North,2008,Pond,1.66,7.15,2.87,7.21,11.85,5.53,205,Filtration,96.2,53,1,1,11.25,47980,85.32,79.06,98.31,726,15.21,30,55,Low
India,Central,2001,Pond,2.89,6.42,2.41,8.12,18.37,5.02,346,Filtration,77.91,92,2,6,39.38,2389,62.57,42.32,68.35,1020,25.95,525,100,Medium
Brazil,East,2012,Pond,3.69,7.23,8.38,5.21,24.62,10.19,1765,None,84.28,271,1,23,24.21,8826,71.27,86.02,77.8,1258,27.49,24,295,High
USA,West,2012,Spring,1.38,6.91,0.64,8.91,10.16,0.28,46,Boiling,99.7,25,0,2,5.89,58585,82.79,89.14,98.23,1154,13.42,36,27,Low
Pakistan,West,2022,Pond,2.89,6.99,4.31,5.78,22.0,9.17,1136,Filtration,64.95,186,6,22,71.63,1759,61.88,33.57,65.66,475,23.5,261,214,High
Bangladesh,East,2022,Spring,1.36,7.01,0.95,6.49,21.58,1.78,47,Filtration,71.24,53,2,2,34.66,3414,71.98,48.71,80.21,1931,30.09,1230,57,Low
USA,North,2003,Spring,0.02,6.93,0.88,9.8,5.59,0.05,3,Chlorination,96.21,12,1,0,12.43,47646,91.93,79.0,98.95,948,8.72,32,13,Low
USA,North,2024,Well,0.16,7.34,0.15,9.57,8.51,0.05,5,Chlorination,99.7,14,0,0,2.89,51447,96.19,83.76,99.5,1401,11.81,46,14,Low
Bangladesh,South,2023,Well,2.3,7.07,2.74,7.89,22.16,3.18,196,Boiling,76.4,65,4,12,41.89,2719,56.98,36.41,68.54,2168,25.28,1412,81,Medium
Brazil,Central,2011,Spring,1.43,7.42,2.86,6.1,13.52,5.75,285,None,89.73,64,2,13,28.31,8929,59.83,88.12,78.04,1940,26.01,17,79,Medium
Brazil,Central,2016,Lake,2.68,7.12,2.58,6.99,18.45,4.68,485,Boiling,90.42,80,3,7,19.75,9232,71.38,89.79,76.22,1765,26.71,23,90,Medium
Bangladesh,Central,2001,Tap,0.63,6.93,1.64,7.38,19.08,1.38,29,Boiling,76.22,62,1,3,40.77,2465,61.28,42.63,56.72,1686,26.54,1068,66,Medium
Mexico,South,2012,River,2.45,7.44,3.71,7.52,15.56,5.39,456,Boiling,92.91,65,5,9,21.8,9601,71.94,82.37,84.7,1066,21.2,86,79,Medium
Pakistan,Central,2017,Well,0.89,7.14,1.35,7.11,11.7,2.98,113,Filtration,68.45,61,2,3,65.8,1656,59.77,34.14,68.54,450,26.53,391,66,Medium
Ethiopia,East,2014,Spring,0.74,7.13,0.48,8.86,9.71,2.58,32,Filtration,46.81,43,0,2,69.71,1137,38.88,26.47,39.36,918,18.49,103,45,Low
Nigeria,South,2007,River,2.85,5.98,5.32,5.95,15.83,9.81,567,Boiling,61.15,174,8,17,66.02,2358,48.65,58.38,52.15,814,27.84,352,199,High
Pakistan,East,2014,Well,1.09,7.37,2.05,7.79,14.4,3.55,60,Boiling,72.0,37,2,8,71.7,1686,51.23,36.83,66.75,460,20.82,390,47,Low
Brazil,South,2000,Tap,1.16,6.9,0.41,8.21,13.22,2.04,20,Chlorination,89.78,31,1,1,18.9,9190,70.94,87.29,86.7,1766,26.58,31,33,Low
Ethiopia,Central,2019,Lake,2.76,6.75,4.82,7.65,17.09,6.34,1343,None,55.82,249,7,18,57.81,1180,40.19,25.4,29.95,1214,15.73,122,274,High
India,East,2009,Spring,1.85,6.99,1.76,7.43,14.28,4.69,88,Boiling,76.04,51,2,7,38.86,2510,57.92,35.91,69.05,1318,25.36,385,60,Medium
China,East,2011,Tap,0.29,7.45,0.15,8.82,9.62,0.86,3,Chlorination,78.27,11,1,1,12.41,10977,84.24,65.13,90.27,1013,12.47,157,13,Low
USA,East,2004,Well,1.52,7.34,2.1,9.32,11.67,4.75,71,Boiling,83.12,35,1,2,14.45,39862,81.13,78.86,94.9,991,11.79,50,38,Low
Bangladesh,South,2008,Spring,3.35,6.74,5.34,4.63,25.43,7.01,1058,None,74.25,160,8,21,41.26,2561,50.84,38.36,63.24,1939,30.42,1326,189,High
Bangladesh,West,2022,River,2.94,7.23,4.48,6.87,25.39,5.82,391,Boiling,74.7,120,5,11,39.91,2714,60.2,43.82,66.34,2150,25.3,1343,136,High
USA,Central,2007,Pond,3.27,7.54,6.24,7.48,21.25,10.19,1591,None,93.29,125,10,21,11.29,56541,78.8,83.4,99.5,910,11.74,44,156,High
China,East,2015,Lake,1.63,7.11,0.96,7.85,11.16,3.51,73,Filtration,90.2,52,1,4,9.16,12587,72.1,69.85,91.51,878,16.52,148,57,Low
Nigeria,West,2013,Well,3.87,7.38,5.85,5.73,24.16,7.27,632,None,62.73,230,8,15,83.59,2178,43.93,58.17,38.51,1532,25.04,370,253,High
China,Central,2024,Lake,2.44,7.09,3.5,7.58,18.6,4.38,199,Boiling,88.64,79,2,4,11.44,16151,86.61,66.41,96.18,1355,11.63,157,85,Medium
Ethiopia,Central,2012,Spring,1.13,6.95,1.78,8.92,14.18,6.32,30,Chlorination,61.55,54,1,1,61.78,1234,43.74,24.04,53.13,964,19.04,116,56,Low
China,East,2022,Pond,2.76,6.2,3.26,7.82,18.15,8.02,489,Filtration,88.41,114,3,9,15.65,10442,67.76,57.03,82.55,851,17.61,252,126,High
Ethiopia,East,2020,Tap,0.97,6.61,0.72,9.18,7.34,5.41,34,Chlorination,53.79,38,0,2,68.12,1167,38.12,23.15,37.13,646,16.67,125,40,Low
China,South,2012,Lake,0.82,6.24,0.63,7.79,10.83,5.2,54,Boiling,95.89,30,0,0,18.75,13132,73.11,63.22,94.15,1014,14.34,137,30,Low
Nigeria,West,2004,River,2.79,7.1,3.43,6.31,18.31,8.14,740,Filtration,55.9,155,7,12,79.75,2189,49.47,58.49,50.77,1062,28.05,252,174,High
Nigeria,West,2015,Well,1.2,6.86,1.47,6.77,12.57,3.26,147,Chlorination,65.67,51,2,8,70.93,2338,56.44,51.69,52.49,949,30.77,316,61,Medium
Brazil,East,2010,River,2.74,7.23,3.82,5.86,19.8,6.22,451,Boiling,90.76,93,2,9,17.0,10933,70.3,95.95,87.12,2281,25.88,38,104,Medium
USA,Central,2021,Lake,1.23,7.92,1.49,8.73,8.82,1.25,24,Chlorination,92.74,22,1,0,7.94,57530,84.35,77.95,99.5,963,11.75,45,23,Low
Nigeria,East,2004,Pond,4.17,6.37,9.44,5.49,22.08,14.2,1971,None,56.93,387,25,45,85.55,1940,34.96,48.83,45.64,1089,26.02,216,457,High
Ethiopia,Central,2012,Tap,1.52,7.49,3.62,7.73,13.86,6.84,431,None,52.93,133,5,15,60.2,1336,46.96,31.81,40.23,1029,19.21,139,153,High
Nigeria,Central,2010,Tap,1.18,7.57,0.79,8.38,13.79,2.3,3,Boiling,65.36,17,0,2,76.04,2237,45.01,53.55,57.91,1123,25.33,124,19,Low
Brazil,East,2024,River,1.5,7.19,0.82,6.84,13.81,2.64,163,Chlorination,91.68,47,0,2,19.79,10006,78.09,84.53,85.17,1703,25.17,25,49,Low
Bangladesh,North,2018,Spring,1.83,7.68,1.51,6.29,22.01,3.89,198,Boiling,75.31,108,1,12,35.02,2999,62.07,35.84,65.87,1912,28.89,1025,121,Medium
Ethiopia,West,2002,Spring,1.17,6.04,1.21,7.79,6.9,8.16,25,Chlorination,57.04,48,0,3,57.13,1349,44.17,31.17,48.03,555,17.38,111,51,Low
Brazil,Central,2014,Pond,1.67,7.68,2.1,7.56,12.31,4.81,162,Filtration,87.89,57,0,5,13.05,9848,76.44,92.37,86.58,1419,21.7,23,62,Medium
Mexico,Central,2006,Tap,0.91,7.27,0.15,9.26,10.15,1.78,3,Boiling,99.04,13,0,0,17.85,10930,70.4,81.72,90.19,778,21.75,56,13,Low
Mexico,North,2006,River,2.48,7.34,3.0,8.15,17.84,2.79,319,Boiling,91.41,58,1,3,17.92,11801,81.61,86.17,90.33,667,24.66,61,62,Medium
India,South,2005,River,2.1,6.45,5.61,6.14,20.82,5.89,405,Chlorination,72.11,94,2,10,40.74,2230,46.03,37.54,77.95,1100,28.87,475,106,Medium
China,North,2002,River,1.78,6.88,2.35,8.58,14.96,2.51,236,Boiling,85.38,49,0,5,11.9,12563,75.11,60.65,90.47,553,12.76,156,54,Low
USA,North,2012,Lake,1.11,7.28,0.77,9.3,6.75,1.15,65,Filtration,98.9,30,1,1,9.1,60753,91.72,81.8,99.5,785,9.61,31,32,Low
Indonesia,Central,2006,Pond,2.42,7.16,2.52,4.91,21.92,5.34,454,Chlorination,78.39,130,4,10,31.73,5057,67.28,55.66,86.24,2338,28.21,131,144,High
Pakistan,West,2004,Spring,1.2,6.83,0.93,7.59,8.19,5.33,25,Chlorination,66.2,41,3,4,65.03,1717,50.65,41.67,65.85,446,24.89,317,48,Low
Brazil,North,2022,Spring,1.16,7.65,0.15,8.66,12.42,3.56,21,Chlorination,98.05,20,2,0,16.53,11407,69.12,86.07,83.22,1785,23.25,20,22,Low
Bangladesh,South,2017,Lake,2.45,7.12,3.49,6.88,24.62,5.86,518,Filtration,76.75,127,5,18,33.71,2999,54.89,39.58,72.39,1585,26.77,1197,150,High
Pakistan,East,2021,Well,0.98,7.25,2.13,7.38,15.16,2.53,140,Filtration,79.59,67,2,1,69.83,1835,50.76,51.19,68.93,374,24.71,157,70,Medium
Bangladesh,North,2007,Lake,3.14,7.12,4.74,6.66,28.8,5.18,414,Boiling,75.35,179,9,13,37.26,2471,57.64,46.75,64.25,2561,22.49,1592,201,High
Pakistan,North,2016,Pond,2.09,7.38,2.87,7.02,13.6,4.68,394,Chlorination,64.88,113,2,15,75.62,1671,54.44,31.97,58.8,450,23.01,209,130,High
Brazil,South,2019,River,2.11,7.29,2.7,7.37,17.43,4.69,358,Filtration,90.28,78,2,5,15.89,8034,67.5,82.52,75.45,2354,23.36,25,85,Medium
Indonesia,West,2000,Lake,3.01,7.51,5.17,5.73,25.49,6.35,674,None,73.33,188,5,11,34.49,4261,57.0,56.25,82.66,2512,27.21,237,204,High
Pakistan,North,2013,River,2.33,7.52,3.53,7.97,20.24,5.67,274,Boiling,70.56,98,8,22,75.85,1677,45.17,36.41,71.61,418,22.37,201,128,High
Brazil,North,2016,Pond,2.86,7.0,5.44,6.92,22.3,7.39,548,Filtration,87.74,125,4,13,21.21,8631,67.87,86.56,71.01,2156,25.24,32,142,High
Nigeria,West,2009,Pond,2.68,7.19,3.71,6.19,14.04,8.14,492,Filtration,56.2,144,6,13,83.17,2267,52.81,62.76,51.97,835,27.18,248,163,High
Indonesia,South,2011,Tap,1.53,7.7,1.99,8.04,19.07,2.78,166,Filtration,82.29,64,1,3,26.98,5045,69.23,58.83,76.59,2573,27.45,245,68,Medium
Ethiopia,North,2015,River,2.16,7.11,3.85,6.14,13.83,5.46,411,Boiling,55.09,137,2,19,60.02,1232,34.09,21.71,45.84,872,13.59,163,158,High
Bangladesh,West,2013,Spring,1.74,6.41,0.64,7.03,26.52,3.59,42,Filtration,77.78,50,1,5,36.58,3031,67.44,42.81,68.37,2754,22.25,992,56,Low
Mexico,North,2015,Lake,1.57,7.61,1.79,7.05,13.28,3.3,313,Filtration,94.22,64,3,4,14.85,10614,71.72,82.96,85.38,921,24.42,43,71,Medium
China,East,2007,Pond,3.77,7.48,6.43,6.29,26.36,8.71,1311,None,91.65,130,6,13,8.6,12275,81.81,63.01,89.35,1115,13.3,108,149,High
Mexico,Central,2022,River,3.24,6.46,5.54,5.73,18.06,8.87,661,None,99.41,116,8,22,19.89,10275,67.12,91.34,88.97,668,22.65,65,146,High
Indonesia,East,2009,Well,3.39,6.93,5.21,7.1,21.25,5.8,1119,None,88.13,138,3,14,22.63,5508,64.93,61.37,79.26,2274,27.73,125,155,High
Ethiopia,North,2016,Tap,0.82,7.17,0.15,8.55,11.12,4.86,3,Filtration,42.98,22,0,0,63.5,1186,46.44,26.45,41.08,850,17.45,150,22,Low
Bangladesh,South,2017,Well,3.71,7.0,6.32,5.44,34.78,9.3,951,None,70.65,260,10,21,40.66,2781,59.0,49.38,63.23,2637,28.91,994,291,High
Ethiopia,Central,2019,Pond,2.63,7.17,4.67,7.8,14.97,8.5,406,Chlorination,46.79,172,12,24,65.66,994,38.2,25.78,43.56,829,17.48,113,208,High
Pakistan,East,2015,Well,2.83,7.2,4.14,6.12,23.37,6.31,367,None,70.44,136,15,12,65.86,1819,58.83,39.32,75.05,398,26.72,285,163,High
Bangladesh,West,2016,Well,3.59,6.75,5.42,6.27,20.83,8.29,691,None,73.66,137,10,25,38.51,2921,67.02,42.94,67.93,1772,23.91,1700,172,High
Pakistan,South,2015,Tap,1.55,6.94,0.15,8.51,12.1,4.75,13,Filtration,61.08,32,0,4,71.61,1536,55.21,40.05,57.82,541,25.58,299,36,Low
Brazil,East,2018,Tap,0.91,6.94,0.42,8.04,13.41,2.3,3,Chlorination,88.35,24,0,1,16.89,9335,74.24,86.3,86.83,1723,26.81,33,25,Low
Indonesia,West,2023,Tap,2.54,6.67,3.5,6.32,27.01,6.99,528,None,74.94,148,6,18,28.87,4812,72.03,58.27,76.48,2451,24.1,151,172,High
Brazil,North,2023,Tap,0.02,6.91,0.45,8.59,9.05,4.9,3,Filtration,96.03,19,0,1,22.72,10102,70.72,89.19,87.92,2138,21.26,23,20,Low
India,West,2007,Well,2.19,7.07,0.56,7.99,16.16,5.33,88,Chlorination,71.51,56,2,4,34.76,2548,54.51,37.65,74.27,1259,27.19,586,62,Medium
Ethiopia,East,2005,Spring,2.8,6.47,2.39,7.5,15.83,8.29,406,None,51.03,113,8,16,63.88,1012,44.08,19.64,31.07,917,17.38,108,137,High
Pakistan,East,2005,Spring,1.23,7.1,0.89,7.66,13.47,6.94,53,Filtration,68.28,58,1,5,63.25,1483,46.03,38.48,58.07,355,25.37,275,64,Medium
Nigeria,North,2020,Tap,1.66,7.08,1.49,6.86,13.72,4.86,16,Chlorination,57.9,39,2,2,76.66,2131,46.45,56.75,49.58,995,29.23,237,43,Low
Brazil,West,2008,Lake,3.21,6.97,4.64,5.63,22.76,6.67,880,None,83.83,125,3,11,21.37,8393,76.44,87.84,84.79,2064,24.49,28,139,High
India,West,2003,River,2.68,7.21,4.23,5.36,20.61,6.12,404,Chlorination,81.42,116,7,13,33.63,2641,64.52,36.78,80.53,1300,27.77,542,136,High
USA,North,2011,Pond,1.68,7.48,3.29,8.62,13.24,4.83,298,Chlorination,93.79,75,0,8,13.03,50472,82.59,77.81,87.37,1052,8.91,44,83,Medium
Mexico,West,2011,Lake,1.58,6.83,1.86,6.89,10.7,5.21,233,Filtration,92.7,54,2,5,17.65,11347,80.23,85.78,76.42,498,23.0,82,61,Medium
Bangladesh,North,2022,Pond,3.39,7.56,4.76,5.94,25.6,5.84,640,Boiling,73.43,155,3,13,36.37,3082,57.31,43.51,68.78,1583,25.87,1688,171,High
India,South,2016,Lake,2.14,7.06,3.39,5.93,17.12,6.2,426,Chlorination,74.48,109,4,7,36.2,2758,55.63,36.26,77.19,881,24.16,331,120,Medium
Indonesia,East,2014,Lake,2.23,6.82,2.5,7.09,22.35,1.6,358,Chlorination,79.11,90,5,6,36.99,4334,52.44,53.34,64.96,2109,28.16,159,101,Medium
Brazil,South,2008,Spring,0.78,6.94,1.3,8.03,6.15,0.13,4,Chlorination,83.87,10,0,3,21.98,7337,61.85,90.47,81.4,1551,20.81,24,13,Low
Indonesia,Central,2006,River,2.32,7.17,2.11,7.5,16.49,3.72,248,Chlorination,84.44,105,2,6,20.32,4886,67.52,53.62,74.98,1890,24.02,141,113,Medium
Mexico,Central,2009,Lake,1.44,7.12,2.67,8.73,13.0,4.13,72,Chlorination,85.41,63,0,4,19.57,9408,68.29,86.33,83.52,881,25.11,66,67,Medium
Nigeria,Central,2015,Tap,1.47,6.55,1.79,6.52,17.78,6.06,69,Boiling,59.15,63,3,7,80.4,2305,51.0,57.77,58.49,1133,29.3,195,73,Medium
Ethiopia,North,2011,Pond,2.95,6.85,5.27,7.48,15.7,9.02,943,Filtration,55.65,229,17,21,61.7,1251,42.46,26.45,35.0,1019,16.93,119,267,High
Ethiopia,West,2024,Spring,1.77,7.06,2.07,7.9,5.21,4.36,69,Boiling,51.18,36,0,11,63.21,1240,46.16,25.3,32.26,756,17.57,155,47,Low
Indonesia,South,2006,Pond,2.82,7.19,5.73,5.55,24.72,6.31,999,Filtration,81.54,161,7,13,36.05,4897,62.31,67.47,72.56,2367,29.16,120,181,High
Pakistan,South,2017,Tap,0.97,7.36,0.15,7.96,13.12,3.78,35,Boiling,74.17,45,1,3,62.92,1820,45.48,42.28,65.24,506,20.77,289,49,Low
Nigeria,South,2014,Tap,1.24,7.0,0.17,8.54,14.57,1.98,27,Filtration,62.64,37,0,0,75.97,2145,38.44,45.55,53.99,1018,27.42,243,37,Low
Ethiopia,South,2005,Lake,3.32,6.5,6.83,6.41,19.03,12.38,604,None,50.2,258,14,17,70.76,1036,33.76,19.73,29.32,1122,16.6,122,289,High
Nigeria,Central,2011,Tap,1.16,7.99,0.84,6.95,13.24,2.32,15,Chlorination,58.07,34,0,3,75.66,2046,52.84,59.95,46.05,1172,27.23,314,37,Low
India,South,2010,River,1.95,7.2,3.18,6.68,20.37,2.45,342,Filtration,71.46,85,2,15,39.32,2523,61.33,40.88,78.44,1441,25.5,572,102,Medium
Nigeria,West,2019,Tap,0.78,6.74,1.65,7.58,13.52,4.91,3,Filtration,56.31,27,0,2,69.62,2558,54.13,58.64,54.97,1122,23.2,221,29,Low
China,Central,2002,Lake,1.04,7.35,1.21,7.68,17.01,1.97,125,Chlorination,88.5,48,1,1,13.64,11254,79.94,57.0,89.97,1258,13.24,218,50,Low
Mexico,South,2001,Pond,3.16,6.2,6.64,5.67,20.07,8.67,697,None,92.47,177,6,9,19.73,10592,82.77,83.13,87.13,791,21.68,70,192,High
Ethiopia,North,2005,Tap,0.61,7.17,1.03,9.11,13.51,3.55,3,Chlorination,58.14,20,0,2,61.26,1264,44.56,26.77,36.78,922,14.19,140,22,Low
Nigeria,East,2023,Spring,1.84,6.81,1.74,7.5,17.85,2.07,130,Filtration,64.56,118,2,6,75.99,2287,47.72,59.74,48.39,1143,24.77,260,126,High
Indonesia,East,2021,Spring,1.74,7.5,1.99,7.69,20.97,3.95,151,Filtration,84.61,60,2,5,25.01,5393,67.62,63.32,79.79,2720,29.72,145,67,Medium
USA,East,2024,Spring,0.18,7.23,0.76,8.43,7.22,0.05,3,Chlorination,99.7,7,0,1,3.38,61335,89.48,86.07,99.5,590,16.62,38,8,Low
China,Central,2004,Pond,2.6,7.23,4.61,7.48,17.15,3.46,394,Boiling,91.14,74,3,16,13.31,10175,78.66,70.16,92.54,865,13.68,172,93,Medium
China,South,2017,Well,1.13,7.0,0.99,8.63,9.38,1.0,5,Chlorination,99.7,26,0,2,9.46,15922,82.08,72.47,95.37,824,18.26,189,28,Low
Pakistan,Central,2015,Spring,0.79,7.07,1.6,7.54,7.62,3.13,44,Filtration,70.5,48,1,2,63.19,1859,49.29,38.38,68.95,492,23.8,200,51,Low
Nigeria,West,2007,Spring,1.95,7.37,0.89,7.57,17.25,4.08,88,Filtration,55.19,85,0,6,73.42,2121,49.15,51.77,49.19,986,26.59,201,91,Medium
Pakistan,North,2024,Well,1.45,7.09,1.32,7.98,11.44,5.15,145,Filtration,65.96,70,0,5,63.61,2181,63.21,48.35,62.98,460,26.08,394,75,Medium
Pakistan,North,2019,Pond,3.77,6.48,7.09,5.6,21.73,9.61,1261,None,75.43,177,12,31,72.02,1799,50.25,41.77,70.1,769,24.06,184,220,High
USA,East,2021,Spring,0.21,7.73,1.37,8.73,8.01,1.46,17,Chlorination,88.8,23,0,0,9.14,52439,87.06,81.69,97.86,1155,14.79,25,23,Low
India,East,2010,Lake,2.99,7.26,3.92,5.46,20.76,9.6,552,None,76.86,157,6,11,37.81,2554,56.99,41.23,74.4,1027,20.71,463,174,High
Nigeria,East,2009,Pond,2.76,6.87,4.25,7.32,22.83,4.44,956,Chlorination,58.76,177,13,31,79.47,1923,39.36,55.12,48.91,1300,24.93,313,221,High
Brazil,South,2023,Spring,2.23,7.12,2.3,6.79,18.07,4.07,213,None,95.15,70,1,6,19.01,10530,69.21,92.19,83.19,1420,24.34,15,77,Medium
Ethiopia,West,2024,Spring,1.1,6.82,0.67,8.55,10.92,2.7,19,Boiling,50.47,49,3,5,60.24,1495,48.49,27.37,40.67,712,18.02,160,57,Low
Pakistan,West,2011,Well,0.92,7.02,0.83,7.62,14.64,5.22,133,Filtration,76.63,74,3,1,62.17,1677,60.38,40.91,67.91,455,25.99,277,78,Medium
Mexico,West,2020,Lake,1.23,7.02,2.18,7.26,11.07,4.32,117,Filtration,88.75,57,0,3,16.21,10885,68.12,76.38,89.22,818,23.25,50,60,Medium
Bangladesh,West,2005,Pond,2.44,7.45,4.07,6.41,21.89,5.38,1182,Chlorination,76.46,117,7,15,41.96,2828,47.26,42.02,64.74,1947,25.33,944,139,High
Mexico,East,2019,Tap,0.92,7.04,0.68,8.17,11.72,2.76,3,Filtration,99.7,14,0,0,15.39,10799,74.99,83.68,84.96,811,21.05,72,14,Low
USA,North,2004,River,2.91,7.17,4.8,7.28,17.92,4.64,648,None,95.18,69,6,13,16.05,47571,86.8,85.6,86.0,845,14.77,47,88,Medium
USA,East,2022,Lake,1.51,6.73,2.19,8.53,13.86,2.81,111,Boiling,87.86,45,0,2,9.38,53276,89.21,81.49,95.87,732,9.45,56,47,Low
Indonesia,West,2008,Tap,1.52,7.28,2.82,6.62,23.36,3.23,169,None,79.74,111,2,11,34.29,4472,61.29,57.99,77.92,2809,29.05,104,124,Medium
India,East,2015,Lake,2.61,7.13,5.23,6.84,19.34,3.98,483,None,75.57,84,8,24,37.46,2572,59.33,30.64,76.77,1338,26.39,302,116,Medium
Ethiopia,West,2021,Tap,0.61,7.04,0.15,9.29,12.94,1.63,3,Chlorination,49.46,28,1,2,58.57,1029,29.64,23.04,36.72,901,18.29,127,31,Low
Pakistan,Central,2013,Tap,0.37,7.65,0.15,7.94,10.22,1.62,3,Filtration,69.57,30,1,1,66.63,1854,59.03,32.65,67.05,589,22.87,267,32,Low
Mexico,North,2021,Lake,2.55,7.01,3.88,6.74,15.56,6.68,694,None,91.44,83,5,16,22.36,9160,64.7,84.69,86.35,782,17.33,60,104,Medium
Bangladesh,Central,2007,Well,3.1,7.27,3.76,7.51,28.48,9.41,317,Chlorination,73.69,165,5,8,34.43,2866,63.09,41.11,67.29,2811,29.33,999,178,High
USA,South,2019,Lake,2.73,7.28,2.76,7.7,14.79,6.41,325,None,94.27,80,3,10,10.93,55884,85.62,78.38,93.69,883,11.92,37,93,Medium
USA,East,2018,Lake,2.08,6.85,5.28,7.11,14.55,5.08,1004,None,95.54,109,1,19,14.74,47225,86.73,82.85,94.93,946,13.83,42,129,High
India,South,2013,Tap,1.75,7.3,1.55,7.32,14.51,4.8,163,None,68.96,98,0,6,37.85,2783,65.49,41.65,79.28,969,22.66,403,104,Medium
Bangladesh,East,2006,River,2.2,6.13,4.45,6.07,22.65,6.69,447,Chlorination,76.46,175,3,7,37.81,2943,62.99,45.62,71.42,1993,27.54,1072,185,High
Bangladesh,Central,2004,Tap,0.87,7.72,2.09,7.73,21.13,0.05,33,Boiling,76.81,41,2,1,28.85,3329,63.53,44.82,72.9,2865,21.45,1005,44,Low
India,West,2017,Spring,1.93,7.1,2.44,6.33,17.92,6.92,354,None,77.85,96,4,11,40.14,2223,49.17,28.67,64.93,1251,26.28,512,111,Medium
USA,West,2001,Lake,2.52,6.87,4.58,7.65,16.68,7.19,451,None,94.93,74,3,10,10.11,54141,82.06,81.44,97.32,864,13.91,31,87,Medium
Ethiopia,East,2010,Pond,1.82,6.92,0.85,7.53,13.51,1.93,132,Chlorination,54.55,75,1,2,56.27,1297,47.85,28.45,46.25,888,13.94,149,78,Medium
Nigeria,West,2021,Lake,2.38,7.33,2.11,6.52,15.62,4.65,143,Filtration,54.88,89,3,11,73.09,2458,40.71,59.92,54.66,1294,25.79,194,103,Medium
Nigeria,Central,2007,Well,1.72,6.89,1.45,5.49,15.45,3.5,168,Boiling,58.28,115,2,7,75.05,1905,44.74,56.42,44.48,952,30.42,373,124,Medium
India,West,2000,Pond,1.96,7.12,1.84,6.59,22.55,4.72,323,Chlorination,72.88,73,3,8,35.39,2256,55.65,33.92,78.01,1407,22.11,510,84,Medium
Bangladesh,Central,2021,Tap,0.99,7.53,0.73,7.68,16.86,0.05,15,Filtration,74.11,40,0,4,30.41,3044,62.38,39.18,73.25,1714,28.06,1264,44,Low
Pakistan,South,2011,Well,1.61,6.28,1.35,8.89,7.45,6.79,37,Chlorination,78.38,50,0,3,62.2,1540,54.63,34.59,61.57,502,26.03,192,53,Low
India,Central,2001,Lake,1.78,7.01,0.53,8.29,14.44,5.41,178,Chlorination,80.18,62,0,6,29.88,2770,53.1,49.14,76.41,990,26.21,358,68,Medium
Ethiopia,North,2017,Tap,1.16,7.08,0.15,8.97,9.72,4.96,4,Boiling,55.27,36,1,1,57.72,1051,39.96,18.05,39.31,639,18.75,133,38,Low
India,North,2006,Tap,1.12,6.62,0.15,8.18,11.25,4.18,24,Boiling,66.7,43,0,2,39.6,2165,47.5,26.98,67.77,1003,23.73,376,45,Low
China,North,2016,Spring,0.3,7.25,0.15,8.28,9.43,0.05,4,Boiling,92.83,15,0,1,17.04,12209,74.2,66.98,90.97,927,14.27,164,16,Low
Mexico,East,2021,Spring,0.72,7.87,1.15,8.5,8.73,0.66,49,Boiling,98.05,25,0,0,19.64,10970,71.39,74.06,94.18,859,25.9,88,25,Low
Bangladesh,East,2022,River,3.57,6.63,5.23,5.24,31.96,7.19,790,Filtration,67.95,149,15,25,37.37,2246,44.01,36.31,64.56,2482,26.01,1339,189,High
Indonesia,East,2013,Spring,3.36,7.43,3.6,6.57,23.91,7.1,436,None,80.73,130,2,8,25.9,5267,68.33,57.9,78.91,2480,27.94,111,140,High
Indonesia,Central,2023,Pond,2.9,7.07,5.79,7.02,27.16,6.48,597,Chlorination,75.91,180,7,11,31.77,5068,62.58,65.07,84.96,2948,21.0,125,198,High
Bangladesh,East,2006,Tap,0.93,7.21,0.15,7.38,17.42,2.64,8,Boiling,68.83,34,1,3,37.17,2509,52.07,39.2,66.26,1869,24.5,1644,38,Low
Ethiopia,South,2021,Spring,2.49,6.99,3.72,7.59,19.29,8.2,380,None,46.43,192,5,10,66.36,1176,36.74,22.09,39.31,1220,19.59,87,207,High
China,North,2024,River,1.59,7.67,0.79,8.37,17.71,1.89,185,Filtration,86.98,56,1,3,13.5,12339,79.77,63.99,83.53,1009,9.73,130,60,Medium
China,Central,2002,Lake,1.49,6.89,1.24,8.49,14.22,5.74,163,Boiling,94.04,54,1,3,17.8,10253,70.83,69.84,83.35,1124,11.61,185,58,Low
USA,North,2005,Pond,1.3,6.78,2.28,7.68,8.05,1.99,173,Chlorination,99.7,30,1,3,5.28,58891,83.74,77.53,99.5,697,14.53,27,34,Low
Mexico,East,2019,Spring,1.84,6.86,3.04,7.39,12.92,5.51,162,None,89.33,48,1,2,23.4,10999,69.59,83.3,89.71,958,22.23,54,51,Low
Nigeria,Central,2001,Tap,1.35,6.71,1.61,6.54,12.49,6.39,239,Boiling,63.54,86,1,9,73.96,2435,50.93,55.51,51.63,924,28.36,210,96,Medium
Brazil,West,2016,Lake,1.73,7.43,2.04,6.93,13.81,5.97,196,Chlorination,86.83,53,0,3,21.74,8584,72.39,85.65,93.26,1723,20.5,20,56,Low
Ethiopia,South,2011,Tap,1.9,6.97,3.13,8.48,18.37,4.18,178,None,58.45,120,4,12,60.56,1277,33.91,21.51,40.91,879,18.7,135,136,High
Brazil,East,2011,Lake,2.17,7.88,3.4,7.36,19.6,3.34,252,Chlorination,81.89,75,7,9,21.21,8062,71.05,87.84,80.29,2876,25.63,20,91,Medium
Brazil,East,2016,Pond,2.7,7.34,3.02,7.63,19.06,6.48,475,Filtration,88.38,93,5,11,19.41,8015,70.96,83.43,83.76,1509,24.31,20,109,Medium
Bangladesh,South,2009,Tap,1.51,7.12,1.58,8.72,22.92,2.77,62,Boiling,60.11,63,3,9,35.5,2605,47.07,39.19,71.63,1882,29.02,1402,75,Medium
Indonesia,South,2002,Spring,1.9,7.59,1.37,8.78,16.91,2.83,65,Boiling,75.74,46,2,5,28.96,4349,54.44,58.59,66.5,2198,24.82,155,53,Low
Indonesia,West,2019,Spring,0.86,7.3,1.61,8.36,16.08,1.83,71,Chlorination,77.34,36,0,2,24.79,5412,71.86,59.07,78.68,2241,23.65,165,38,Low
Nigeria,East,2017,River,2.59,7.08,6.34,6.21,21.76,6.0,892,None,63.26,164,8,22,77.16,2460,52.93,52.94,55.79,1173,26.17,141,194,High
Bangladesh,East,2012,Lake,2.61,6.72,3.98,6.26,24.32,5.27,510,Boiling,77.95,113,10,16,36.91,2695,58.92,42.7,64.92,2211,27.4,1602,139,High
Brazil,North,2011,River,1.64,6.64,1.1,6.99,14.32,6.6,348,Chlorination,87.92,66,2,5,14.77,9006,66.93,89.94,78.3,1667,20.57,30,73,Medium
Pakistan,Central,2016,Well,2.16,6.06,1.56,7.35,11.28,8.23,130,Filtration,69.08,68,2,5,69.95,1602,50.07,41.25,69.15,581,25.48,232,75,Medium
Indonesia,Central,2003,Spring,2.16,7.09,0.46,8.41,17.03,3.94,65,Boiling,82.8,26,1,5,21.2,4696,64.89,57.8,81.1,2028,25.56,176,32,Low
Ethiopia,North,2022,Lake,1.62,7.08,1.93,7.61,14.49,6.34,121,Chlorination,51.82,141,1,8,68.14,1147,39.62,22.46,37.25,1077,17.2,101,150,High
Ethiopia,Central,2009,Pond,4.34,6.38,9.06,5.9,23.12,10.73,1731,None,62.08,307,10,35,66.29,1452,49.38,21.31,44.71,1334,22.62,122,352,High
USA,South,2010,River,1.82,7.63,4.26,7.62,9.42,5.43,264,Boiling,97.82,59,2,9,12.45,53469,87.67,80.71,83.38,803,15.72,37,70,Medium
India,Central,2005,Pond,3.52,6.92,7.16,6.77,22.59,10.77,1161,Boiling,72.79,246,6,16,44.36,2579,52.55,40.06,67.39,1038,28.43,645,268,High
Pakistan,Central,2005,Pond,2.82,6.52,5.27,5.84,13.95,8.24,755,Filtration,68.91,144,2,21,71.49,1846,58.55,43.04,59.44,456,22.77,283,167,High
Indonesia,North,2008,Pond,2.68,6.74,3.57,6.23,24.09,5.84,629,Chlorination,73.93,120,11,11,37.38,4225,59.64,56.83,71.41,2386,26.69,168,142,High
China,West,2014,River,2.61,7.03,5.76,7.34,18.37,3.28,629,None,90.71,134,3,9,14.33,12811,74.98,67.06,92.02,858,13.08,162,146,High
Indonesia,Central,2001,Well,1.94,6.98,2.29,7.34,22.83,6.66,310,Filtration,85.3,94,6,8,26.64,4516,53.12,57.78,73.66,1880,28.31,202,108,Medium
USA,Central,2003,River,2.06,7.2,2.11,7.75,14.1,1.92,156,Filtration,96.98,41,0,3,10.02,44991,84.29,79.12,87.33,840,9.52,49,44,Low
Ethiopia,West,2004,Tap,0.54,7.14,0.93,8.22,9.13,4.1,3,Filtration,50.04,31,0,5,58.42,1134,32.06,23.91,40.59,1185,16.08,119,36,Low
Brazil,North,2016,Spring,1.16,7.03,1.63,7.75,12.42,2.16,13,Chlorination,83.8,30,1,1,17.7,10642,76.91,91.9,83.74,1722,24.26,21,32,Low
China,West,2007,River,1.65,6.65,2.07,8.43,12.87,3.78,158,Chlorination,88.68,79,1,8,12.74,12214,73.63,67.67,83.24,1397,12.45,150,88,Medium
Bangladesh,North,2007,River,2.95,6.79,5.17,6.09,29.79,5.85,879,Boiling,76.5,160,3,7,39.41,2662,52.4,42.16,65.24,2339,23.03,1543,170,High
Mexico,South,2021,Well,0.95,6.65,0.15,8.61,9.28,2.27,20,Chlorination,89.78,23,0,1,23.94,10707,67.35,86.14,90.02,655,18.5,53,24,Low
Brazil,North,2011,Tap,1.07,7.53,0.97,8.47,12.71,3.49,8,Filtration,87.3,20,0,1,17.58,8753,71.71,84.94,78.92,1908,20.52,25,21,Low
Mexico,South,2020,River,2.34,6.75,1.78,8.2,13.64,6.39,270,Chlorination,95.19,53,2,8,18.51,10617,73.25,73.55,80.75,849,19.79,84,63,Medium
Pakistan,South,2007,Spring,2.3,6.78,4.19,7.4,16.5,7.42,335,None,70.51,113,2,13,75.28,1656,48.81,38.32,64.45,470,19.36,267,128,High
India,North,2018,Spring,0.71,7.06,2.87,7.28,14.93,0.05,66,Boiling,83.46,57,4,5,35.17,2628,67.99,31.68,74.98,1128,27.93,351,66,Medium
China,East,2002,River,2.36,7.46,4.24,7.67,17.08,4.38,384,Filtration,86.99,86,5,9,14.7,12118,72.57,72.8,81.07,998,12.05,154,100,Medium
Nigeria,North,2017,Pond,3.28,6.92,6.11,5.17,19.23,10.48,1516,Boiling,53.9,218,9,33,76.57,2390,51.44,52.89,47.54,965,27.24,187,260,High
China,Central,2020,Pond,1.39,7.59,1.57,8.61,12.09,3.06,145,Chlorination,90.8,69,0,1,13.72,11692,75.28,63.52,86.7,819,13.56,136,70,Medium
Indonesia,Central,2018,Tap,2.93,7.29,1.25,7.31,19.7,4.36,78,Boiling,78.77,43,3,5,26.72,5178,67.03,58.88,77.97,2335,23.02,200,51,Low
Ethiopia,East,2018,Spring,0.95,6.83,0.98,9.05,13.15,4.27,38,Boiling,47.63,42,3,1,58.18,1191,46.45,24.38,35.88,976,11.6,140,46,Low
Indonesia,South,2014,Pond,2.69,7.4,4.91,6.84,23.44,6.62,403,Chlorination,82.04,147,2,13,29.74,5058,68.47,69.87,77.17,2238,28.95,144,162,High
Indonesia,East,2005,Spring,1.24,7.38,0.22,7.29,23.0,3.66,137,Boiling,78.11,62,4,4,29.14,4245,57.97,52.21,78.3,2770,25.97,145,70,Medium
Pakistan,Central,2015,Tap,0.35,7.25,0.54,7.72,11.19,1.96,3,Chlorination,69.19,26,0,3,64.79,1782,45.38,46.78,60.15,435,18.52,258,29,Low
Brazil,East,2007,Tap,1.21,7.41,0.36,7.26,9.01,1.26,12,Filtration,90.47,15,0,1,18.1,9332,71.55,90.22,78.14,1816,25.61,21,16,Low
Nigeria,North,2015,Pond,3.29,6.46,6.34,5.51,27.55,8.42,1095,Boiling,63.37,207,22,37,73.42,2614,49.92,56.11,55.05,1612,25.48,248,266,High
Nigeria,East,2017,River,4.25,6.3,7.9,4.49,24.06,9.39,1440,None,60.11,274,16,55,78.17,2171,43.66,52.74,38.11,868,28.56,254,345,High
Indonesia,South,2019,Lake,2.81,6.42,3.97,6.15,21.52,5.58,365,None,75.89,140,7,13,25.89,4555,59.13,61.87,70.16,1982,25.82,203,160,High
Mexico,North,2015,Well,0.74,7.17,0.46,8.97,4.55,1.8,20,Filtration,97.15,16,0,0,11.2,12242,80.24,77.09,94.63,710,18.15,74,16,Low
Pakistan,West,2010,Lake,1.47,6.82,2.51,7.24,15.36,6.77,198,Chlorination,68.11,83,2,8,71.88,1807,55.49,41.28,65.5,460,23.63,421,93,Medium
Indonesia,Central,2006,Lake,2.61,7.02,2.87,7.84,23.83,5.57,277,Chlorination,79.27,90,1,11,26.47,4950,65.3,60.65,81.89,3113,26.15,128,102,Medium
India,Central,2016,Spring,1.38,7.26,1.65,7.26,12.88,5.02,69,Boiling,72.55,55,1,7,38.17,2455,61.32,45.13,73.56,1070,24.67,368,63,Medium
Ethiopia,East,2016,Tap,0.81,6.87,0.15,8.97,9.43,3.19,23,Boiling,47.63,59,1,5,57.8,1223,49.22,23.68,46.53,843,18.9,126,65,Medium
Brazil,North,2011,Spring,2.52,6.35,4.04,7.21,21.63,5.71,341,None,90.88,104,1,8,24.28,8419,67.26,86.9,80.58,1707,23.79,37,113,Medium
Bangladesh,West,2012,Pond,3.93,6.98,9.28,5.86,27.96,9.01,1972,None,75.86,259,6,32,34.34,3144,57.47,50.29,74.29,2400,24.1,1485,297,High
India,North,2009,Well,2.23,6.92,1.99,7.54,17.79,4.03,200,Chlorination,71.5,88,1,9,40.19,2284,44.38,34.48,68.16,920,25.28,442,98,Medium
Mexico,Central,2006,Pond,3.96,6.65,8.3,5.24,18.19,6.84,1061,None,83.34,166,10,16,26.93,9060,70.81,82.6,84.5,737,21.54,124,192,High
China,North,2013,River,1.42,7.33,1.32,7.91,16.57,5.41,145,Chlorination,90.69,44,2,1,16.78,12154,72.77,69.53,85.29,1311,13.12,123,47,Low
China,West,2022,Well,1.28,7.06,1.99,8.59,15.16,0.7,137,Filtration,89.96,63,0,1,16.74,11840,63.07,63.88,85.52,1285,15.86,199,64,Medium
India,East,2000,Spring,0.2,7.89,1.19,7.29,13.79,0.86,25,Filtration,76.68,37,2,4,38.57,2247,53.6,41.89,74.44,1158,30.33,442,43,Low
Indonesia,South,2016,Spring,2.41,6.88,3.13,5.77,20.32,7.78,242,None,77.86,111,4,9,31.27,4716,56.48,65.85,76.61,2853,27.39,126,124,Medium
Bangladesh,North,2003,Pond,4.6,6.85,7.17,6.21,34.0,8.05,871,Boiling,70.96,214,9,16,35.83,2708,56.84,41.26,68.66,2622,24.16,1015,239,High
USA,South,2020,Spring,2.39,7.51,1.9,8.43,16.22,5.45,168,None,98.12,60,3,5,11.03,54665,90.29,80.56,88.36,928,10.37,47,68,Medium
USA,Central,2004,Spring,0.64,7.82,1.57,8.9,8.04,2.51,63,None,92.75,30,0,1,12.31,48076,87.11,82.01,94.28,889,8.8,33,31,Low
Mexico,East,2019,Lake,1.83,7.11,4.66,7.71,18.21,5.46,419,None,84.75,97,3,8,21.64,9399,70.95,79.27,90.45,579,22.12,78,108,Medium
Indonesia,East,2023,River,3.14,7.24,2.72,5.8,25.83,8.25,482,Boiling,76.0,116,5,11,30.04,4831,63.34,58.99,83.03,2866,27.51,140,132,High
Nigeria,North,2022,Lake,2.76,6.51,4.8,5.7,21.95,6.9,683,None,66.69,189,5,28,79.05,2178,35.61,56.87,41.87,1050,26.18,242,222,High
Nigeria,East,2024,Spring,2.2,7.03,0.73,7.32,15.29,6.18,146,Boiling,51.54,73,2,1,78.42,2886,54.15,60.3,52.67,1152,25.96,305,76,Medium
Brazil,North,2006,Tap,1.67,7.19,1.97,7.68,14.67,1.77,199,None,90.61,61,0,2,17.14,9808,70.05,90.9,86.67,1577,21.95,25,63,Medium
Bangladesh,North,2009,Lake,3.31,6.89,6.34,5.67,27.5,6.7,474,Boiling,72.43,164,4,19,41.53,2639,57.91,42.02,61.95,2177,23.92,1700,187,High
Bangladesh,South,2016,Spring,2.06,7.29,1.81,7.47,22.91,3.19,195,Boiling,76.17,78,0,4,37.77,3036,65.99,40.0,65.49,2064,29.53,768,82,Medium
China,East,2006,Spring,0.8,7.67,0.98,8.25,9.04,0.05,28,Boiling,95.43,21,0,2,13.16,12002,76.87,69.57,89.37,945,13.47,122,23,Low
Pakistan,North,2000,River,2.79,7.12,4.64,5.32,15.54,7.91,318,Boiling,65.18,153,8,17,68.17,1499,49.77,41.58,65.87,500,25.14,302,178,High
Mexico,South,2006,Pond,1.98,7.11,3.05,7.78,14.36,5.36,214,Boiling,86.41,75,3,0,14.51,11072,64.98,75.57,91.7,709,23.5,100,78,Medium
USA,West,2023,Well,0.97,7.72,0.62,8.23,12.86,4.78,51,Filtration,95.06,39,0,5,13.28,51754,88.76,85.03,92.38,1281,13.72,45,44,Low
Mexico,South,2010,Lake,1.62,6.93,0.15,7.38,18.38,2.94,79,Chlorination,88.84,45,1,1,19.81,9937,71.28,77.61,79.45,778,23.63,64,47,Low
Nigeria,South,2008,Lake,2.28,6.86,1.92,7.24,16.85,3.64,385,Chlorination,69.67,116,3,8,78.58,2627,51.83,57.04,45.08,1365,23.79,196,127,High
Nigeria,North,2011,Lake,2.65,6.88,2.43,7.51,19.82,5.77,279,Boiling,54.01,115,8,10,72.39,2138,49.77,55.51,46.84,1224,27.88,220,133,High
India,Central,2002,Spring,0.9,7.66,0.15,9.05,10.77,2.88,5,Chlorination,71.68,30,0,1,33.15,2514,62.08,34.22,81.1,1029,19.25,418,31,Low
Brazil,Central,2003,River,2.43,7.05,1.54,7.37,16.74,4.76,266,Boiling,94.69,67,2,8,20.25,6987,73.96,83.32,69.5,1813,23.51,26,77,Medium
Bangladesh,Central,2003,Spring,2.87,6.9,4.05,6.19,29.31,7.98,411,None,73.48,162,8,8,37.0,2535,68.04,42.12,68.64,2615,27.9,946,178,High
Ethiopia,South,2024,Spring,1.85,6.48,1.45,7.7,17.25,4.31,128,Filtration,52.12,116,2,6,65.19,1133,45.06,22.32,40.61,759,21.66,178,124,Medium
Mexico,North,2012,Pond,3.44,6.82,8.67,5.52,18.91,6.9,1392,None,93.58,153,7,19,19.24,9878,69.47,87.55,84.83,803,16.98,61,179,High
Nigeria,East,2022,Tap,1.76,7.05,3.0,7.93,17.06,5.59,320,None,60.42,109,5,12,77.33,2303,49.98,54.47,40.99,778,26.52,348,126,High
Pakistan,South,2018,River,2.36,6.52,4.57,5.34,15.77,5.4,326,Boiling,65.35,171,5,17,68.59,1568,47.04,37.14,59.8,626,22.88,275,193,High
China,South,2009,Lake,3.09,7.05,5.01,7.12,22.83,5.41,750,None,93.1,122,6,8,10.87,10689,78.77,67.75,80.32,1484,17.3,154,136,High
USA,North,2004,Well,0.92,7.45,0.15,8.5,12.55,0.56,3,Filtration,95.0,23,0,0,5.0,49399,82.63,88.57,96.74,950,13.02,34,23,Low
Brazil,West,2006,Lake,2.8,6.71,4.05,6.21,23.55,7.11,1453,None,90.48,78,4,8,22.91,9988,70.07,94.25,88.73,1749,23.41,33,90,Medium
Pakistan,South,2023,Spring,1.27,7.52,0.28,8.09,13.45,5.54,89,Filtration,71.42,60,1,9,66.03,1866,47.89,40.94,68.26,466,25.1,210,70,Medium
Brazil,West,2015,River,1.47,7.32,1.06,7.83,14.58,1.3,94,Filtration,91.18,41,1,2,20.25,10533,80.33,92.04,82.81,1622,23.98,25,44,Low
India,West,2000,River,3.25,7.24,6.22,6.36,19.04,10.33,1085,Boiling,76.99,200,5,15,38.89,2547,49.35,41.01,71.15,959,28.55,480,220,High
Ethiopia,Central,2011,River,1.36,6.43,2.54,8.3,14.21,8.48,196,Filtration,49.72,98,3,13,64.05,1091,40.48,17.25,40.26,848,15.91,107,114,Medium
Nigeria,North,2001,Tap,1.96,6.83,2.78,6.53,19.93,7.2,204,None,68.04,87,9,15,74.28,2340,55.19,57.25,43.71,1010,27.22,216,111,Medium
China,West,2006,Lake,1.9,6.79,1.98,7.38,11.89,2.41,169,Boiling,92.73,57,1,7,7.31,13357,79.63,68.4,86.09,533,8.03,202,65,Medium
Pakistan,North,2010,Tap,1.33,7.43,1.13,8.64,14.61,1.58,8,Filtration,66.95,41,0,1,60.97,1775,57.85,42.87,70.13,322,23.66,254,42,Low
Brazil,Central,2012,Pond,2.46,6.87,4.01,6.94,19.97,7.86,333,Filtration,85.18,132,4,8,26.25,9457,70.66,84.16,72.95,1981,17.09,23,144,High
Bangladesh,North,2001,Well,2.12,7.43,1.09,6.75,20.76,3.5,113,Chlorination,74.4,64,7,7,37.24,2967,56.3,35.92,68.88,1718,24.68,949,78,Medium
India,South,2006,Pond,2.52,7.4,5.47,6.51,22.57,5.26,650,Boiling,83.49,114,9,12,34.96,2730,66.84,45.83,76.74,1223,24.07,556,135,High
Bangladesh,West,2014,Spring,2.39,7.14,1.33,6.95,28.3,3.68,162,Chlorination,82.83,89,3,7,31.08,3289,58.61,36.13,81.55,2368,24.38,1331,99,Medium
China,North,2024,Tap,0.73,7.03,0.15,9.93,13.94,2.5,3,Filtration,98.72,19,0,0,11.58,13346,78.93,68.65,96.56,818,12.83,272,19,Low
Pakistan,East,2010,Tap,0.54,6.9,0.15,9.15,10.41,0.05,3,Chlorination,67.54,13,0,1,62.41,1882,59.03,45.46,63.55,661,27.13,379,14,Low
India,North,2001,Pond,3.24,7.0,8.99,5.32,27.52,8.32,1585,None,74.46,283,11,37,45.44,2538,53.31,38.51,64.15,1267,24.55,590,331,High
Pakistan,West,2006,Spring,1.39,7.38,1.21,7.59,15.45,3.67,168,None,69.58,76,1,4,67.23,1317,34.07,37.04,58.81,506,20.85,401,81,Medium
Nigeria,Central,2003,River,3.23,7.33,5.49,6.63,14.9,7.85,564,Filtration,63.69,234,8,22,79.37,2259,46.88,55.49,57.59,1316,28.57,217,264,High
Indonesia,Central,2010,Spring,1.76,6.62,0.26,8.0,16.64,2.52,56,Chlorination,80.48,49,2,4,23.64,4895,61.07,54.75,82.11,2424,26.42,150,55,Low
India,West,2001,Lake,2.13,7.09,2.09,7.6,12.3,4.99,133,Chlorination,75.59,67,2,5,34.09,2370,54.44,38.48,72.55,1222,22.92,479,74,Medium
Bangladesh,South,2015,Pond,3.93,6.67,6.22,5.87,28.16,9.96,1163,Boiling,66.81,303,15,23,43.06,2924,55.83,48.69,76.09,2075,29.19,1212,341,High
China,South,2006,Spring,1.49,6.95,1.28,7.69,15.19,2.77,189,None,99.09,38,0,7,8.91,12925,86.52,61.5,86.36,1097,18.0,167,45,Low
Ethiopia,Central,2012,River,3.35,6.89,6.94,6.42,21.2,8.9,1765,None,62.33,303,13,40,61.4,1418,51.0,35.43,43.41,799,20.3,105,356,High
Nigeria,Central,2004,Spring,0.82,7.74,0.15,8.35,10.59,2.14,72,Boiling,66.49,32,1,3,74.82,1808,44.37,49.34,40.37,1044,27.87,238,36,Low
Indonesia,West,2016,Tap,1.78,6.65,3.72,7.75,29.59,4.19,331,None,75.06,147,5,8,34.27,4162,56.61,49.2,67.94,3158,25.12,179,160,High
Ethiopia,South,2020,Well,1.77,7.4,1.96,7.1,15.36,4.1,94,Chlorination,58.54,63,1,9,62.61,1107,37.81,21.39,43.22,907,22.81,142,73,Medium
USA,Central,2011,Tap,1.01,7.09,0.15,8.98,10.99,2.49,3,Chlorination,99.7,11,0,1,3.79,55995,96.01,75.36,97.76,1364,13.09,36,12,Low
Nigeria,South,2018,Well,3.33,7.11,7.4,4.86,23.2,8.77,780,None,65.66,210,12,15,77.88,2648,40.85,54.08,59.08,969,32.41,224,237,High
China,Central,2006,Spring,0.59,7.19,1.55,8.56,10.99,1.47,3,Boiling,87.48,18,0,1,12.45,12703,81.91,61.69,95.91,1204,8.22,143,19,Low
Brazil,North,2005,Lake,1.93,6.41,3.36,7.73,17.22,2.52,286,Filtration,86.25,75,1,5,24.17,10135,79.19,95.41,88.99,1932,26.33,24,81,Medium
India,East,2007,Spring,1.26,6.86,1.2,8.14,13.99,4.9,44,Filtration,72.31,46,1,3,39.61,2433,59.15,36.61,68.48,1278,24.38,494,50,Low
Pakistan,North,2012,River,1.98,7.43,2.86,7.2,15.62,6.08,281,Filtration,74.74,98,5,9,63.92,2028,57.69,43.24,70.18,432,24.09,222,112,Medium
China,Central,2004,Spring,1.08,7.44,0.15,9.45,11.07,0.05,3,Filtration,90.61,8,0,1,9.62,10933,75.95,60.66,86.51,830,11.86,137,9,Low
India,East,2001,Well,1.77,6.56,1.33,6.94,20.95,6.1,149,Chlorination,78.16,49,1,6,34.37,2580,53.43,28.93,72.86,1377,26.12,449,56,Low
Ethiopia,East,2008,Tap,1.25,7.11,0.7,8.31,14.03,3.29,6,Filtration,57.1,47,0,2,57.08,1474,46.84,21.74,55.38,981,21.63,179,49,Low
Pakistan,Central,2010,Lake,2.16,6.83,1.91,7.61,16.07,7.59,320,Chlorination,64.91,100,6,7,64.27,1532,42.33,38.85,65.72,622,21.34,322,113,Medium
Mexico,Central,2023,Spring,0.9,6.44,0.15,8.51,8.14,0.65,12,Chlorination,94.88,11,0,0,15.26,11229,80.78,85.64,86.31,582,20.69,70,11,Low
Bangladesh,South,2005,Spring,1.59,7.24,1.39,8.03,20.37,1.36,98,Filtration,75.74,79,1,3,41.92,2619,54.01,40.21,61.06,1884,29.36,1293,83,Medium
USA,Central,2006,Tap,0.41,6.76,0.23,10.0,5.97,2.93,4,Filtration,87.94,16,0,1,14.18,48253,88.66,79.18,92.92,971,13.79,42,17,Low
Nigeria,West,2024,Lake,2.8,6.69,4.09,6.5,18.48,8.76,406,Filtration,66.77,151,7,15,76.39,2357,48.02,57.63,53.41,1013,30.56,228,173,High
China,Central,2006,Pond,3.91,7.14,6.77,6.4,24.87,10.45,1834,None,88.88,177,8,26,17.67,11812,80.8,65.5,83.18,1197,17.95,100,211,High
USA,West,2018,Spring,1.66,7.33,2.55,8.25,14.32,3.64,225,None,96.57,48,2,6,10.41,49447,87.53,84.59,86.9,1002,11.43,40,56,Low
Brazil,Central,2005,Spring,0.88,7.37,1.05,8.54,13.81,4.8,42,Boiling,89.63,51,4,2,20.96,8176,77.89,90.86,84.74,1556,22.43,33,57,Low
India,South,2010,Pond,2.77,6.87,1.1,6.33,22.69,5.64,314,Chlorination,64.49,99,9,9,40.3,2351,54.22,39.67,74.25,1470,23.0,353,117,Medium
India,West,2010,Well,2.17,7.37,1.09,7.96,15.79,5.71,236,Filtration,76.84,62,2,5,32.37,2685,61.08,40.66,78.54,976,25.08,428,69,Medium
China,North,2006,Well,2.8,7.16,4.89,7.35,18.46,6.52,305,None,94.07,103,4,10,12.82,11937,79.79,65.77,84.7,1186,15.26,183,117,Medium
Indonesia,West,2001,River,2.28,7.62,4.29,6.9,19.42,4.57,289,Boiling,75.26,129,5,11,26.77,5183,68.32,58.1,75.85,1985,24.09,146,145,High
Indonesia,South,2018,Tap,1.03,7.66,0.66,8.27,11.09,3.0,8,Chlorination,77.07,26,0,0,29.3,4887,60.1,57.55,66.19,2054,24.53,137,26,Low
Mexico,West,2003,Lake,0.78,7.13,1.25,8.01,10.36,2.99,81,Chlorination,97.78,27,1,2,20.88,10447,69.35,73.33,86.43,641,21.06,60,30,Low
Bangladesh,Central,2005,Spring,1.48,7.83,2.1,7.65,19.9,3.94,135,Chlorination,79.29,52,3,1,33.21,2976,53.4,38.4,66.62,1875,24.3,1117,56,Low
Pakistan,Central,2016,Spring,2.7,7.01,3.32,6.56,15.09,8.95,756,None,75.49,161,1,7,68.6,1794,48.19,41.57,68.12,712,27.38,362,169,High
Brazil,South,2024,River,1.75,6.62,2.32,6.78,17.23,4.49,399,Filtration,89.92,66,2,6,15.72,9621,76.11,90.46,82.36,1630,26.14,15,74,Medium
USA,East,2004,Spring,0.55,7.0,0.15,9.44,9.39,2.22,3,Filtration,98.02,14,0,0,10.09,48786,81.04,80.64,89.28,886,12.33,50,14,Low
Indonesia,Central,2006,Tap,1.67,7.55,0.4,8.06,19.49,2.92,33,Chlorination,74.67,51,1,3,28.79,4319,61.95,50.27,78.8,2627,22.41,116,55,Low
Mexico,North,2008,River,1.67,7.4,1.26,7.22,11.17,5.07,350,Chlorination,85.61,71,1,4,16.43,9764,68.52,79.94,88.64,825,23.36,77,76,Medium
Mexico,South,2024,Tap,0.63,7.11,0.8,9.57,10.41,0.26,3,Boiling,94.88,15,0,0,15.4,12079,76.49,88.72,91.42,802,21.23,81,15,Low
China,West,2000,River,2.38,6.65,2.57,8.02,15.78,5.24,319,Boiling,89.52,102,1,2,6.62,12152,74.7,69.18,89.45,737,14.31,162,105,Medium
Brazil,West,2000,Spring,0.65,7.04,1.21,9.17,10.18,3.24,3,Chlorination,93.42,24,0,0,18.76,9329,70.21,96.0,81.62,1717,22.22,25,24,Low
Ethiopia,North,2018,River,2.32,6.81,2.57,8.61,18.4,5.53,327,Boiling,54.98,150,6,14,63.99,1162,47.32,18.75,37.4,937,15.31,107,170,High
Pakistan,Central,2005,Well,3.12,6.62,3.27,7.07,18.58,4.28,406,None,66.49,128,4,3,67.31,1491,46.68,34.04,63.15,647,24.34,382,135,High
Bangladesh,South,2017,Lake,2.75,6.92,3.25,6.98,32.95,5.02,387,Chlorination,70.82,168,10,22,45.89,2442,55.09,39.35,65.24,2877,26.66,1236,200,High
Nigeria,North,2009,Spring,1.1,7.34,0.97,7.23,13.7,1.77,71,Boiling,58.8,70,2,3,77.65,1862,42.27,62.3,45.09,1366,28.45,236,75,Medium
China,Central,2010,Pond,1.63,7.27,1.14,7.79,14.85,3.98,380,Chlorination,94.32,68,2,2,9.47,12579,70.94,63.39,83.09,808,13.95,159,72,Medium
Pakistan,South,2000,Lake,1.81,7.24,2.59,7.88,13.64,6.15,165,Filtration,71.52,88,2,8,69.93,1734,52.99,41.51,67.77,455,27.28,225,98,Medium
Nigeria,West,2000,Spring,2.7,6.88,5.09,6.72,20.16,6.99,469,None,56.76,181,12,16,78.08,1916,46.9,62.0,53.67,1286,27.48,279,209,High
Nigeria,South,2012,Lake,1.92,7.25,3.04,7.37,15.08,6.4,326,Chlorination,65.59,122,2,9,81.06,2379,43.21,55.49,46.46,1215,28.0,219,133,High
Brazil,East,2004,Well,2.57,7.17,3.68,6.73,17.61,9.21,159,Filtration,77.6,97,4,10,25.52,7602,62.25,83.95,70.08,1682,21.35,34,111,Medium
Brazil,South,2019,Lake,1.82,7.09,1.56,7.09,12.54,5.3,160,Chlorination,90.0,76,0,3,15.75,9197,65.45,82.06,88.39,1675,24.68,32,79,Medium
USA,East,2000,River,2.02,7.03,2.55,7.52,11.77,2.55,308,Filtration,91.83,62,3,2,14.85,43039,76.95,78.89,93.74,583,12.07,48,67,Medium
Mexico,South,2019,Lake,2.05,6.49,1.99,7.31,10.73,5.1,116,Boiling,90.28,62,0,4,17.02,10788,73.32,79.79,85.76,708,19.6,75,66,Medium
Pakistan,East,2002,Spring,0.73,6.64,1.42,8.56,10.52,1.24,23,Filtration,68.98,26,1,1,68.87,1410,57.12,34.78,65.85,342,23.77,292,28,Low
China,West,2017,Pond,2.84,6.54,5.52,6.36,25.92,6.09,464,None,98.5,150,7,9,9.1,14191,83.57,63.1,87.48,1196,13.76,160,166,High
India,Central,2008,Pond,4.38,6.73,9.93,4.75,27.98,7.71,1578,None,77.42,244,11,27,43.64,2434,61.02,37.16,78.92,905,27.07,558,282,High
China,East,2013,Tap,0.34,7.19,0.49,8.92,8.75,0.28,4,Boiling,87.97,16,0,2,13.07,13122,83.55,63.32,87.18,850,13.12,239,18,Low
USA,East,2016,Lake,1.09,7.34,2.49,7.74,11.53,1.75,62,Chlorination,99.7,23,0,2,11.54,53236,85.04,91.35,95.41,1125,12.17,41,25,Low
Bangladesh,West,2022,Pond,3.66,7.23,9.79,5.86,28.68,8.17,867,None,72.43,266,14,24,40.0,3104,56.9,42.12,75.22,2214,24.06,1370,304,High
Mexico,East,2013,Lake,1.2,7.19,1.61,8.27,14.93,3.71,111,Boiling,93.3,51,1,3,20.59,10890,73.28,85.14,88.93,767,21.68,119,55,Low
India,North,2003,Pond,3.6,7.09,7.66,7.18,23.98,10.4,1073,None,75.89,187,7,18,46.86,2427,58.33,33.55,79.22,1018,21.5,439,212,High
Indonesia,West,2004,Lake,3.59,6.97,5.14,6.81,28.78,5.28,1159,Boiling,78.11,176,7,18,35.2,3643,61.78,46.07,74.44,3501,29.22,126,201,High
Bangladesh,North,2020,Spring,3.0,7.19,4.7,6.82,29.08,6.81,505,None,70.72,155,9,24,42.89,2923,56.76,38.42,66.22,2820,26.46,1324,188,High
Brazil,West,2016,Lake,2.19,7.12,3.87,6.85,16.34,6.44,280,Boiling,83.35,83,1,8,20.77,8191,72.84,89.8,78.88,1862,23.08,20,92,Medium
Nigeria,East,2021,Spring,2.53,6.66,2.19,7.03,16.6,5.18,522,None,62.9,101,3,10,75.9,2329,47.53,52.48,42.32,1034,28.56,303,114,Medium
Indonesia,North,2024,Spring,1.41,7.28,0.89,6.89,19.22,5.26,37,Chlorination,80.98,32,0,3,20.06,5028,64.32,63.83,74.5,2359,29.05,121,35,Low
China,East,2001,Tap,0.33,6.98,0.15,8.39,10.98,1.37,3,Filtration,85.0,8,0,0,16.74,11465,77.58,65.25,78.68,1062,14.59,163,8,Low
China,West,2022,Pond,2.71,7.27,6.06,6.56,16.7,3.55,649,None,99.7,88,1,6,11.97,13170,70.72,64.28,88.29,951,13.81,140,95,Medium
Brazil,East,2021,River,2.17,6.84,3.33,6.77,19.2,3.74,784,Boiling,91.98,78,2,8,22.22,10181,76.49,95.19,86.04,1566,25.3,24,88,Medium
USA,North,2004,Spring,0.02,6.93,0.15,9.19,6.99,0.05,3,Chlorination,99.7,8,0,2,4.74,53032,90.3,88.45,90.98,1047,9.79,35,10,Low
Pakistan,North,2003,Pond,4.08,7.26,9.82,5.96,22.27,6.45,2359,None,68.97,352,29,44,66.67,1666,52.09,39.81,63.21,607,23.38,269,425,High
Indonesia,East,2003,Well,2.44,7.41,3.49,6.34,24.26,5.26,430,Boiling,72.25,83,2,11,30.96,4102,73.23,54.45,75.45,2686,27.02,237,96,Medium
Indonesia,South,2005,Lake,2.72,6.61,3.98,7.27,21.59,5.55,640,Filtration,77.21,201,8,14,32.51,4045,58.11,56.5,69.51,2546,23.94,137,223,High
Ethiopia,West,2019,Well,2.73,7.03,2.59,7.2,22.23,5.19,362,Boiling,61.11,163,3,16,62.69,1024,36.44,21.87,39.61,859,21.54,106,182,High
Bangladesh,West,2020,Lake,4.17,7.2,7.87,5.1,31.28,7.58,1547,None,73.64,182,9,30,38.06,2823,56.6,41.65,72.4,2291,22.91,1698,221,High
Mexico,East,2012,Tap,0.71,7.34,0.33,8.46,11.47,1.13,3,Boiling,90.11,18,0,0,19.48,10624,67.02,84.1,87.13,873,19.28,75,18,Low
Bangladesh,South,2021,Spring,2.31,7.12,1.67,5.82,18.7,3.84,163,Boiling,66.49,73,2,11,41.0,2659,55.96,40.8,60.46,2317,31.53,1417,86,Medium
Pakistan,North,2004,River,1.6,6.52,1.94,6.79,13.81,2.61,270,Filtration,64.91,70,3,11,64.92,1770,43.84,37.41,67.33,375,24.47,387,84,Medium
China,Central,2022,Spring,1.41,6.97,1.58,8.09,12.85,1.8,95,None,97.76,48,1,2,5.97,14662,75.47,69.5,89.1,931,13.67,148,51,Low
China,Central,2024,Lake,2.49,7.61,3.86,7.46,23.64,6.02,369,None,92.25,112,2,9,7.16,14977,88.04,72.9,93.88,917,15.04,216,123,Medium
China,East,2022,River,1.84,6.72,2.34,8.03,13.04,2.43,195,Filtration,96.14,41,0,4,10.19,13717,77.39,72.83,99.25,1115,14.3,140,45,Low
Ethiopia,South,2006,Spring,1.21,7.96,0.15,8.78,9.87,5.23,41,Chlorination,49.59,44,0,4,56.0,1222,46.09,23.97,43.21,698,18.51,87,48,Low
China,South,2019,River,2.02,7.25,2.03,7.54,16.89,5.36,266,Boiling,84.88,69,2,5,11.73,14151,76.99,62.47,91.14,695,12.18,159,76,Medium
Pakistan,West,2000,Lake,2.56,7.42,3.49,6.77,18.91,5.21,587,Boiling,68.5,117,7,17,70.17,1401,49.78,25.1,56.75,568,25.88,357,141,High
Brazil,North,2013,Tap,0.49,7.31,0.15,7.93,10.33,3.39,3,Boiling,77.91,15,0,2,26.71,8705,74.43,89.58,80.71,1782,27.16,20,17,Low
Mexico,South,2023,Tap,1.12,7.38,1.24,7.5,10.73,3.51,75,None,95.47,43,1,2,19.88,12877,77.27,88.34,91.64,789,22.62,53,46,Low
Pakistan,Central,2003,Spring,2.83,6.65,3.93,7.6,18.17,7.48,495,None,65.46,115,7,15,65.67,1732,54.4,44.25,62.03,372,23.01,236,137,High
Mexico,North,2016,Well,0.64,6.39,2.13,7.21,11.1,3.91,43,Boiling,90.12,38,1,4,15.13,9797,77.8,82.02,90.93,811,19.45,51,43,Low
Pakistan,North,2020,Lake,2.98,7.15,5.01,6.64,15.95,6.93,664,None,62.1,159,8,17,72.59,1882,52.4,38.6,70.43,452,22.81,283,184,High
China,East,2013,Spring,0.66,7.22,0.52,8.6,14.07,3.16,3,Filtration,92.98,18,0,1,14.15,11840,78.9,75.25,87.33,900,16.07,218,19,Low
Brazil,South,2015,Spring,1.31,7.44,3.21,7.36,13.15,3.28,72,Filtration,87.65,52,1,5,11.72,9139,74.7,87.9,88.23,1772,25.7,26,58,Low
Indonesia,East,2013,Tap,1.16,6.87,1.5,6.99,21.69,3.33,219,None,80.14,52,5,8,26.99,5059,60.03,58.24,80.15,2391,25.11,200,65,Medium
Bangladesh,South,2015,River,2.36,7.97,2.73,6.54,20.13,6.35,418,Boiling,66.97,99,4,24,33.17,2818,58.32,41.02,63.5,1859,24.57,1700,127,High
Nigeria,West,2023,Lake,1.59,7.16,3.16,7.36,12.73,7.58,221,Boiling,56.58,77,2,7,79.12,2227,41.22,61.08,52.55,1220,24.66,202,86,Medium
Brazil,East,2019,River,2.55,6.46,3.71,6.4,19.98,5.63,489,Boiling,80.94,100,2,7,29.31,8467,64.59,80.0,74.07,2155,19.7,27,109,Medium
Indonesia,East,2007,Pond,3.4,6.95,5.42,7.03,28.28,9.77,830,Boiling,72.52,150,6,19,34.83,4231,64.13,67.75,68.01,2498,27.54,250,175,High
USA,Central,2023,Pond,2.49,7.35,5.47,7.24,15.8,7.42,747,None,98.19,145,3,12,8.88,54721,82.62,82.6,96.46,682,10.39,44,160,High
Pakistan,East,2002,Lake,1.44,6.91,1.99,6.62,9.83,5.7,105,Chlorination,69.43,65,2,7,70.35,1426,57.82,41.35,61.08,357,25.55,233,74,Medium
USA,South,2024,Well,0.54,7.6,0.27,8.65,13.04,0.05,25,Chlorination,92.43,37,0,1,12.83,55263,86.39,81.76,92.79,1040,13.61,56,38,Low
Indonesia,Central,2018,Pond,3.89,6.91,6.66,6.61,27.15,8.36,1387,Boiling,80.91,178,11,21,31.07,4829,64.91,52.18,74.16,2626,25.88,125,210,High
Brazil,East,2000,Tap,0.9,6.77,0.15,8.66,11.19,0.92,3,Boiling,82.47,21,1,0,23.74,7528,67.74,87.57,88.17,1969,22.6,27,22,Low
Pakistan,East,2001,Well,1.4,7.19,1.79,6.78,12.63,2.98,152,Boiling,72.87,65,3,6,68.24,1549,52.34,37.01,56.71,670,24.98,408,74,Medium
Nigeria,West,2014,Spring,1.28,7.05,0.94,7.43,15.89,1.84,37,Chlorination,59.24,49,1,4,73.41,2413,52.85,52.36,41.26,1461,27.95,179,54,Low
China,East,2021,Pond,1.93,6.43,2.29,8.67,10.56,4.32,254,Filtration,90.18,45,1,2,12.5,13663,85.14,68.23,88.26,918,16.74,144,48,Low
Pakistan,North,2009,Tap,1.19,7.06,0.46,8.57,11.3,3.18,3,Chlorination,67.16,20,1,1,63.0,1817,64.84,33.46,67.56,419,24.04,359,22,Low
Pakistan,Central,2017,Spring,2.02,7.33,2.88,7.74,14.84,3.8,262,None,74.77,98,4,8,67.39,1914,50.25,37.11,74.32,495,19.87,321,110,Medium
Brazil,North,2021,Well,2.04,6.76,0.81,7.51,16.28,5.59,148,Chlorination,99.7,33,0,4,17.16,9448,73.45,81.55,83.24,2571,22.17,28,37,Low
Brazil,Central,2013,Lake,3.32,6.44,6.75,6.59,23.25,6.09,1113,None,95.5,148,7,13,19.86,8392,65.11,89.19,78.08,1944,24.92,24,168,High
Indonesia,West,2016,Spring,2.33,7.46,2.96,7.21,25.13,2.56,265,Boiling,72.97,97,1,9,38.51,4848,61.46,56.28,77.24,2516,25.05,149,107,Medium
India,East,2012,River,3.53,6.78,4.59,5.3,24.57,8.5,1161,None,76.72,149,7,21,39.39,2723,59.79,36.18,77.79,1372,24.64,434,177,High
Pakistan,East,2000,Lake,2.42,7.83,2.32,6.9,14.8,6.75,406,Boiling,71.95,131,6,12,62.36,1406,46.28,36.55,63.35,557,24.58,364,149,High
Bangladesh,East,2004,Lake,2.92,6.65,4.28,7.08,29.95,7.36,478,Filtration,66.5,178,8,16,42.15,2477,51.98,40.93,73.37,2155,24.29,1531,202,High
Pakistan,Central,2012,Well,1.87,6.91,2.84,7.65,14.35,4.21,154,Boiling,72.42,78,4,4,70.63,1725,45.06,34.92,67.24,470,22.46,364,86,Medium
Indonesia,East,2024,Well,1.91,7.26,2.68,6.51,25.44,2.97,306,Boiling,79.18,110,7,8,25.59,4827,65.42,55.07,76.5,2812,27.07,185,125,High
Mexico,North,2013,Tap,0.45,6.77,0.15,7.86,10.64,0.08,3,Filtration,84.82,10,1,0,14.69,10558,74.53,85.91,87.99,972,21.53,50,11,Low
USA,East,2023,Tap,0.76,7.36,0.71,9.22,8.09,1.04,3,Boiling,93.61,11,0,0,7.95,53909,87.53,73.14,99.5,1078,12.27,47,11,Low
China,West,2002,River,2.59,6.67,3.95,7.39,21.64,1.89,427,Boiling,87.42,66,6,17,18.72,11460,65.65,68.94,79.52,1507,12.9,218,89,Medium
India,North,2014,Lake,3.01,7.16,3.25,5.94,24.31,6.24,342,Boiling,74.67,110,3,10,37.03,2629,59.87,38.14,70.3,1163,25.23,489,123,Medium
Nigeria,East,2018,River,2.13,7.32,3.28,6.53,17.43,4.24,340,Chlorination,68.72,88,7,17,73.94,2628,60.1,54.59,49.48,1140,28.1,165,112,Medium
Nigeria,East,2016,River,3.71,7.14,7.76,5.69,26.8,6.81,1454,None,60.87,304,16,34,77.96,2083,43.02,63.86,49.79,1316,29.78,231,354,High
Nigeria,South,2002,Well,2.77,7.14,3.33,6.28,22.83,4.31,328,Boiling,66.22,148,4,11,72.62,1872,52.99,51.06,44.38,1230,28.69,261,163,High
Brazil,Central,2015,River,2.3,7.47,3.09,7.6,18.46,6.01,446,Chlorination,86.3,88,1,15,26.8,8407,58.46,80.84,78.64,1753,24.83,35,104,Medium
Nigeria,North,2013,River,2.39,7.12,5.57,6.53,18.88,8.16,1077,Boiling,56.09,218,15,11,74.65,2486,50.14,53.68,43.56,1180,26.49,170,244,High
China,South,2011,Spring,2.35,7.31,2.53,8.61,19.23,4.79,164,None,98.81,58,0,2,15.22,12198,75.34,64.33,86.52,865,15.57,211,60,Medium
USA,West,2011,Tap,0.98,8.06,0.15,8.43,10.62,2.18,3,Boiling,99.7,15,0,2,2.0,52895,81.97,85.52,99.5,725,12.35,43,17,Low
Nigeria,Central,2010,Tap,1.78,7.2,1.15,7.28,15.34,7.95,237,None,58.49,65,1,2,78.08,2017,49.07,55.24,47.14,1599,25.13,143,68,Medium
Pakistan,North,2016,Lake,2.33,6.4,3.52,6.38,14.24,8.55,542,Chlorination,64.77,118,12,15,70.63,1842,53.86,39.56,72.8,589,24.54,322,145,High
Pakistan,East,2007,Tap,0.59,6.7,0.15,8.54,7.76,0.05,3,Chlorination,71.52,19,0,2,69.6,1490,42.85,37.91,62.87,448,25.95,311,21,Low
Brazil,North,2016,Pond,2.56,7.6,3.85,6.54,21.32,4.06,526,Boiling,94.86,118,2,7,23.97,11516,82.6,93.3,88.95,1435,21.09,28,127,High
China,East,2020,Lake,1.76,7.58,1.78,7.71,13.54,4.7,145,Filtration,90.35,44,3,3,11.62,12622,76.17,69.0,81.71,1404,17.01,170,50,Low
USA,Central,2024,Spring,1.35,5.83,3.22,7.82,13.23,2.36,366,None,97.15,48,2,7,6.48,54125,95.58,81.02,84.97,617,13.45,49,57,Low
India,East,2022,Tap,1.0,7.4,1.15,8.78,14.61,2.49,3,Boiling,77.82,21,1,2,29.11,2897,51.91,38.69,72.64,1359,23.97,592,24,Low
Indonesia,West,2019,Spring,1.01,7.11,1.54,7.84,21.24,1.12,14,Chlorination,79.16,23,1,1,32.4,4588,61.33,58.78,76.47,2256,26.52,171,25,Low
USA,East,2010,Tap,0.38,7.13,0.97,8.55,4.01,1.65,3,Boiling,96.8,10,0,0,10.57,47719,85.06,79.18,98.81,779,14.61,46,10,Low
Indonesia,West,2024,Tap,2.83,6.63,4.03,6.79,25.43,4.79,384,None,77.89,93,6,8,29.73,5153,52.95,59.09,84.36,2934,24.2,125,107,Medium
Mexico,Central,2024,Spring,1.11,7.03,0.15,7.86,10.37,2.83,40,Boiling,97.14,31,0,0,15.37,12693,74.29,84.04,92.25,722,19.73,64,31,Low
Indonesia,Central,2001,River,3.6,7.26,6.73,7.74,22.48,7.57,738,None,72.37,198,11,21,33.48,4755,63.22,55.96,80.8,2348,20.47,155,230,High
Bangladesh,North,2009,River,2.62,7.4,3.93,7.42,22.3,4.79,444,Chlorination,66.48,104,4,25,39.79,2530,60.23,32.38,77.65,2047,24.24,1669,133,High
Pakistan,West,2009,River,2.3,7.16,1.24,7.22,15.57,7.7,247,Filtration,66.79,87,5,16,73.43,1593,51.29,37.5,73.62,478,22.06,284,108,Medium
China,West,2010,Pond,1.68,7.94,2.69,7.75,16.92,6.02,186,Filtration,94.2,98,2,4,14.63,11384,87.81,65.78,95.32,811,14.65,152,104,Medium
Ethiopia,South,2005,River,1.71,7.74,1.19,6.96,13.6,6.13,80,Chlorination,58.2,69,2,3,58.15,1180,49.83,28.75,38.68,857,17.92,118,74,Medium
Brazil,South,2003,Tap,0.02,7.8,0.48,7.77,8.93,0.05,3,Chlorination,83.15,10,0,1,21.92,7614,71.93,86.29,86.85,1770,23.85,31,11,Low
Bangladesh,South,2023,Well,2.44,7.5,1.72,7.47,23.1,0.68,115,Boiling,70.89,73,2,6,32.78,3166,62.54,43.58,71.09,2182,27.67,942,81,Medium
Indonesia,East,2011,Spring,0.68,7.02,0.9,8.39,18.78,2.79,19,Chlorination,78.74,39,1,1,32.01,4839,70.43,57.4,69.52,2233,26.56,177,41,Low
Nigeria,South,2010,Well,1.75,7.42,1.99,5.81,16.83,6.67,248,Chlorination,56.0,110,2,9,78.4,2077,49.06,55.8,53.49,1239,30.68,269,121,Medium
China,West,2022,Pond,2.99,6.87,5.5,7.05,18.08,6.62,708,None,85.43,135,5,8,20.57,11657,78.42,69.7,87.84,1007,9.56,115,148,High
Bangladesh,East,2022,Well,2.12,6.77,1.8,7.53,24.18,5.65,202,Boiling,71.57,101,1,2,38.26,2787,61.07,40.22,73.49,2704,27.42,882,104,Medium
Brazil,Central,2024,Lake,2.72,7.01,5.13,6.96,21.91,7.13,606,None,83.19,132,5,15,28.32,8590,72.07,86.86,83.74,2281,26.17,21,152,High
Pakistan,North,2012,River,2.34,6.61,5.42,7.26,17.06,8.23,806,Boiling,65.81,157,5,30,72.26,1857,54.24,42.62,64.53,301,24.7,280,192,High
China,South,2004,Pond,2.13,7.39,2.28,7.05,15.42,1.72,306,Boiling,93.94,77,3,5,13.3,12376,72.41,69.06,87.94,923,13.49,125,85,Medium
Brazil,Central,2005,Tap,0.41,7.4,0.17,8.22,5.76,1.92,3,Filtration,79.84,17,0,1,14.26,7821,61.32,93.34,74.92,1548,21.45,21,18,Low
Mexico,West,2000,River,2.0,7.45,1.77,8.11,10.15,4.89,236,Filtration,94.76,64,2,4,15.3,10344,81.37,84.89,81.68,595,21.4,53,70,Medium
Mexico,North,2005,River,2.2,7.45,2.53,7.01,12.48,5.34,257,Chlorination,91.65,71,11,2,18.52,11341,69.31,78.49,88.78,639,22.19,64,84,Medium
Brazil,Central,2017,Well,1.84,6.33,0.58,6.78,17.61,5.46,121,Boiling,91.68,59,1,3,14.13,9052,65.5,87.64,71.79,2136,22.41,26,63,Medium
Bangladesh,North,2021,Lake,2.74,6.54,3.14,6.03,29.58,6.17,440,Chlorination,78.96,97,3,20,32.47,3130,67.57,41.21,71.91,2926,26.59,1324,120,Medium
China,South,2008,River,3.54,6.94,7.23,6.42,23.42,4.42,1252,None,99.7,103,5,8,8.79,14491,80.11,70.05,97.44,983,19.25,130,116,Medium
Bangladesh,West,2023,Spring,2.74,6.75,3.16,6.0,23.11,6.89,167,Chlorination,79.87,106,6,7,36.2,3051,51.29,36.96,74.32,2203,24.8,1372,119,Medium
India,North,2024,Spring,3.16,8.02,2.49,5.89,20.67,4.54,433,None,81.18,143,4,8,37.57,3431,60.81,44.08,77.39,790,26.14,619,155,High
Indonesia,Central,2014,River,3.0,7.48,4.43,6.86,29.32,7.54,674,Filtration,82.36,152,8,15,33.4,4954,67.51,63.67,72.18,2734,24.57,193,175,High
India,South,2007,Well,1.57,7.68,1.99,7.62,11.86,6.2,137,Filtration,76.02,61,1,5,37.51,3040,56.62,40.88,76.38,1118,24.3,477,67,Medium
Mexico,South,2018,Well,2.15,7.03,2.24,6.64,13.46,5.91,262,None,97.24,68,1,4,14.41,12106,70.3,77.11,85.86,907,24.45,59,73,Medium
Pakistan,Central,2023,Tap,2.26,6.62,1.72,6.91,13.79,3.37,323,None,70.77,45,4,5,68.0,1686,51.56,39.53,74.34,448,22.58,319,54,Low
USA,Central,2015,Pond,2.58,7.18,5.6,7.27,19.8,6.76,1331,None,94.86,119,6,14,11.92,55682,94.42,80.43,95.71,923,14.87,35,139,High
Indonesia,North,2005,Pond,2.31,6.7,4.5,7.64,22.63,5.26,461,Chlorination,76.06,105,2,11,28.33,5020,66.1,55.43,73.19,2271,26.14,136,118,Medium
Mexico,East,2005,Pond,3.7,6.55,7.18,4.93,23.32,8.52,1656,None,96.7,173,4,15,26.52,9476,77.46,72.56,87.95,1012,23.95,40,192,High
Bangladesh,South,2021,Lake,3.55,6.81,5.61,6.55,34.53,7.76,561,Boiling,72.11,171,14,20,40.5,2812,62.08,37.26,62.98,2101,27.54,1214,205,High
Bangladesh,North,2002,Well,2.7,6.59,6.37,7.42,25.28,5.05,369,None,76.65,163,5,11,33.32,3263,56.02,47.18,68.69,2132,27.78,1379,179,High
Bangladesh,Central,2009,Tap,1.14,7.53,1.08,7.75,16.9,2.18,23,Filtration,71.79,31,1,5,35.84,2638,59.14,37.71,68.03,2073,24.26,1033,37,Low
Pakistan,North,2000,Spring,2.9,7.4,3.14,6.18,17.61,8.63,377,None,67.74,118,5,10,65.25,1792,56.17,44.62,66.27,445,24.09,328,133,High
India,Central,2013,Pond,3.13,6.46,5.98,6.56,23.07,7.22,501,Filtration,77.89,149,4,23,36.81,2380,52.64,32.1,74.88,1232,25.55,313,176,High
USA,West,2003,Spring,0.2,7.11,0.44,9.42,6.75,0.05,3,Filtration,91.87,10,0,0,5.08,54029,86.05,81.23,99.5,926,11.93,25,10,Low
Bangladesh,Central,2011,Spring,1.8,7.15,1.97,6.48,23.35,2.39,153,Chlorination,67.06,69,2,4,43.15,2368,54.22,29.67,73.53,2251,27.9,1076,75,Medium
Ethiopia,Central,2005,River,3.53,7.19,6.3,6.33,19.87,10.02,817,None,51.16,246,22,19,65.37,1034,44.22,27.08,43.37,694,21.34,98,287,High
Indonesia,Central,2010,Lake,2.61,6.71,3.47,6.86,24.9,6.19,454,Filtration,82.29,121,1,12,31.58,5154,52.81,54.33,77.41,2534,24.53,141,134,High
China,East,2011,Tap,0.38,6.19,0.15,9.63,11.51,0.05,3,Boiling,96.16,20,0,0,9.03,14251,80.53,68.06,94.06,917,12.87,221,20,Low
Ethiopia,Central,2009,Lake,2.95,6.56,5.69,7.04,18.07,10.1,1075,None,55.55,218,6,31,60.21,1233,37.03,23.03,47.24,910,22.71,103,255,High
USA,South,2017,River,3.3,6.94,4.93,7.0,16.77,5.99,1226,None,91.04,163,3,16,9.28,51945,94.25,83.47,98.48,1103,14.29,42,182,High
Pakistan,South,2006,Tap,0.53,6.71,1.02,6.62,6.56,2.25,38,Filtration,59.83,27,0,2,66.93,1572,51.76,38.4,61.57,539,29.57,249,29,Low
USA,North,2006,Tap,0.61,7.03,0.15,8.73,5.69,0.05,3,Chlorination,94.65,11,0,0,12.66,50056,85.37,76.13,98.53,869,13.47,43,11,Low
China,East,2010,Well,0.86,6.93,1.46,8.13,10.05,3.33,26,Chlorination,86.92,37,0,5,19.02,11942,74.64,64.27,95.6,989,18.23,166,42,Low
Indonesia,North,2003,Lake,2.08,6.52,5.88,5.92,19.06,3.68,1334,None,75.49,148,11,17,40.51,4324,60.77,53.13,72.84,1933,21.67,144,176,High
China,South,2019,Lake,2.11,7.19,2.54,7.36,16.07,3.69,462,None,99.7,71,1,6,10.81,15890,79.35,72.31,96.61,883,19.62,145,78,Medium
Brazil,South,2000,Well,1.37,7.17,1.57,7.21,12.64,3.95,121,Chlorination,78.58,40,1,5,18.7,7532,65.98,79.1,81.45,1212,22.95,33,46,Low
Indonesia,West,2012,Spring,1.52,7.62,2.13,7.87,19.32,2.69,93,Chlorination,72.62,56,5,3,25.69,4505,57.68,62.25,70.76,2418,26.27,112,64,Medium
USA,Central,2017,River,1.65,6.92,2.28,7.13,11.23,2.53,205,Boiling,89.72,51,0,3,13.68,52977,80.86,89.26,99.5,969,13.1,39,54,Low
Bangladesh,South,2008,Lake,3.68,6.85,8.99,4.98,26.84,8.33,715,None,67.81,288,11,25,39.9,2016,49.87,40.29,62.16,1719,24.23,1700,324,High
USA,North,2023,Well,1.99,7.38,2.43,7.71,18.78,3.15,356,None,99.7,62,3,10,4.25,58137,88.1,83.38,94.66,1078,12.69,36,75,Medium
USA,North,2023,Tap,1.19,6.65,0.85,8.5,10.19,2.62,70,None,97.64,23,0,6,9.44,48110,86.9,77.86,91.56,995,10.15,29,29,Low
Indonesia,Central,2008,Pond,2.68,7.04,3.38,7.03,23.99,6.67,427,Chlorination,80.34,125,3,7,27.93,4900,70.31,59.87,88.13,2572,24.62,174,135,High
Brazil,Central,2022,Well,0.89,7.37,1.2,7.15,13.04,4.2,83,Filtration,94.3,44,1,1,21.4,8663,61.29,90.79,90.33,1719,23.69,26,46,Low
USA,West,2008,Pond,1.83,6.89,1.93,7.92,14.17,4.92,204,Boiling,98.59,74,0,2,7.78,53875,95.54,87.38,99.5,832,11.44,45,76,Medium
Ethiopia,East,2009,Spring,0.49,7.6,1.74,8.66,9.77,2.02,42,Chlorination,59.83,35,0,2,63.29,1219,48.18,31.47,54.97,882,19.32,145,37,Low
Mexico,North,2001,River,1.82,6.57,1.93,7.47,17.84,4.67,248,Chlorination,93.28,63,1,4,12.99,11134,79.31,79.31,99.5,921,19.28,60,68,Medium
Nigeria,Central,2005,Pond,3.02,7.06,5.05,6.78,17.72,6.14,886,Boiling,58.82,152,9,11,76.7,1749,46.26,51.07,35.07,1036,27.48,156,172,High
Nigeria,North,2014,Spring,2.56,6.85,3.35,6.86,20.94,8.87,458,None,60.45,166,4,12,67.66,2452,48.09,53.26,49.94,1467,25.89,189,182,High
USA,Central,2002,Pond,2.12,5.7,2.64,7.94,11.87,4.85,397,Filtration,93.27,55,2,7,13.23,44493,87.26,77.7,92.75,745,11.43,34,64,Medium
Ethiopia,South,2010,Tap,0.15,7.08,0.15,9.83,6.86,2.01,3,Boiling,60.01,19,0,1,58.36,1367,49.61,33.16,37.35,943,17.88,134,20,Low
Bangladesh,North,2005,Tap,1.07,6.68,0.93,7.39,19.31,4.1,15,Filtration,72.77,35,2,5,37.93,2751,56.07,37.56,74.36,1828,28.61,1540,42,Low
Pakistan,South,2002,Tap,1.93,6.6,3.16,6.43,15.6,5.8,403,None,63.86,149,6,5,66.6,1696,65.05,39.43,71.55,651,22.2,384,160,High
Pakistan,North,2023,Tap,0.59,6.9,2.23,7.59,10.05,0.51,16,Filtration,71.74,45,1,4,65.32,1733,55.7,41.7,64.52,724,25.07,258,50,Low
Indonesia,East,2010,Well,3.42,6.4,2.81,5.23,27.61,8.63,515,None,76.25,159,4,15,28.71,4505,59.04,58.07,73.85,2429,26.98,182,178,High
Nigeria,West,2014,Tap,0.55,7.07,0.82,7.3,12.52,1.84,39,Chlorination,62.42,43,0,4,73.96,1856,42.53,57.3,44.13,1061,31.14,149,47,Low
USA,South,2012,Tap,1.73,6.86,1.17,9.28,11.39,2.15,84,None,85.8,27,0,4,11.3,51921,88.24,87.28,90.51,1326,12.52,29,31,Low
Pakistan,Central,2019,Well,1.8,6.86,2.27,7.97,18.83,6.18,150,Boiling,68.91,112,4,8,66.92,1865,52.12,38.8,70.29,433,25.42,369,124,Medium
USA,East,2009,Tap,0.08,6.99,0.16,9.42,7.25,0.72,3,Boiling,93.5,14,0,1,5.82,49268,89.21,82.44,92.21,752,10.72,49,15,Low
Indonesia,North,2005,Spring,2.15,7.34,3.5,5.92,21.79,3.89,292,None,76.83,120,2,15,28.29,5268,75.07,56.99,87.04,2484,29.92,160,137,High
Nigeria,South,2014,Spring,2.0,7.07,3.35,6.49,12.79,6.66,525,None,68.12,148,7,14,75.95,2229,41.44,56.61,48.03,891,28.21,162,169,High
China,North,2024,Lake,1.32,6.96,0.49,7.85,16.16,4.66,83,Chlorination,93.34,37,0,2,13.25,12750,71.24,62.49,95.02,863,14.63,196,39,Low
Mexico,North,2017,Spring,0.32,7.09,0.15,7.97,9.42,1.6,3,Chlorination,91.07,20,0,0,16.38,10913,72.71,83.27,86.57,754,21.24,78,20,Low
Mexico,North,2017,River,3.17,7.06,5.32,6.56,20.16,5.07,1051,None,85.32,138,4,17,22.88,10096,79.47,80.54,92.81,777,23.7,52,159,High
Pakistan,West,2006,River,2.33,7.36,3.4,6.72,16.17,3.95,219,Filtration,74.97,77,3,7,61.38,1828,56.85,48.32,70.93,531,24.38,270,87,Medium
Mexico,West,2014,River,1.58,6.79,3.49,7.71,12.73,4.08,225,Chlorination,93.79,78,0,5,15.9,10007,72.47,83.84,85.35,692,20.45,67,83,Medium
China,Central,2017,Well,1.47,7.81,1.07,8.87,12.0,2.71,34,Boiling,91.18,33,2,3,19.01,10782,66.54,58.49,89.68,842,14.83,189,38,Low
USA,South,2017,Spring,0.56,7.53,1.05,9.91,12.56,0.66,9,Chlorination,92.8,13,0,1,11.09,56346,87.12,78.42,98.6,814,12.4,35,14,Low
Indonesia,East,2019,River,2.47,6.03,4.39,6.79,25.86,4.68,490,Chlorination,75.22,104,4,10,38.64,4109,59.37,56.89,71.95,2613,25.24,176,118,Medium
China,East,2008,Lake,1.2,7.72,1.84,9.18,15.11,2.15,106,Chlorination,93.01,46,1,6,9.58,12091,67.82,61.64,92.97,940,13.43,129,53,Low
Indonesia,East,2023,Well,1.64,6.47,0.99,7.48,20.14,1.59,141,Chlorination,81.18,50,2,4,29.61,5105,72.2,58.15,87.97,1854,25.79,127,56,Low
Indonesia,North,2001,Lake,3.45,6.34,6.57,6.44,29.66,7.65,2256,None,67.5,209,9,24,33.5,3786,64.06,55.83,68.64,2272,23.71,200,242,High
Nigeria,West,2007,Spring,2.69,7.29,0.31,6.71,17.87,4.16,67,Chlorination,60.88,61,2,10,77.6,1871,32.82,57.4,45.11,1069,28.16,231,73,Medium
USA,South,2019,Tap,0.79,6.78,0.37,9.77,10.23,3.17,3,Filtration,99.7,15,0,1,12.48,58243,85.13,87.11,85.57,1007,15.19,47,16,Low
Ethiopia,North,2001,Lake,2.58,6.61,1.95,7.87,16.58,5.82,592,Chlorination,40.97,157,4,23,65.7,1060,35.64,23.99,37.52,940,15.05,114,184,High
Mexico,West,2010,Tap,0.66,7.54,0.15,9.32,8.08,0.05,3,Chlorination,99.7,16,0,1,11.4,11671,72.0,81.89,89.12,732,20.28,57,17,Low
Ethiopia,West,2006,Well,2.29,6.89,2.02,7.5,16.3,7.29,158,Boiling,43.48,127,5,10,61.6,1075,33.96,24.27,33.67,1025,17.81,118,142,High
Nigeria,South,2005,Lake,2.41,6.92,3.31,7.09,23.72,4.51,398,Chlorination,64.25,126,6,12,75.74,1960,47.51,64.09,36.12,908,30.22,261,144,High
Indonesia,South,2009,Lake,2.94,7.45,4.01,6.41,27.09,5.54,256,Boiling,81.28,107,6,13,34.68,4524,59.69,63.12,83.85,2331,26.39,133,126,High
Pakistan,South,2004,Pond,3.12,7.3,5.71,7.54,17.84,6.06,667,Boiling,67.48,152,5,23,65.32,1590,61.34,32.14,64.45,400,22.21,240,180,High
Mexico,North,2010,Well,1.9,6.88,2.64,6.96,11.65,1.86,351,None,93.56,67,3,3,17.95,10184,72.3,82.11,89.33,661,18.88,60,73,Medium
Mexico,Central,2000,Well,1.27,6.87,1.17,7.27,16.41,0.33,139,Boiling,89.48,37,0,3,17.17,10497,73.87,78.75,91.41,1050,22.19,86,40,Low
USA,South,2001,River,1.8,7.26,1.49,7.45,16.93,2.8,146,Boiling,95.41,31,1,4,9.74,54590,94.15,82.06,94.49,1160,17.36,27,36,Low
Brazil,Central,2023,Spring,1.47,7.2,1.89,7.65,16.72,2.29,81,Filtration,85.87,47,3,2,22.82,8918,68.82,90.85,66.09,1728,23.84,21,52,Low
India,North,2000,Lake,2.43,6.97,2.56,7.96,16.47,8.21,425,Filtration,69.52,122,5,7,46.05,2194,47.59,33.81,63.05,1276,21.66,600,134,High
India,Central,2018,Lake,1.72,6.38,2.01,8.02,19.39,2.59,167,Boiling,72.31,62,3,5,38.06,2685,48.04,35.37,75.48,1008,24.34,535,70,Medium
India,East,2001,Well,3.07,7.08,4.85,6.33,20.92,6.61,962,None,82.04,181,10,15,39.49,2338,53.31,33.49,77.48,1156,24.02,531,206,High
Brazil,Central,2020,Well,2.0,7.65,0.67,7.98,14.54,2.9,57,Filtration,94.11,54,1,5,23.63,8653,66.0,81.25,77.11,1674,23.3,22,60,Medium
USA,South,2019,Spring,1.05,6.97,0.15,7.99,9.6,2.67,4,Filtration,92.49,14,0,0,9.41,49107,84.82,83.3,99.5,892,11.45,42,14,Low
Brazil,North,2022,Well,3.59,6.83,4.5,6.55,20.64,7.32,564,None,84.98,102,7,15,18.5,9758,74.47,90.9,88.44,1700,29.23,30,124,Medium
India,South,2020,Tap,0.13,7.4,0.78,8.1,12.64,2.61,3,Chlorination,80.58,19,1,1,31.29,2697,63.63,41.71,70.73,1020,25.04,588,21,Low
Nigeria,East,2023,Tap,1.3,6.5,1.55,7.29,15.64,2.04,65,Filtration,65.39,75,2,4,76.99,2152,38.27,54.68,51.18,1189,26.99,227,81,Medium
China,South,2003,Pond,3.04,7.1,3.75,7.6,20.13,4.47,464,Boiling,93.71,104,2,10,12.8,12509,80.7,62.86,85.3,910,16.15,170,116,Medium
Indonesia,South,2011,Tap,1.01,6.57,1.57,7.47,19.09,3.21,89,Boiling,75.91,60,0,8,26.93,4183,64.23,54.01,77.02,2327,27.33,164,68,Medium
Brazil,South,2021,Tap,1.26,7.31,0.93,7.37,15.28,4.5,56,Boiling,88.21,69,0,1,21.66,8509,74.78,88.11,67.07,2406,22.86,21,70,Medium
USA,West,2019,Spring,1.36,6.93,0.15,8.77,10.35,1.37,77,None,89.98,30,0,1,6.22,46543,93.82,80.4,93.44,801,18.96,36,31,Low
USA,East,2017,Lake,1.46,6.47,1.1,8.29,11.53,2.61,171,Boiling,99.7,49,3,2,7.73,55450,84.76,87.39,91.17,727,9.79,42,54,Low
Ethiopia,South,2000,Tap,0.94,7.73,1.08,8.56,8.41,6.27,2,Chlorination,44.4,32,3,3,67.32,1052,37.47,23.37,37.26,785,20.02,168,38,Low
China,South,2000,Pond,4.02,7.6,6.33,6.0,24.13,8.59,991,None,95.1,132,3,12,16.28,11974,74.05,59.96,92.76,1346,9.95,84,147,High
Pakistan,South,2023,Well,1.68,7.84,0.15,8.04,14.4,5.1,64,Filtration,65.39,59,0,3,66.76,1907,55.24,46.14,69.5,537,22.5,322,62,Medium
Mexico,North,2013,Tap,0.96,7.21,0.57,8.13,12.69,2.43,127,None,96.77,27,0,3,13.51,12353,79.63,80.39,92.07,748,19.08,51,30,Low
India,West,2003,Pond,3.19,7.59,6.14,6.06,20.07,7.83,641,Boiling,68.46,153,7,17,43.22,2268,56.07,39.57,70.52,934,24.81,414,177,High
Pakistan,North,2004,Spring,2.33,6.74,2.11,7.04,15.86,5.69,281,None,66.72,105,5,8,70.81,1619,55.1,40.93,65.35,410,21.55,251,118,Medium
Ethiopia,West,2010,Well,3.12,7.22,4.65,7.86,18.36,12.25,550,None,48.38,176,9,21,70.97,1029,37.86,17.57,34.81,717,18.03,154,206,High
India,South,2023,Pond,3.59,6.75,7.62,5.83,24.55,7.98,2145,None,83.47,289,17,23,38.12,2744,62.85,37.87,71.87,1094,25.01,427,329,High
China,East,2022,Tap,0.85,7.11,0.15,8.24,14.84,1.82,11,None,96.76,21,1,1,13.44,12339,80.9,69.65,88.72,1164,11.79,166,23,Low
Ethiopia,Central,2012,Lake,1.3,7.33,1.47,7.53,16.21,3.9,59,Chlorination,54.46,72,1,3,63.06,1120,45.44,20.27,41.89,784,19.54,176,76,Medium
India,Central,2015,Well,2.58,6.84,2.74,5.79,23.31,6.19,409,None,83.75,127,5,16,32.8,3211,64.79,43.15,80.74,1023,28.19,345,148,High
China,South,2023,Well,1.42,7.55,1.7,8.43,13.12,3.05,100,Boiling,92.33,38,1,8,12.32,12318,83.81,59.2,87.96,970,19.89,131,47,Low
Bangladesh,North,2012,Lake,2.89,7.29,2.09,7.03,23.62,4.51,274,Filtration,80.22,90,5,11,37.15,2953,63.42,41.91,70.9,1548,29.16,1001,106,Medium
Pakistan,East,2023,Well,1.66,7.3,1.97,6.63,13.96,4.6,88,Chlorination,73.31,54,1,4,70.89,1830,40.94,42.53,75.13,418,25.46,274,59,Low
Pakistan,West,2021,Tap,0.72,7.19,1.27,7.63,11.5,3.92,102,None,70.38,54,2,0,68.14,1795,50.08,41.12,67.34,376,22.26,272,56,Low
Mexico,South,2001,Well,0.75,7.14,1.2,8.56,8.16,2.07,24,Filtration,87.26,11,0,1,15.25,9962,69.36,76.66,88.5,721,22.7,72,12,Low
China,East,2015,Tap,0.22,7.23,0.15,8.77,8.84,0.05,3,Chlorination,97.63,11,0,1,10.64,12174,65.96,59.88,89.95,863,14.94,184,12,Low
Brazil,East,2005,Lake,2.28,6.14,3.03,5.97,17.89,5.66,260,Boiling,90.77,81,5,11,24.87,9940,68.07,90.19,79.68,1512,27.42,27,97,Medium
Bangladesh,West,2013,River,3.76,7.16,5.26,6.75,29.76,8.52,733,Boiling,77.96,211,10,22,40.87,2967,58.96,46.04,68.16,2153,24.54,1169,243,High
Nigeria,East,2000,Lake,2.57,6.81,2.23,6.68,20.68,5.28,546,Filtration,56.09,116,6,19,78.65,1805,44.1,51.17,51.15,1067,29.04,270,141,High
India,North,2016,Tap,1.78,7.47,2.35,6.72,14.64,5.81,214,None,71.43,89,1,8,38.88,2803,59.84,34.12,77.95,1266,29.85,469,98,Medium
Bangladesh,North,2010,Spring,1.72,6.97,1.93,7.43,22.43,4.65,103,Filtration,69.01,68,3,8,31.05,3030,56.31,36.79,74.18,2222,23.92,978,79,Medium
China,North,2018,Lake,2.27,7.3,2.17,6.92,15.05,2.09,222,Chlorination,87.24,57,1,4,13.91,11516,80.1,57.67,84.66,725,16.5,123,62,Medium
Indonesia,East,2002,Spring,1.47,6.46,0.47,8.61,17.29,4.05,57,Filtration,79.09,51,3,4,31.73,4622,64.23,66.21,72.83,2036,26.1,123,58,Low
India,North,2010,Spring,1.24,7.22,0.32,6.55,14.43,2.67,44,Filtration,77.28,42,2,5,33.6,2685,48.7,36.75,71.32,1045,26.83,356,49,Low
USA,West,2004,Tap,0.4,6.92,0.55,9.49,6.88,1.82,4,None,96.67,11,0,1,9.27,55475,84.04,77.07,97.63,844,11.53,40,12,Low
Pakistan,East,2016,Tap,0.93,7.4,0.68,8.79,10.95,2.8,3,Boiling,66.39,27,1,2,61.55,1545,59.6,36.76,58.35,532,22.52,293,30,Low
China,Central,2021,River,3.44,6.75,6.14,7.74,19.5,10.4,563,None,89.84,104,8,21,17.74,13675,85.19,71.08,92.32,1174,11.36,188,133,High
USA,East,2006,Pond,1.6,7.26,2.47,8.2,10.96,3.26,296,Boiling,92.18,59,1,2,11.35,47705,79.51,85.97,97.35,977,12.79,40,62,Medium
Mexico,West,2009,Well,2.95,7.16,4.62,7.04,18.7,4.58,801,None,94.57,118,4,17,19.88,10460,69.81,83.02,95.59,1052,19.7,53,139,High
Ethiopia,Central,2010,Lake,2.34,6.42,2.98,6.65,18.28,8.16,333,Boiling,46.62,129,2,16,68.03,1136,31.38,22.64,44.1,1100,17.93,167,147,High
Nigeria,East,2002,Tap,2.26,6.45,4.59,6.06,23.37,3.86,603,None,64.2,145,5,19,77.16,2304,47.57,54.41,47.55,1433,27.27,248,169,High
Nigeria,North,2019,Lake,2.07,6.75,4.62,5.9,20.2,9.57,237,Boiling,60.88,110,8,26,77.52,2103,43.46,56.1,49.07,1229,30.33,257,144,High
USA,South,2009,Pond,2.44,7.4,2.1,7.98,12.07,6.18,439,Boiling,91.0,62,2,5,8.41,44343,90.6,77.18,94.27,893,13.14,37,69,Medium
Pakistan,South,2009,Pond,3.24,6.67,5.64,5.62,20.82,9.66,1001,Boiling,66.37,182,3,27,79.35,1585,50.59,40.69,60.01,513,28.89,363,212,High
Mexico,North,2013,Spring,0.03,7.15,0.37,9.17,8.4,2.89,10,Boiling,94.74,16,0,0,16.89,9030,75.46,79.39,86.06,704,20.19,119,16,Low
