year,contaminant_level,ph,turbidity,dissolved_oxygen,nitrate,lead,bacteria_count,clean_water_access,infant_mortality_rate,gdp_per_capita,healthcare_access,urbanization,sanitation_coverage,rainfall,temperature,population_density,country_Brazil,country_China,country_Ethiopia,country_India,country_Indonesia,country_Mexico,country_Nigeria,country_Pakistan,country_USA,region_East,region_North,region_South,region_West,water_source_type_Pond,water_source_type_River,water_source_type_Spring,water_source_type_Tap,water_source_type_Well,water_treatment_method_Chlorination,water_treatment_method_Filtration,water_treatment_method_None
2015,1.32,7.01,0.69,7.62,9.68,5.66,116,87.58,13.56,9146,71.29,77.94,83.76,687,22.63,85,False,False,False,False,False,True,False,False,False,False,False,False,True,False,False,True,False,False,False,False,False
2013,3.32,6.44,6.75,6.59,23.25,6.09,1113,95.5,19.86,8392,65.11,89.19,78.08,1944,24.92,24,True,False,False,False,False,False,False,False,False,False,False,False,False,False,False,False,False,False,False,False,True
2006,2.11,6.6,4.59,6.95,16.52,6.82,464,66.87,73.55,1589,44.52,42.1,67.96,618,19.13,474,False,False,False,False,False,False,False,True,False,False,True,False,False,True,False,False,False,False,False,False,False
2001,2.04,6.71,1.79,7.55,18.21,6.96,238,94.34,16.46,9435,68.91,89.88,85.1,1570,27.31,24,True,False,False,False,False,False,False,False,False,True,False,False,False,False,True,False,False,False,False,True,False
2006,2.06,7.43,2.44,7.67,15.74,3.13,251,90.38,14.57,43534,74.84,81.35,83.43,761,10.94,42,False,False,False,False,False,False,False,False,True,True,False,False,False,False,False,True,False,False,False,False,True
2009,2.6,6.39,2.91,6.6,22.59,4.32,294,72.79,36.06,2465,49.93,40.88,74.88,1879,27.8,1700,False,False,False,False,False,False,False,False,False,False,False,True,False,False,True,False,False,False,False,True,False
2007,1.1,7.75,1.56,8.76,13.64,0.62,42,92.21,8.68,55412,91.73,81.4,99.5,1059,12.41,41,False,False,False,False,False,False,False,False,True,False,True,False,False,False,False,False,True,False,False,False,True
2003,3.22,7.21,6.53,6.73,20.12,8.61,914,67.58,69.68,1554,56.52,45.15,66.18,609,24.1,341,False,False,False,False,False,False,False,True,False,False,False,True,False,True,False,False,False,False,False,True,False
2021,1.09,6.88,1.62,8.72,9.78,0.92,50,95.54,15.0,12044,76.95,80.14,88.43,590,21.02,51,False,False,False,False,False,True,False,False,False,False,False,False,False,False,False,False,True,False,False,False,True
2001,2.53,7.03,4.69,5.74,16.98,5.77,448,58.83,62.11,1202,34.94,24.23,39.75,689,24.09,148,False,False,True,False,False,False,False,False,False,False,False,False,False,True,False,False,False,False,False,True,False
2001,2.31,7.4,2.87,7.82,12.61,1.87,282,97.26,16.25,10437,70.05,83.12,99.5,889,19.68,50,False,False,False,False,False,True,False,False,False,False,False,False,True,True,False,False,False,False,False,True,False
2010,0.38,7.13,0.97,8.55,4.01,1.65,3,96.8,10.57,47719,85.06,79.18,98.81,779,14.61,46,False,False,False,False,False,False,False,False,True,True,False,False,False,False,False,False,True,False,False,False,False
2010,0.86,6.93,1.46,8.13,10.05,3.33,26,86.92,19.02,11942,74.64,64.27,95.6,989,18.23,166,False,True,False,False,False,False,False,False,False,True,False,False,False,False,False,False,False,True,True,False,False
2010,1.0,6.79,1.52,8.09,11.86,2.73,66,98.53,12.1,51464,81.08,80.09,88.03,860,15.03,34,False,False,False,False,False,False,False,False,True,False,True,False,False,False,False,False,False,True,False,True,False
2018,2.32,6.81,2.57,8.61,18.4,5.53,327,54.98,63.99,1162,47.32,18.75,37.4,937,15.31,107,False,False,True,False,False,False,False,False,False,False,True,False,False,False,True,False,False,False,False,False,False
2019,1.36,6.93,0.15,8.77,10.35,1.37,77,89.98,6.22,46543,93.82,80.4,93.44,801,18.96,36,False,False,False,False,False,False,False,False,True,False,False,False,True,False,False,True,False,False,False,False,True
2017,3.28,6.92,6.11,5.17,19.23,10.48,1516,53.9,76.57,2390,51.44,52.89,47.54,965,27.24,187,False,False,False,False,False,False,True,False,False,False,True,False,False,True,False,False,False,False,False,False,False
2024,0.02,7.43,0.6,9.59,10.02,3.48,4,47.18,57.29,1291,47.89,26.91,33.61,980,18.25,92,False,False,True,False,False,False,False,False,False,True,False,False,False,False,False,True,False,False,True,False,False
2004,3.43,7.68,3.98,6.67,22.89,4.78,819,73.12,40.17,3163,59.44,47.96,67.57,1768,25.2,1135,False,False,False,False,False,False,False,False,False,False,False,True,False,True,False,False,False,False,False,False,False
2005,0.94,7.18,0.48,8.95,12.27,2.51,110,91.91,14.95,10995,75.73,79.73,99.5,745,21.1,84,False,False,False,False,False,True,False,False,False,False,False,False,False,False,False,True,False,False,False,True,False
2015,2.37,7.61,2.14,6.23,18.76,3.87,131,74.1,25.7,4530,68.54,55.55,87.51,2610,24.08,147,False,False,False,False,True,False,False,False,False,False,False,False,True,False,False,True,False,False,False,False,False
2024,0.18,7.23,0.76,8.43,7.22,0.05,3,99.7,3.38,61335,89.48,86.07,99.5,590,16.62,38,False,False,False,False,False,False,False,False,True,True,False,False,False,False,False,True,False,False,True,False,False
2019,2.63,7.17,4.67,7.8,14.97,8.5,406,46.79,65.66,994,38.2,25.78,43.56,829,17.48,113,False,False,True,False,False,False,False,False,False,False,False,False,False,True,False,False,False,False,True,False,False
2001,0.75,6.95,2.09,7.0,13.94,2.62,22,94.57,18.75,8714,75.14,85.06,69.37,1765,25.88,27,True,False,False,False,False,False,False,False,False,False,False,True,False,False,False,False,True,False,False,False,False
2013,3.36,7.43,3.6,6.57,23.91,7.1,436,80.73,25.9,5267,68.33,57.9,78.91,2480,27.94,111,False,False,False,False,True,False,False,False,False,True,False,False,False,False,False,True,False,False,False,False,True
2014,3.53,6.63,5.23,5.85,21.07,7.83,770,55.23,80.24,1985,52.21,52.42,49.7,1163,28.07,245,False,False,False,False,False,False,True,False,False,True,False,False,False,False,False,False,False,True,False,False,True
2022,1.0,7.4,1.15,8.78,14.61,2.49,3,77.82,29.11,2897,51.91,38.69,72.64,1359,23.97,592,False,False,False,True,False,False,False,False,False,True,False,False,False,False,False,False,True,False,False,False,False
2018,1.03,7.66,0.66,8.27,11.09,3.0,8,77.07,29.3,4887,60.1,57.55,66.19,2054,24.53,137,False,False,False,False,True,False,False,False,False,False,False,True,False,False,False,False,True,False,True,False,False
2000,2.57,6.81,2.23,6.68,20.68,5.28,546,56.09,78.65,1805,44.1,51.17,51.15,1067,29.04,270,False,False,False,False,False,False,True,False,False,True,False,False,False,False,False,False,False,False,False,True,False
2007,3.05,7.41,6.05,6.72,20.04,8.63,1056,63.7,73.06,1647,43.09,28.29,64.29,362,24.85,413,False,False,False,False,False,False,False,True,False,False,True,False,False,True,False,False,False,False,False,False,False
2019,1.18,7.18,0.93,8.09,11.53,3.79,13,57.06,63.68,1226,48.09,20.04,45.01,889,20.98,74,False,False,True,False,False,False,False,False,False,False,True,False,False,False,False,False,True,False,False,True,False
2009,2.18,6.81,1.39,6.57,23.6,4.65,153,69.87,38.6,2519,54.44,40.43,66.26,2272,27.55,1144,False,False,False,False,False,False,False,False,False,False,False,True,False,False,False,True,False,False,True,False,False
2015,3.27,6.48,4.83,5.72,25.81,10.16,945,71.59,34.48,4774,67.88,63.62,74.48,2426,27.66,180,False,False,False,False,True,False,False,False,False,False,False,False,True,False,True,False,False,False,False,False,False
2021,1.36,7.18,3.42,6.63,20.95,3.85,519,69.31,38.57,2523,59.21,33.49,73.53,1068,25.78,515,False,False,False,True,False,False,False,False,False,True,False,False,False,True,False,False,False,False,False,False,False
2013,1.15,7.06,0.15,7.36,16.65,4.57,26,73.01,41.5,2409,62.87,44.18,68.92,2124,29.94,1569,False,False,False,False,False,False,False,False,False,False,False,False,False,False,False,False,True,False,False,True,False
2016,1.4,7.13,1.8,7.03,17.24,1.08,78,68.74,68.53,1823,53.68,42.97,71.62,755,22.82,232,False,False,False,False,False,False,False,True,False,False,True,False,False,False,False,False,False,False,False,False,False
2009,0.56,7.57,1.33,7.48,16.08,1.16,92,68.75,45.03,2514,50.93,39.73,61.74,1185,26.3,510,False,False,False,True,False,False,False,False,False,False,False,False,True,False,False,True,False,False,False,False,False
2024,2.28,6.77,4.59,6.47,23.2,3.86,468,81.41,25.62,4899,62.75,62.29,83.18,2094,29.8,202,False,False,False,False,True,False,False,False,False,True,False,False,False,False,False,False,False,False,False,True,False
2024,2.19,6.81,2.3,8.53,15.93,3.16,295,93.7,12.29,12400,65.14,58.67,88.21,925,13.27,133,False,True,False,False,False,False,False,False,False,False,True,False,False,False,True,False,False,False,False,True,False
2017,2.04,6.75,3.02,8.06,12.68,6.9,623,99.7,20.03,10418,69.54,86.17,88.08,597,19.24,49,False,False,False,False,False,True,False,False,False,False,False,True,False,False,True,False,False,False,False,False,True
2004,2.07,6.62,1.43,6.21,16.05,3.33,208,66.13,78.29,2678,43.09,52.99,51.82,1193,30.03,328,False,False,False,False,False,False,True,False,False,False,False,True,False,False,False,False,False,True,True,False,False
2022,1.76,7.14,1.73,8.42,9.37,3.11,252,90.79,22.16,10351,74.44,78.71,91.78,608,20.11,57,False,False,False,False,False,True,False,False,False,False,True,False,False,False,False,False,False,False,False,True,False
2019,2.84,6.65,4.91,7.16,21.42,6.59,724,74.45,37.04,2795,52.08,23.23,77.55,1308,24.71,433,False,False,False,True,False,False,False,False,False,False,False,False,False,True,False,False,False,False,False,False,False
2018,2.65,7.21,4.62,6.84,16.99,8.08,658,60.21,80.74,2024,50.1,52.2,40.61,1117,26.47,247,False,False,False,False,False,False,True,False,False,False,False,True,False,False,False,True,False,False,False,False,True
2003,2.65,7.26,3.81,7.7,20.41,6.64,595,84.69,27.09,5494,76.71,64.31,77.7,1709,27.64,175,False,False,False,False,True,False,False,False,False,False,False,False,True,True,False,False,False,False,False,True,False
2000,0.53,7.25,1.3,8.69,8.23,0.27,20,96.86,14.54,10485,76.52,88.12,84.1,865,17.62,57,False,False,False,False,False,True,False,False,False,False,True,False,False,False,False,True,False,False,True,False,False
2008,2.32,7.18,2.56,6.38,18.63,3.67,314,92.19,11.15,12640,74.24,62.24,89.02,836,18.7,148,False,True,False,False,False,False,False,False,False,True,False,False,False,False,True,False,False,False,False,True,False
2001,3.45,6.34,6.57,6.44,29.66,7.65,2256,67.5,33.5,3786,64.06,55.83,68.64,2272,23.71,200,False,False,False,False,True,False,False,False,False,False,True,False,False,False,False,False,False,False,False,False,True
2022,2.87,7.18,3.08,6.85,20.12,6.71,630,63.59,70.06,2463,49.27,60.79,50.31,1325,24.07,176,False,False,False,False,False,False,True,False,False,False,False,False,False,True,False,False,False,False,False,True,False
2003,3.09,7.55,6.4,5.32,20.29,10.92,1495,63.32,74.35,2553,46.82,58.05,50.44,1065,24.96,267,False,False,False,False,False,False,True,False,False,False,False,False,False,False,True,False,False,False,False,False,True
2021,3.44,6.75,6.14,7.74,19.5,10.4,563,89.84,17.74,13675,85.19,71.08,92.32,1174,11.36,188,False,True,False,False,False,False,False,False,False,False,False,False,False,False,True,False,False,False,False,False,True
2009,1.98,7.36,3.3,6.54,13.64,7.97,418,66.74,60.75,1703,46.43,29.28,55.47,430,22.66,194,False,False,False,False,False,False,False,True,False,False,False,True,False,False,True,False,False,False,False,True,False
2010,3.42,6.4,2.81,5.23,27.61,8.63,515,76.25,28.71,4505,59.04,58.07,73.85,2429,26.98,182,False,False,False,False,True,False,False,False,False,True,False,False,False,False,False,False,False,True,False,False,True
2012,1.4,6.78,0.89,7.63,9.23,2.46,95,95.75,23.11,8055,77.74,89.4,74.5,1904,20.05,16,True,False,False,False,False,False,False,False,False,False,True,False,False,False,False,False,False,True,False,False,False
2007,3.18,7.29,1.25,7.72,19.68,5.09,305,98.76,18.58,10041,74.18,91.44,77.1,2014,24.3,26,True,False,False,False,False,False,False,False,False,False,False,False,True,False,False,False,True,False,False,False,True
2010,2.21,7.68,3.31,7.87,15.62,6.03,341,43.63,60.62,1290,51.7,24.62,46.34,649,17.93,110,False,False,True,False,False,False,False,False,False,False,False,False,True,False,False,True,False,False,False,False,True
2006,0.95,6.68,2.08,7.09,12.99,2.08,70,74.42,38.83,2281,55.37,33.46,70.42,966,22.12,502,False,False,False,True,False,False,False,False,False,True,False,False,False,False,False,False,False,True,True,False,False
2009,0.79,8.02,0.51,7.85,15.16,0.3,16,69.61,68.12,1770,51.09,43.45,68.66,459,24.3,305,False,False,False,False,False,False,False,True,False,False,True,False,False,False,False,True,False,False,False,False,False
2006,3.0,6.06,4.67,7.42,24.2,6.47,1083,99.7,16.87,12203,78.08,72.29,87.75,1156,13.34,145,False,True,False,False,False,False,False,False,False,False,True,False,False,False,True,False,False,False,False,False,True
2010,2.5,6.64,5.15,5.55,20.09,7.58,525,84.1,39.4,4460,52.63,48.95,73.37,1569,26.46,225,False,False,False,False,True,False,False,False,False,False,False,True,False,True,False,False,False,False,False,False,False
2018,2.13,6.67,2.37,6.8,20.83,7.59,193,70.19,41.23,2512,59.67,43.74,75.5,1453,24.74,590,False,False,False,True,False,False,False,False,False,False,False,True,False,False,False,False,True,False,False,False,True
2022,1.7,6.97,3.24,7.73,16.85,4.09,330,84.01,13.83,13241,85.71,62.27,87.15,1179,12.31,155,False,True,False,False,False,False,False,False,False,False,True,False,False,False,True,False,False,False,False,False,False
2011,0.77,6.85,0.3,7.93,8.48,0.24,11,99.7,15.13,13411,82.36,62.1,95.46,902,16.14,161,False,True,False,False,False,False,False,False,False,False,False,False,False,False,False,True,False,False,False,False,False
2002,1.9,7.59,1.37,8.78,16.91,2.83,65,75.74,28.96,4349,54.44,58.59,66.5,2198,24.82,155,False,False,False,False,True,False,False,False,False,False,False,True,False,False,False,True,False,False,False,False,False
2011,1.91,6.37,4.77,6.27,19.83,3.17,279,70.06,39.78,2965,59.59,48.95,78.81,1747,24.92,1700,False,False,False,False,False,False,False,False,False,True,False,False,False,False,False,False,False,False,True,False,False
2017,2.24,6.82,5.49,6.72,17.45,5.63,871,87.56,17.33,10342,67.47,87.33,83.92,1618,24.33,33,True,False,False,False,False,False,False,False,False,False,False,False,True,False,True,False,False,False,False,False,True
2015,1.73,7.08,3.5,8.63,14.38,4.69,151,95.05,9.83,52023,92.4,82.0,99.5,711,11.02,39,False,False,False,False,False,False,False,False,True,False,True,False,False,False,True,False,False,False,False,True,False
2001,2.98,7.29,4.68,6.14,23.53,6.04,479,78.29,39.27,2140,53.59,31.39,69.66,1105,23.34,541,False,False,False,True,False,False,False,False,False,False,False,True,False,False,False,False,False,False,False,False,True
2002,2.01,7.37,1.27,7.07,17.37,5.86,76,76.06,38.05,2890,65.63,33.08,69.99,1123,27.99,464,False,False,False,True,False,False,False,False,False,False,False,True,False,False,False,False,False,True,False,True,False
2019,0.34,7.53,0.43,7.59,6.54,0.88,3,69.39,67.29,1867,55.12,36.7,70.6,545,23.12,175,False,False,False,False,False,False,False,True,False,False,False,False,True,False,False,False,True,False,True,False,False
2015,2.61,7.13,5.23,6.84,19.34,3.98,483,75.57,37.46,2572,59.33,30.64,76.77,1338,26.39,302,False,False,False,True,False,False,False,False,False,True,False,False,False,False,False,False,False,False,False,False,True
2002,0.8,7.6,0.15,8.86,12.15,1.28,68,90.66,23.85,8919,73.96,80.0,95.78,800,18.86,68,False,False,False,False,False,True,False,False,False,False,True,False,False,False,False,False,False,True,False,False,False
2022,3.38,7.58,7.03,4.67,22.55,8.32,1055,73.08,35.79,4559,54.05,51.23,76.44,1672,24.76,114,False,False,False,False,True,False,False,False,False,False,False,False,False,True,False,False,False,False,False,False,True
2009,2.83,6.87,3.1,6.68,19.12,4.06,265,93.09,15.8,13088,74.74,62.99,97.27,837,14.82,95,False,True,False,False,False,False,False,False,False,False,False,False,True,True,False,False,False,False,True,False,False
2005,2.99,6.76,5.28,6.39,25.85,8.43,537,70.6,41.13,2772,49.63,35.79,71.32,2052,22.62,1700,False,False,False,False,False,False,False,False,False,True,False,False,False,False,False,False,False,True,False,False,True
2008,3.0,6.35,4.3,6.67,24.8,8.21,607,78.97,35.33,2627,60.87,37.45,70.37,1381,24.28,518,False,False,False,True,False,False,False,False,False,False,False,False,False,True,False,False,False,False,False,True,False
2004,2.8,6.82,4.35,7.0,23.57,5.74,507,83.93,26.59,4730,59.06,68.4,70.09,2488,23.87,107,False,False,False,False,True,False,False,False,False,False,True,False,False,False,True,False,False,False,False,True,False
2019,1.32,7.56,1.47,8.14,9.3,0.05,107,93.71,4.66,14694,84.67,65.41,85.86,900,9.37,105,False,True,False,False,False,False,False,False,False,False,False,True,False,False,True,False,False,False,False,False,False
2014,2.75,7.67,2.82,8.06,17.87,7.78,510,59.59,61.74,1495,46.9,25.87,46.19,1228,16.62,177,False,False,True,False,False,False,False,False,False,False,False,False,True,False,True,False,False,False,True,False,False
2022,1.66,7.05,1.81,8.1,14.59,7.29,189,73.19,68.85,1638,53.46,40.03,70.24,593,28.63,311,False,False,False,False,False,False,False,True,False,False,True,False,False,False,False,False,False,True,True,False,False
2002,1.83,7.18,1.41,8.52,21.54,2.81,105,79.92,30.47,4683,69.82,58.28,74.23,2174,28.61,158,False,False,False,False,True,False,False,False,False,False,False,False,True,False,False,False,False,True,False,False,False
2006,0.41,6.76,0.23,10.0,5.97,2.93,4,87.94,14.18,48253,88.66,79.18,92.92,971,13.79,42,False,False,False,False,False,False,False,False,True,False,False,False,False,False,False,False,True,False,False,True,False
2022,2.94,7.23,4.48,6.87,25.39,5.82,391,74.7,39.91,2714,60.2,43.82,66.34,2150,25.3,1343,False,False,False,False,False,False,False,False,False,False,False,False,True,False,True,False,False,False,False,False,False
2004,0.49,7.47,0.77,8.18,9.36,1.04,3,69.08,65.92,1522,39.09,34.9,66.2,422,21.81,230,False,False,False,False,False,False,False,True,False,True,False,False,False,False,False,False,True,False,True,False,False
2011,1.9,6.97,3.13,8.48,18.37,4.18,178,58.45,60.56,1277,33.91,21.51,40.91,879,18.7,135,False,False,True,False,False,False,False,False,False,False,False,True,False,False,False,False,True,False,False,False,True
2018,1.73,6.7,0.15,8.65,22.88,0.66,5,71.0,39.72,3098,57.42,42.75,80.23,2914,26.37,974,False,False,False,False,False,False,False,False,False,True,False,False,False,False,False,False,True,False,True,False,False
2009,0.92,7.72,1.61,7.79,17.19,1.95,28,55.89,71.43,2325,48.07,53.2,54.21,1719,25.94,184,False,False,False,False,False,False,True,False,False,True,False,False,False,False,False,False,True,False,False,False,False
2007,0.77,6.44,0.15,9.52,12.45,2.44,3,96.34,17.56,8972,65.81,91.08,86.52,1677,23.61,25,True,False,False,False,False,False,False,False,False,False,True,False,False,False,False,False,True,False,False,True,False
2007,1.9,6.93,1.18,6.5,23.27,4.86,167,75.36,29.13,4240,59.26,56.18,73.98,3122,29.39,164,False,False,False,False,True,False,False,False,False,True,False,False,False,False,False,False,False,True,True,False,False
2009,0.59,6.69,1.42,9.99,9.69,2.01,3,95.59,7.98,12785,79.65,66.9,81.86,1057,11.62,128,False,True,False,False,False,False,False,False,False,False,False,True,False,False,False,False,True,False,True,False,False
2004,2.16,7.17,1.84,8.14,9.97,4.79,323,96.31,10.9,51562,88.95,85.82,92.44,969,11.74,25,False,False,False,False,False,False,False,False,True,False,False,False,False,True,False,False,False,False,True,False,False
2003,2.46,6.97,2.09,7.64,15.1,8.78,175,69.22,66.69,1655,54.45,35.45,71.01,531,24.75,548,False,False,False,False,False,False,False,True,False,False,False,False,True,False,False,False,False,False,False,True,False
2020,1.06,6.51,1.53,8.78,13.07,1.74,36,89.84,10.52,47473,88.68,82.06,95.24,767,11.23,53,False,False,False,False,False,False,False,False,True,True,False,False,False,False,False,False,True,False,False,False,True
2005,3.52,6.92,7.16,6.77,22.59,10.77,1161,72.79,44.36,2579,52.55,40.06,67.39,1038,28.43,645,False,False,False,True,False,False,False,False,False,False,False,False,False,True,False,False,False,False,False,False,False
2012,1.52,7.62,2.13,7.87,19.32,2.69,93,72.62,25.69,4505,57.68,62.25,70.76,2418,26.27,112,False,False,False,False,True,False,False,False,False,False,False,False,True,False,False,True,False,False,True,False,False
2007,0.63,6.08,1.15,7.58,10.54,3.46,39,73.02,66.48,1932,49.66,31.83,60.15,410,27.35,291,False,False,False,False,False,False,False,True,False,True,False,False,False,False,False,True,False,False,False,True,False
2023,2.13,6.92,3.71,6.76,21.09,5.03,334,63.28,74.01,2639,51.43,60.79,56.79,1196,22.34,352,False,False,False,False,False,False,True,False,False,False,False,False,True,False,False,False,False,True,False,False,True
2001,1.12,6.74,1.83,8.39,14.02,2.98,97,50.49,63.61,978,35.45,23.86,38.14,1130,11.79,128,False,False,True,False,False,False,False,False,False,False,False,True,False,False,False,False,False,True,True,False,False
2024,1.95,7.14,1.61,8.13,20.64,2.08,98,82.77,27.96,5039,70.74,55.5,69.63,2694,27.61,104,False,False,False,False,True,False,False,False,False,False,False,True,False,False,False,True,False,False,False,True,False
2001,0.78,7.6,1.71,9.08,13.11,2.99,84,90.34,9.32,11805,79.49,66.79,83.01,1268,11.98,179,False,True,False,False,False,False,False,False,False,False,True,False,False,False,False,False,True,False,False,False,True
2001,2.0,7.56,3.23,6.83,19.49,2.74,395,60.25,76.59,1973,48.51,54.17,47.73,1066,31.21,274,False,False,False,False,False,False,True,False,False,True,False,False,False,False,False,False,False,False,False,True,False
2004,2.89,7.45,4.72,6.34,24.07,7.1,783,71.42,38.12,2593,55.01,39.6,66.07,1564,22.79,1321,False,False,False,False,False,False,False,False,False,False,True,False,False,True,False,False,False,False,True,False,False
2009,2.33,6.83,0.44,7.69,15.24,5.84,197,52.86,62.42,1284,41.45,29.77,39.45,1080,22.52,142,False,False,True,False,False,False,False,False,False,False,False,True,False,False,False,False,False,True,True,False,False
2004,0.35,6.94,1.32,9.05,5.74,0.66,3,88.03,5.74,52156,88.15,78.04,86.58,720,11.35,26,False,False,False,False,False,False,False,False,True,False,False,False,False,False,False,False,True,False,True,False,False
2000,2.38,6.65,2.57,8.02,15.78,5.24,319,89.52,6.62,12152,74.7,69.18,89.45,737,14.31,162,False,True,False,False,False,False,False,False,False,False,False,False,True,False,True,False,False,False,False,False,False
2015,2.23,7.49,2.12,7.01,18.36,5.58,231,69.25,65.52,1884,56.79,38.93,68.43,406,26.3,305,False,False,False,False,False,False,False,True,False,False,False,False,True,False,False,False,True,False,False,False,True
2001,0.85,7.46,0.84,8.14,10.7,2.95,3,99.7,9.27,11370,76.67,79.47,91.27,1199,23.78,80,False,False,False,False,False,True,False,False,False,False,False,False,True,False,False,False,True,False,False,True,False
2006,1.87,7.39,3.56,7.55,15.73,5.61,153,52.79,67.76,1087,41.96,25.69,38.11,1261,15.6,116,False,False,True,False,False,False,False,False,False,False,False,False,True,False,False,False,False,False,False,False,False
2013,1.67,6.21,4.82,5.78,19.09,5.57,320,73.01,28.33,2730,64.75,37.86,74.89,865,27.95,337,False,False,False,True,False,False,False,False,False,False,False,True,False,False,False,False,False,True,False,False,True
2005,0.49,6.74,0.15,7.73,9.33,3.17,3,86.72,13.78,9387,80.66,77.34,85.91,1570,25.69,31,True,False,False,False,False,False,False,False,False,True,False,False,False,False,False,False,True,False,True,False,False
2021,0.97,7.08,0.27,7.83,20.06,3.0,9,79.89,27.44,4637,66.1,55.97,78.21,2620,24.09,147,False,False,False,False,True,False,False,False,False,False,True,False,False,False,False,False,True,False,True,False,False
2003,2.08,6.52,5.88,5.92,19.06,3.68,1334,75.49,40.51,4324,60.77,53.13,72.84,1933,21.67,144,False,False,False,False,True,False,False,False,False,False,True,False,False,False,False,False,False,False,False,False,True
2016,1.33,7.16,1.54,7.11,14.98,3.78,227,97.57,11.04,10601,71.43,80.42,95.94,733,20.22,68,False,False,False,False,False,True,False,False,False,False,False,False,False,True,False,False,False,False,True,False,False
2020,1.25,7.31,0.15,8.59,11.42,5.62,140,70.71,65.22,1767,52.2,39.59,76.23,422,22.54,279,False,False,False,False,False,False,False,True,False,False,False,False,False,False,False,False,False,True,False,True,False
2017,3.25,6.9,4.91,6.5,22.62,5.82,749,85.95,20.68,9234,81.12,85.73,78.99,1751,24.64,29,True,False,False,False,False,False,False,False,False,False,False,False,True,False,True,False,False,False,False,False,True
2016,0.47,7.6,0.15,9.27,10.58,1.45,3,49.78,58.56,1285,56.62,23.96,41.94,581,17.76,115,False,False,True,False,False,False,False,False,False,True,False,False,False,False,False,False,True,False,True,False,False
2009,2.89,6.86,5.1,6.92,17.76,10.95,665,48.0,64.78,1108,38.83,17.88,39.48,812,15.6,145,False,False,True,False,False,False,False,False,False,True,False,False,False,False,False,False,False,True,False,False,True
2014,2.75,6.99,3.7,7.02,21.55,5.51,238,90.97,20.17,8677,67.12,93.46,79.94,1376,26.14,26,True,False,False,False,False,False,False,False,False,False,False,False,True,False,False,True,False,False,False,False,True
2019,2.07,6.75,4.62,5.9,20.2,9.57,237,60.88,77.52,2103,43.46,56.1,49.07,1229,30.33,257,False,False,False,False,False,False,True,False,False,False,True,False,False,False,False,False,False,False,False,False,False
2005,0.09,7.01,0.43,9.86,7.41,0.05,3,96.22,7.24,41784,86.39,75.82,92.9,1094,8.42,40,False,False,False,False,False,False,False,False,True,False,True,False,False,False,False,False,True,False,False,False,True
2011,0.63,6.79,0.99,8.2,9.28,4.07,3,85.81,11.86,13160,80.98,68.39,86.97,1104,16.63,124,False,True,False,False,False,False,False,False,False,False,True,False,False,False,False,False,True,False,False,True,False
2009,2.39,7.31,3.48,7.62,11.74,7.06,331,54.22,63.16,1230,50.91,28.04,35.59,1068,17.0,116,False,False,True,False,False,False,False,False,False,False,False,False,True,False,True,False,False,False,False,True,False
2017,4.2,6.76,8.16,4.83,24.71,9.64,2084,63.78,74.65,2254,55.19,55.2,45.97,1565,27.32,246,False,False,False,False,False,False,True,False,False,False,True,False,False,False,False,False,False,False,False,False,True
2022,0.76,7.01,0.72,7.44,14.6,3.49,10,93.45,24.35,8447,62.36,86.08,76.93,1885,24.29,32,True,False,False,False,False,False,False,False,False,False,True,False,False,False,False,False,True,False,False,True,False
2013,1.75,7.3,1.55,7.32,14.51,4.8,163,68.96,37.85,2783,65.49,41.65,79.28,969,22.66,403,False,False,False,True,False,False,False,False,False,False,False,True,False,False,False,False,True,False,False,False,True
2006,1.65,6.98,3.17,6.39,15.8,4.21,474,96.35,11.04,45561,77.4,86.59,95.28,930,16.09,38,False,False,False,False,False,False,False,False,True,True,False,False,False,False,False,False,False,False,False,False,True
2005,2.75,7.03,6.32,5.65,28.6,5.56,843,78.53,34.08,4647,61.39,55.5,66.55,2712,27.29,182,False,False,False,False,True,False,False,False,False,True,False,False,False,False,False,False,False,True,False,False,True
2001,1.35,6.71,1.61,6.54,12.49,6.39,239,63.54,73.96,2435,50.93,55.51,51.63,924,28.36,210,False,False,False,False,False,False,True,False,False,False,False,False,False,False,False,False,True,False,False,False,False
2022,2.17,6.8,2.91,6.95,13.67,5.65,455,94.88,10.22,12551,77.02,62.69,83.87,992,17.8,157,False,True,False,False,False,False,False,False,False,True,False,False,False,True,False,False,False,False,True,False,False
2017,4.25,6.3,7.9,4.49,24.06,9.39,1440,60.11,78.17,2171,43.66,52.74,38.11,868,28.56,254,False,False,False,False,False,False,True,False,False,True,False,False,False,False,True,False,False,False,False,False,True
2009,2.27,6.71,3.75,7.47,19.68,6.18,440,76.77,37.88,2806,57.96,43.82,75.77,1217,27.71,429,False,False,False,True,False,False,False,False,False,False,False,True,False,False,False,False,False,False,False,True,False
2014,2.77,6.73,2.87,7.6,18.22,3.42,534,97.74,18.03,9461,76.39,89.99,78.91,1732,22.13,20,True,False,False,False,False,False,False,False,False,True,False,False,False,False,False,False,False,False,False,False,False
2009,1.14,7.03,1.92,7.46,17.64,4.05,159,78.78,34.48,3166,67.78,45.53,76.65,1443,22.83,445,False,False,False,True,False,False,False,False,False,False,False,False,True,False,False,True,False,False,False,False,True
2004,0.55,7.0,0.15,9.44,9.39,2.22,3,98.02,10.09,48786,81.04,80.64,89.28,886,12.33,50,False,False,False,False,False,False,False,False,True,True,False,False,False,False,False,True,False,False,False,True,False
2011,3.07,7.16,3.99,5.92,22.11,4.32,382,79.01,41.54,2816,63.46,32.63,69.71,1525,22.71,378,False,False,False,True,False,False,False,False,False,False,False,False,False,True,False,False,False,False,False,True,False
2007,1.05,7.56,0.15,8.34,9.14,1.73,3,94.13,11.59,10929,68.94,77.5,99.5,802,20.51,59,False,False,False,False,False,True,False,False,False,False,True,False,False,False,False,False,True,False,False,True,False
2005,2.88,6.94,3.06,6.78,20.99,6.91,541,59.39,80.44,2123,48.02,50.29,46.76,1089,27.74,232,False,False,False,False,False,False,True,False,False,False,True,False,False,False,True,False,False,False,False,True,False
2003,2.44,7.41,3.49,6.34,24.26,5.26,430,72.25,30.96,4102,73.23,54.45,75.45,2686,27.02,237,False,False,False,False,True,False,False,False,False,True,False,False,False,False,False,False,False,True,False,False,False
2013,3.08,7.37,4.06,6.88,17.35,7.91,532,93.28,12.33,10810,67.6,62.62,89.22,978,14.93,106,False,True,False,False,False,False,False,False,False,False,True,False,False,True,False,False,False,False,False,False,False
2005,1.96,6.98,1.69,7.7,14.44,4.77,182,97.56,10.54,11015,67.87,54.58,81.88,769,16.36,130,False,True,False,False,False,False,False,False,False,True,False,False,False,False,True,False,False,False,True,False,False
2005,0.59,7.16,0.46,8.24,15.4,6.19,66,83.6,35.9,2950,61.54,33.0,74.41,770,26.38,676,False,False,False,True,False,False,False,False,False,True,False,False,False,False,False,True,False,False,True,False,False
2004,3.23,7.05,4.58,6.29,24.74,7.23,2021,79.68,29.76,4832,60.37,56.19,77.46,2065,29.04,190,False,False,False,False,True,False,False,False,False,True,False,False,False,False,True,False,False,False,False,False,False
2008,1.94,7.19,1.69,7.62,16.01,2.93,59,92.45,15.01,8383,62.67,90.1,86.33,1860,25.19,17,True,False,False,False,False,False,False,False,False,True,False,False,False,False,False,True,False,False,False,False,False
2007,2.29,7.33,2.36,6.96,14.09,4.92,298,84.35,25.85,8738,68.92,80.12,93.42,759,23.45,45,False,False,False,False,False,True,False,False,False,False,False,False,True,True,False,False,False,False,False,True,False
2016,1.38,7.56,1.99,7.59,15.21,3.63,204,56.25,63.7,1322,38.07,27.83,43.73,970,16.91,132,False,False,True,False,False,False,False,False,False,True,False,False,False,False,False,True,False,False,False,False,True
2020,1.28,7.15,0.49,6.91,18.15,3.13,107,72.43,38.05,2442,52.87,37.22,73.93,1107,25.86,560,False,False,False,True,False,False,False,False,False,False,False,False,True,False,False,False,False,True,True,False,False
2003,1.2,6.78,1.68,6.76,18.97,4.68,275,69.81,43.58,2500,54.96,33.16,80.59,999,25.85,471,False,False,False,True,False,False,False,False,False,False,False,True,False,False,False,True,False,False,True,False,False
2008,2.28,6.86,1.92,7.24,16.85,3.64,385,69.67,78.58,2627,51.83,57.04,45.08,1365,23.79,196,False,False,False,False,False,False,True,False,False,False,False,True,False,False,False,False,False,False,True,False,False
2008,1.35,6.75,0.58,9.1,17.15,1.13,117,90.31,14.94,11852,74.92,66.97,79.8,929,12.05,113,False,True,False,False,False,False,False,False,False,False,False,False,False,False,False,False,False,True,False,False,False
2005,2.01,6.91,1.97,7.56,17.61,2.86,288,81.17,27.33,7425,68.27,87.91,72.73,1753,23.4,23,True,False,False,False,False,False,False,False,False,False,False,True,False,False,True,False,False,False,False,True,False
2015,1.49,6.79,1.85,8.04,10.32,2.73,216,91.17,17.54,10843,72.91,85.19,90.78,670,23.7,67,False,False,False,False,False,True,False,False,False,False,False,False,False,False,False,True,False,False,False,False,True
2002,2.26,6.45,4.59,6.06,23.37,3.86,603,64.2,77.16,2304,47.57,54.41,47.55,1433,27.27,248,False,False,False,False,False,False,True,False,False,True,False,False,False,False,False,False,True,False,False,False,True
2018,3.89,6.91,6.66,6.61,27.15,8.36,1387,80.91,31.07,4829,64.91,52.18,74.16,2626,25.88,125,False,False,False,False,True,False,False,False,False,False,False,False,False,True,False,False,False,False,False,False,False
2015,2.83,7.07,6.08,6.3,18.46,7.2,915,87.73,26.38,9037,64.44,84.68,78.97,1936,25.85,26,True,False,False,False,False,False,False,False,False,False,True,False,False,False,False,False,False,False,False,False,True
2018,2.67,7.06,2.96,5.87,23.49,6.33,414,78.75,30.34,2942,50.57,42.99,65.8,2117,25.14,913,False,False,False,False,False,False,False,False,False,False,True,False,False,False,True,False,False,False,False,True,False
2012,3.12,7.02,6.12,7.27,21.17,8.13,742,52.02,68.47,1055,39.43,25.49,37.2,637,17.12,104,False,False,True,False,False,False,False,False,False,False,True,False,False,True,False,False,False,False,False,False,True
2015,2.27,7.0,4.34,5.35,20.22,6.53,446,87.77,20.64,8743,67.21,88.6,74.34,1550,20.75,31,True,False,False,False,False,False,False,False,False,False,False,False,False,False,False,False,False,True,False,False,True
2018,1.07,6.42,0.15,7.96,21.35,1.66,3,81.33,27.87,5086,65.19,59.9,77.47,3243,25.58,173,False,False,False,False,True,False,False,False,False,False,False,False,False,False,False,False,True,False,False,True,False
2022,2.89,6.99,4.31,5.78,22.0,9.17,1136,64.95,71.63,1759,61.88,33.57,65.66,475,23.5,261,False,False,False,False,False,False,False,True,False,False,False,False,True,True,False,False,False,False,False,True,False
2020,4.17,7.2,7.87,5.1,31.28,7.58,1547,73.64,38.06,2823,56.6,41.65,72.4,2291,22.91,1698,False,False,False,False,False,False,False,False,False,False,False,False,True,False,False,False,False,False,False,False,True
2011,1.55,7.28,0.15,7.5,16.52,0.8,20,81.31,39.23,2394,53.06,33.54,66.75,1565,25.63,648,False,False,False,True,False,False,False,False,False,False,False,False,False,False,False,False,True,False,False,True,False
2020,1.19,7.03,1.69,6.94,12.43,1.17,125,89.87,13.41,60619,96.78,86.57,96.04,894,17.39,42,False,False,False,False,False,False,False,False,True,False,True,False,False,False,True,False,False,False,False,True,False
2016,2.86,6.54,6.74,6.65,17.7,6.85,1234,97.51,15.95,50711,82.94,90.17,93.44,946,13.72,37,False,False,False,False,False,False,False,False,True,False,True,False,False,True,False,False,False,False,False,False,True
2005,2.28,6.14,3.03,5.97,17.89,5.66,260,90.77,24.87,9940,68.07,90.19,79.68,1512,27.42,27,True,False,False,False,False,False,False,False,False,True,False,False,False,False,False,False,False,False,False,False,False
2005,2.17,6.82,1.7,7.85,15.87,5.78,267,49.65,66.06,1292,35.53,26.63,42.13,1120,21.36,115,False,False,True,False,False,False,False,False,False,True,False,False,False,False,False,False,True,False,False,False,True
2013,2.73,7.18,5.31,5.92,15.06,9.47,834,92.63,17.71,11066,72.81,79.35,92.84,549,21.82,48,False,False,False,False,False,True,False,False,False,True,False,False,False,True,False,False,False,False,False,False,True
2022,1.9,6.78,3.49,7.82,15.61,3.5,253,90.95,20.83,10614,67.61,90.48,79.83,1647,20.79,33,True,False,False,False,False,False,False,False,False,False,False,False,True,False,True,False,False,False,True,False,False
2019,1.96,6.93,2.18,7.61,18.64,5.67,179,51.28,61.01,1258,40.42,27.07,40.87,962,18.18,103,False,False,True,False,False,False,False,False,False,True,False,False,False,False,False,False,False,False,False,True,False
2016,2.22,7.02,2.46,6.67,18.8,6.91,251,72.71,32.91,5057,65.9,61.07,80.84,2134,29.38,128,False,False,False,False,True,False,False,False,False,True,False,False,False,False,False,False,False,False,True,False,False
2003,2.37,6.19,2.29,8.81,14.46,5.49,229,92.25,6.78,52127,88.15,76.75,91.34,859,15.99,25,False,False,False,False,False,False,False,False,True,False,False,False,False,True,False,False,False,False,True,False,False
2016,1.18,7.18,1.36,8.27,13.19,5.21,118,59.29,71.67,2753,56.79,59.75,51.8,1129,26.51,271,False,False,False,False,False,False,True,False,False,False,False,True,False,False,False,False,False,True,True,False,False
2021,1.86,7.12,2.78,8.38,10.17,2.0,276,88.78,11.26,50743,86.94,87.82,90.36,1098,15.01,52,False,False,False,False,False,False,False,False,True,False,False,False,True,False,False,True,False,False,False,False,True
2013,1.54,6.52,3.4,8.0,15.11,3.85,248,96.91,18.44,10222,79.53,83.81,92.7,664,20.08,100,False,False,False,False,False,True,False,False,False,False,False,False,False,False,False,False,False,True,False,False,True
2021,4.93,6.22,8.2,4.96,30.35,11.01,2454,76.28,41.22,2766,65.13,43.54,68.66,2447,20.61,1559,False,False,False,False,False,False,False,False,False,False,True,False,False,False,True,False,False,False,False,False,True
2018,1.98,7.27,2.22,6.99,16.27,5.05,329,94.75,12.3,13399,79.28,61.47,96.26,820,14.43,140,False,True,False,False,False,False,False,False,False,False,False,False,False,False,False,False,False,True,False,False,True
2019,0.99,6.31,0.55,7.66,15.83,0.38,16,93.96,9.78,15039,79.56,70.33,88.8,894,14.57,198,False,True,False,False,False,False,False,False,False,False,False,False,True,False,False,True,False,False,False,False,False
2014,2.69,6.44,1.98,6.92,24.92,7.73,280,75.11,33.99,4498,61.04,48.71,76.58,2115,27.53,185,False,False,False,False,True,False,False,False,False,False,False,False,False,False,False,False,True,False,False,False,True
2015,2.98,7.02,4.31,6.06,25.86,7.68,433,66.9,39.24,2578,60.09,50.25,68.49,2268,28.58,1150,False,False,False,False,False,False,False,False,False,False,True,False,False,False,False,True,False,False,False,False,True
2005,0.02,6.81,0.15,8.85,6.27,2.1,3,93.22,12.87,46911,88.47,77.97,83.12,840,11.73,27,False,False,False,False,False,False,False,False,True,False,False,False,False,False,False,False,True,False,False,True,False
2022,0.69,7.38,1.48,7.25,7.2,0.96,3,75.44,56.15,1945,55.11,41.11,64.69,446,23.95,227,False,False,False,False,False,False,False,True,False,True,False,False,False,False,False,False,True,False,False,True,False
2017,2.04,7.16,3.62,7.6,12.83,4.31,312,96.34,11.67,56218,83.59,84.23,97.04,967,14.77,26,False,False,False,False,False,False,False,False,True,True,False,False,False,False,False,False,False,False,False,False,True
2013,1.83,7.02,3.18,7.78,14.34,4.4,464,96.14,11.05,14676,79.13,65.28,86.62,899,15.46,167,False,True,False,False,False,False,False,False,False,False,False,False,True,False,True,False,False,False,False,False,False
2005,1.1,7.09,0.31,8.1,16.92,2.12,63,78.46,35.22,2760,66.23,40.4,64.45,1138,25.84,644,False,False,False,True,False,False,False,False,False,False,False,False,True,False,False,True,False,False,True,False,False
2000,1.88,7.05,1.94,8.01,17.24,5.02,201,96.75,8.37,54267,82.9,85.35,99.5,937,12.52,35,False,False,False,False,False,False,False,False,True,False,False,False,False,False,False,False,False,True,False,False,True
2004,4.71,7.4,8.26,6.16,31.31,9.89,1718,72.88,43.46,2943,53.23,39.19,66.15,2191,24.5,1441,False,False,False,False,False,False,False,False,False,True,False,False,False,True,False,False,False,False,False,False,True
2016,2.84,6.44,4.36,6.98,29.44,5.93,758,73.27,41.35,2845,52.42,34.03,66.59,2677,27.22,1700,False,False,False,False,False,False,False,False,False,False,False,False,True,False,True,False,False,False,False,False,False
2007,1.22,6.92,1.2,7.74,12.84,1.31,65,90.52,17.92,10598,71.23,79.03,87.83,635,24.17,60,False,False,False,False,False,True,False,False,False,True,False,False,False,False,False,True,False,False,False,False,False
2012,1.53,6.69,0.85,8.32,12.64,4.36,120,61.21,57.88,1336,58.27,18.93,42.28,632,20.05,214,False,False,True,False,False,False,False,False,False,False,False,False,True,False,False,False,False,True,True,False,False
2009,2.16,6.88,3.22,6.66,19.04,7.2,466,55.31,65.15,1178,49.95,28.66,47.62,895,14.68,129,False,False,True,False,False,False,False,False,False,False,False,False,False,True,False,False,False,False,True,False,False
2000,1.06,7.08,0.15,8.16,10.5,4.71,3,75.24,40.86,2465,56.76,27.72,72.79,1021,20.0,414,False,False,False,True,False,False,False,False,False,False,False,False,True,False,False,True,False,False,True,False,False
2012,1.39,7.89,1.66,7.51,11.12,8.12,96,54.86,61.54,1290,43.11,24.93,44.09,902,21.5,99,False,False,True,False,False,False,False,False,False,False,False,False,False,False,False,False,False,True,True,False,False
2013,3.33,7.9,6.61,6.41,19.84,7.25,1014,63.34,78.24,2361,35.47,55.77,53.46,971,28.68,189,False,False,False,False,False,False,True,False,False,False,False,False,False,False,False,False,False,False,False,False,False
2021,0.51,7.17,0.15,7.81,8.6,2.22,3,72.81,62.58,1812,51.52,46.33,74.87,548,25.59,303,False,False,False,False,False,False,False,True,False,True,False,False,False,False,False,False,True,False,False,False,False
2006,2.72,7.42,1.77,8.27,25.31,7.67,250,78.51,30.15,4586,58.15,57.19,80.6,2578,24.37,232,False,False,False,False,True,False,False,False,False,False,True,False,False,False,False,False,False,False,False,True,False
2024,1.32,6.96,0.49,7.85,16.16,4.66,83,93.34,13.25,12750,71.24,62.49,95.02,863,14.63,196,False,True,False,False,False,False,False,False,False,False,True,False,False,False,False,False,False,False,True,False,False
2001,0.61,6.97,0.15,9.14,8.31,0.05,5,94.43,11.1,10281,76.27,77.27,93.84,744,20.12,57,False,False,False,False,False,True,False,False,False,False,False,False,True,False,False,False,True,False,False,False,True
2005,1.93,6.41,3.36,7.73,17.22,2.52,286,86.25,24.17,10135,79.19,95.41,88.99,1932,26.33,24,True,False,False,False,False,False,False,False,False,False,True,False,False,False,False,False,False,False,False,True,False
2000,2.24,7.26,1.3,6.95,17.22,7.17,142,68.88,68.09,1651,50.1,38.83,73.37,486,23.66,355,False,False,False,False,False,False,False,True,False,True,False,False,False,False,False,False,False,False,False,False,False
2010,2.49,6.61,5.14,5.76,15.69,8.44,390,85.65,22.7,10316,72.72,81.64,91.29,640,21.72,64,False,False,False,False,False,True,False,False,False,False,False,True,False,True,False,False,False,False,False,True,False
2005,2.33,7.79,2.07,6.54,23.89,2.8,375,72.87,34.39,2238,59.56,37.14,67.82,2261,24.05,1011,False,False,False,False,False,False,False,False,False,False,False,False,True,False,False,False,False,True,True,False,False
2011,1.87,5.98,2.01,6.39,19.66,2.71,211,78.41,34.7,4571,73.02,56.73,71.35,2468,24.45,126,False,False,False,False,True,False,False,False,False,False,False,False,False,False,False,False,False,True,False,True,False
2019,3.32,7.71,4.18,6.64,19.56,10.46,687,59.79,77.25,2331,45.35,50.26,55.01,1285,27.09,165,False,False,False,False,False,False,True,False,False,False,False,False,True,False,True,False,False,False,False,True,False
2007,2.32,6.32,4.79,7.28,13.55,9.45,728,56.52,62.04,1264,45.69,22.33,44.27,583,18.32,117,False,False,True,False,False,False,False,False,False,False,False,True,False,False,False,False,False,True,False,False,True
2017,1.01,6.55,2.33,8.11,13.63,5.21,126,63.04,64.75,1802,68.39,37.32,68.43,416,19.7,451,False,False,False,False,False,False,False,True,False,True,False,False,False,False,False,True,False,False,False,False,True
2015,1.98,7.09,0.15,7.37,20.54,5.4,86,80.67,26.4,4734,63.09,64.91,72.83,2853,24.38,196,False,False,False,False,True,False,False,False,False,True,False,False,False,False,False,False,True,False,False,True,False
2002,1.94,7.44,3.17,6.96,15.75,4.36,256,88.08,20.0,9471,67.88,73.63,84.18,826,21.28,52,False,False,False,False,False,True,False,False,False,False,False,False,False,True,False,False,False,False,True,False,False
2002,1.6,7.13,0.97,7.37,16.36,5.6,57,62.39,73.02,1294,48.47,33.33,51.52,620,28.33,263,False,False,False,False,False,False,False,True,False,False,False,True,False,False,False,False,False,True,True,False,False
2021,1.97,7.02,2.24,8.12,13.03,4.61,195,53.86,65.69,1149,48.52,32.64,38.83,938,19.79,87,False,False,True,False,False,False,False,False,False,False,False,True,False,False,False,False,False,False,True,False,False
2016,0.12,7.06,0.15,9.4,5.45,1.97,3,95.99,7.84,55747,85.95,82.99,98.21,945,15.98,39,False,False,False,False,False,False,False,False,True,True,False,False,False,False,False,True,False,False,False,True,False
2021,2.36,6.68,1.24,6.99,13.96,8.91,142,65.7,71.69,2420,44.35,57.94,44.53,790,29.3,246,False,False,False,False,False,False,True,False,False,False,False,False,True,False,False,False,True,False,False,False,True
2015,3.03,7.65,6.56,5.72,21.14,7.63,1179,63.31,72.97,2683,48.24,55.86,63.2,1497,27.31,186,False,False,False,False,False,False,True,False,False,False,False,True,False,False,True,False,False,False,False,False,True
2020,2.22,6.63,3.67,6.99,18.01,3.56,456,99.41,12.92,14086,83.88,69.3,83.82,1178,14.27,144,False,True,False,False,False,False,False,False,False,True,False,False,False,False,True,False,False,False,False,False,True
2020,3.42,6.7,6.08,4.88,22.77,7.1,645,65.45,70.44,2375,49.04,61.12,50.25,1302,27.61,277,False,False,False,False,False,False,True,False,False,False,False,False,False,False,False,False,False,True,False,False,True
2019,3.01,6.64,5.54,6.83,15.0,6.74,777,65.07,65.12,1790,52.53,40.39,66.95,618,20.59,306,False,False,False,False,False,False,False,True,False,False,False,False,True,True,False,False,False,False,False,False,True
2005,0.76,6.61,0.83,8.72,16.43,0.05,4,69.29,64.8,1741,59.05,32.17,65.88,490,27.36,235,False,False,False,False,False,False,False,True,False,False,True,False,False,False,False,False,True,False,False,False,False
2016,1.89,6.98,1.04,7.57,15.28,6.13,226,81.87,64.74,1988,52.9,42.0,74.43,462,26.35,320,False,False,False,False,False,False,False,True,False,True,False,False,False,False,False,False,False,False,True,False,False
2013,3.02,7.05,5.98,6.32,16.67,6.75,844,95.47,18.45,10989,76.56,66.51,76.98,773,13.48,83,False,True,False,False,False,False,False,False,False,True,False,False,False,True,False,False,False,False,False,False,True
2003,2.48,6.98,3.33,6.05,16.06,9.17,549,46.86,66.6,1208,43.62,25.8,43.22,775,20.13,139,False,False,True,False,False,False,False,False,False,False,False,False,False,True,False,False,False,False,False,False,False
2018,0.86,6.78,0.61,8.36,12.07,0.05,33,74.03,37.11,2685,51.45,38.95,75.03,841,27.8,667,False,False,False,True,False,False,False,False,False,True,False,False,False,False,False,True,False,False,True,False,False
2006,3.46,7.26,5.39,6.37,22.83,10.31,812,76.11,43.69,2664,60.84,36.46,74.37,800,25.54,448,False,False,False,True,False,False,False,False,False,True,False,False,False,True,False,False,False,False,False,False,False
2013,2.11,6.12,3.44,6.91,15.26,6.55,410,51.11,81.49,2210,40.63,49.51,50.68,1174,29.33,248,False,False,False,False,False,False,True,False,False,False,False,False,True,False,True,False,False,False,True,False,False
2013,1.99,7.46,2.17,7.7,17.51,3.01,166,69.82,38.49,2511,63.21,34.85,69.85,1238,25.19,515,False,False,False,True,False,False,False,False,False,False,True,False,False,False,False,False,False,False,False,True,False
2021,3.81,6.86,9.06,5.99,25.14,11.06,1392,57.03,62.34,1330,39.34,24.12,42.84,858,15.46,156,False,False,True,False,False,False,False,False,False,False,True,False,False,False,True,False,False,False,False,False,True
2007,1.82,7.58,2.11,8.01,18.36,4.13,358,95.69,14.97,9939,77.35,79.44,87.27,623,21.91,54,False,False,False,False,False,True,False,False,False,False,False,False,False,False,True,False,False,False,False,False,False
2011,2.09,7.04,3.25,8.72,13.04,1.62,346,94.82,14.33,52908,85.43,79.65,97.67,804,12.53,54,False,False,False,False,False,False,False,False,True,False,True,False,False,False,True,False,False,False,True,False,False
2020,0.85,7.29,0.15,9.5,9.76,0.56,4,97.09,11.13,52439,90.37,75.82,95.84,786,12.04,33,False,False,False,False,False,False,False,False,True,False,False,True,False,False,False,True,False,False,False,False,False
2008,1.43,7.3,1.89,7.98,10.25,1.57,104,91.18,16.9,9404,68.86,75.44,80.45,725,14.74,84,False,False,False,False,False,True,False,False,False,False,False,False,False,False,False,True,False,False,False,True,False
2000,2.18,6.51,1.5,6.76,17.97,5.81,497,58.68,69.18,1162,50.8,28.92,45.2,692,21.09,158,False,False,True,False,False,False,False,False,False,False,False,False,False,False,True,False,False,False,True,False,False
2010,3.04,6.81,4.18,7.07,14.93,9.89,248,80.67,64.9,1729,49.89,44.91,64.81,554,22.09,342,False,False,False,False,False,False,False,True,False,False,False,False,False,False,False,True,False,False,False,False,True
2001,0.67,7.39,0.23,8.71,10.23,0.82,9,52.63,63.49,1042,40.21,21.32,38.18,716,19.31,123,False,False,True,False,False,False,False,False,False,False,False,True,False,False,False,False,True,False,True,False,False
2000,2.73,7.46,2.0,6.37,21.39,4.8,349,81.87,25.93,4823,67.44,62.9,76.99,2297,28.06,140,False,False,False,False,True,False,False,False,False,True,False,False,False,False,False,False,False,False,False,True,False
2015,0.75,7.37,0.15,8.83,9.42,1.87,3,93.64,11.58,13179,75.52,68.89,89.84,780,15.47,151,False,True,False,False,False,False,False,False,False,False,False,False,False,False,False,False,True,False,False,False,False
2018,4.22,6.59,7.69,5.65,32.05,10.81,1224,72.35,42.48,2809,70.77,33.54,63.9,2269,26.66,1239,False,False,False,False,False,False,False,False,False,False,False,False,False,True,False,False,False,False,False,False,True
2004,0.02,6.93,0.15,9.19,6.99,0.05,3,99.7,4.74,53032,90.3,88.45,90.98,1047,9.79,35,False,False,False,False,False,False,False,False,True,False,True,False,False,False,False,True,False,False,True,False,False
2012,1.73,6.29,1.16,7.19,17.58,1.34,198,94.8,8.24,12779,65.43,69.06,92.26,1187,15.85,140,False,True,False,False,False,False,False,False,False,False,False,True,False,False,False,False,False,False,False,False,False
2023,0.91,6.94,0.15,8.09,17.4,0.05,3,78.28,33.4,3078,59.87,43.04,81.66,1459,23.83,519,False,False,False,True,False,False,False,False,False,False,False,False,False,False,False,False,True,False,False,True,False
2007,1.24,6.73,1.34,7.54,13.85,6.78,128,54.57,61.21,1144,45.36,16.33,45.75,839,19.82,103,False,False,True,False,False,False,False,False,False,False,False,True,False,False,False,False,False,True,False,False,False
2002,0.58,7.06,0.69,9.48,10.9,1.03,3,64.76,70.19,1461,52.2,34.35,59.7,384,19.93,459,False,False,False,False,False,False,False,True,False,False,False,False,True,False,False,False,True,False,False,False,False
2008,1.28,7.66,1.74,8.1,13.09,5.15,232,97.36,10.15,51542,87.28,87.58,93.08,853,9.52,64,False,False,False,False,False,False,False,False,True,False,True,False,False,False,False,False,False,True,False,False,True
2013,1.91,6.52,2.09,6.78,17.83,4.73,141,84.22,31.64,2470,50.25,38.0,75.0,1132,23.9,570,False,False,False,True,False,False,False,False,False,False,True,False,False,False,False,True,False,False,False,False,False
2021,0.38,7.68,0.82,8.19,15.23,1.93,7,71.86,35.77,2890,49.72,42.95,67.44,1993,25.64,1200,False,False,False,False,False,False,False,False,False,False,False,True,False,False,False,False,True,False,False,True,False
2007,2.26,7.14,3.48,6.61,16.34,3.88,450,96.97,11.08,13516,75.51,64.11,88.8,835,16.88,154,False,True,False,False,False,False,False,False,False,False,False,False,True,False,False,False,False,False,False,False,True
2005,3.32,6.81,8.1,6.27,20.68,7.92,598,48.01,66.95,1195,44.74,18.28,41.34,818,20.49,141,False,False,True,False,False,False,False,False,False,False,False,False,True,False,True,False,False,False,False,False,True
2008,2.87,6.76,4.75,6.59,18.24,7.24,860,86.25,14.96,12063,75.5,68.36,98.49,902,17.46,138,False,True,False,False,False,False,False,False,False,True,False,False,False,False,True,False,False,False,False,False,True
2024,3.11,6.67,7.74,5.32,21.42,8.39,1278,73.91,63.4,2145,62.69,45.8,59.63,576,22.84,345,False,False,False,False,False,False,False,True,False,False,False,False,False,True,False,False,False,False,False,False,True
2021,0.86,7.31,0.15,9.35,12.32,2.08,3,95.33,18.59,8731,70.97,89.12,81.04,2141,20.33,35,True,False,False,False,False,False,False,False,False,False,False,False,False,False,False,False,True,False,True,False,False
2007,3.0,6.84,3.44,6.66,19.0,5.29,616,99.44,14.49,14054,80.33,65.31,92.05,928,16.76,120,False,True,False,False,False,False,False,False,False,False,False,False,False,False,False,False,False,False,False,False,True
2000,1.73,7.08,3.27,6.8,11.42,3.15,267,95.62,18.88,10016,72.94,74.01,80.38,726,20.28,59,False,False,False,False,False,True,False,False,False,False,False,False,False,False,True,False,False,False,False,False,False
2006,2.21,7.12,3.25,7.76,13.53,3.51,601,83.88,12.59,48262,79.25,81.0,97.85,819,13.34,31,False,False,False,False,False,False,False,False,True,True,False,False,False,False,True,False,False,False,False,False,True
2010,2.12,7.63,4.8,6.64,16.45,2.85,443,94.7,23.52,10500,70.01,82.24,86.89,666,19.88,49,False,False,False,False,False,True,False,False,False,True,False,False,False,False,False,False,False,True,False,False,True
2003,1.99,6.79,3.91,7.1,23.84,1.82,382,78.94,31.59,4562,63.87,56.16,72.63,3025,27.22,94,False,False,False,False,True,False,False,False,False,False,False,True,False,False,False,False,True,False,False,False,True
2009,0.64,7.31,0.31,9.29,11.6,3.43,4,49.04,62.7,1234,34.64,20.04,43.66,929,16.11,209,False,False,True,False,False,False,False,False,False,False,False,False,False,False,False,True,False,False,True,False,False
2005,1.08,7.0,1.25,6.94,17.72,1.87,131,75.36,33.37,2500,60.98,35.7,66.88,1448,28.47,459,False,False,False,True,False,False,False,False,False,False,False,False,True,False,False,False,False,True,False,False,False
2012,3.35,6.89,6.94,6.42,21.2,8.9,1765,62.33,61.4,1418,51.0,35.43,43.41,799,20.3,105,False,False,True,False,False,False,False,False,False,False,False,False,False,False,True,False,False,False,False,False,True
2003,1.46,6.82,1.39,7.72,12.55,1.93,92,85.08,21.1,10311,68.95,75.6,90.36,671,18.49,64,False,False,False,False,False,True,False,False,False,False,False,False,True,False,True,False,False,False,False,True,False
2005,4.12,6.06,7.2,5.31,29.14,5.93,1844,82.07,24.95,4994,62.04,61.55,76.55,2472,24.83,175,False,False,False,False,True,False,False,False,False,True,False,False,False,False,True,False,False,False,False,False,True
2003,0.96,7.28,0.15,8.3,5.48,1.55,3,86.84,18.98,9442,73.26,85.59,75.13,1474,26.45,28,True,False,False,False,False,False,False,False,False,False,False,True,False,False,False,False,True,False,False,True,False
2017,0.27,6.41,0.15,9.49,6.93,2.31,3,99.07,6.16,55604,85.12,85.22,99.5,679,12.71,36,False,False,False,False,False,False,False,False,True,False,False,False,False,False,False,False,False,True,False,True,False
2004,0.92,7.45,0.15,8.5,12.55,0.56,3,95.0,5.0,49399,82.63,88.57,96.74,950,13.02,34,False,False,False,False,False,False,False,False,True,False,True,False,False,False,False,False,False,True,False,True,False
2003,2.66,7.23,4.47,7.2,25.27,6.78,861,75.64,36.42,4820,56.4,58.95,76.5,2493,28.19,169,False,False,False,False,True,False,False,False,False,False,False,False,True,False,True,False,False,False,False,False,False
2020,2.34,6.75,1.78,8.2,13.64,6.39,270,95.19,18.51,10617,73.25,73.55,80.75,849,19.79,84,False,False,False,False,False,True,False,False,False,False,False,True,False,False,True,False,False,False,True,False,False
2021,2.38,7.07,3.72,7.33,15.95,7.46,697,97.38,16.06,45785,83.8,73.31,88.5,764,14.24,26,False,False,False,False,False,False,False,False,True,False,False,False,True,False,False,False,False,False,False,False,True
2003,1.04,6.52,0.71,8.66,11.47,3.95,14,92.26,22.04,9165,72.34,88.0,92.09,948,22.05,53,False,False,False,False,False,True,False,False,False,False,False,False,False,False,False,True,False,False,False,False,False
2021,1.16,6.95,0.15,8.55,15.26,3.09,82,90.1,11.56,13536,65.3,69.22,92.53,1107,15.18,130,False,True,False,False,False,False,False,False,False,False,False,False,True,False,False,False,False,False,True,False,False
2009,0.24,7.11,0.34,8.81,9.9,0.98,4,99.7,3.47,51524,92.1,78.07,94.99,1068,13.73,27,False,False,False,False,False,False,False,False,True,True,False,False,False,False,False,False,True,False,False,True,False
2007,4.19,7.34,6.35,6.7,32.13,9.25,1249,76.49,36.2,4240,60.08,56.2,77.76,2546,20.66,152,False,False,False,False,True,False,False,False,False,True,False,False,False,False,True,False,False,False,False,False,True
2009,2.44,7.4,2.1,7.98,12.07,6.18,439,91.0,8.41,44343,90.6,77.18,94.27,893,13.14,37,False,False,False,False,False,False,False,False,True,False,False,True,False,True,False,False,False,False,False,False,False
2016,0.82,7.17,0.15,8.55,11.12,4.86,3,42.98,63.5,1186,46.44,26.45,41.08,850,17.45,150,False,False,True,False,False,False,False,False,False,False,True,False,False,False,False,False,True,False,False,True,False
2014,2.0,6.48,2.96,7.42,13.58,3.41,211,97.1,12.37,13804,79.88,63.58,83.61,1075,17.84,100,False,True,False,False,False,False,False,False,False,False,True,False,False,False,False,True,False,False,False,False,True
2016,2.41,6.46,3.37,8.0,20.77,4.58,248,65.33,79.57,2198,55.15,58.09,49.25,1163,23.27,407,False,False,False,False,False,False,True,False,False,False,False,False,False,False,False,False,False,True,False,False,False
2019,2.11,7.64,4.73,7.3,15.1,5.8,478,92.45,13.61,56014,89.18,82.95,88.84,1017,12.44,45,False,False,False,False,False,False,False,False,True,False,True,False,False,False,False,False,False,False,False,False,True
2022,2.28,7.29,2.06,6.88,17.74,3.12,540,94.48,19.88,9107,70.57,82.18,87.05,1681,21.59,31,True,False,False,False,False,False,False,False,False,False,False,False,False,True,False,False,False,False,True,False,False
2008,2.58,6.7,5.25,7.23,20.38,7.15,476,70.05,65.93,1581,52.68,39.22,59.96,563,28.2,285,False,False,False,False,False,False,False,True,False,True,False,False,False,False,True,False,False,False,False,False,True
2006,3.93,6.79,7.11,6.2,24.01,10.92,1381,49.1,68.84,1044,36.45,25.96,33.98,1049,16.65,145,False,False,True,False,False,False,False,False,False,False,True,False,False,True,False,False,False,False,False,False,True
2003,1.69,7.01,0.16,7.7,12.52,4.65,102,59.47,75.41,2110,44.41,47.89,47.07,1075,28.27,180,False,False,False,False,False,False,True,False,False,False,False,False,True,False,False,True,False,False,True,False,False
2004,1.45,7.23,1.65,8.26,17.28,5.64,105,76.94,37.79,2136,58.49,35.15,66.6,1223,22.27,441,False,False,False,True,False,False,False,False,False,True,False,False,False,False,False,True,False,False,True,False,False
2023,2.88,7.26,4.2,7.13,25.98,7.98,793,68.96,43.51,2850,61.59,43.74,63.77,2538,22.31,1454,False,False,False,False,False,False,False,False,False,False,False,False,False,False,False,False,False,False,False,False,False
2019,2.29,7.32,1.93,6.92,14.33,7.13,257,67.49,75.8,2239,37.69,57.66,62.09,904,26.95,151,False,False,False,False,False,False,True,False,False,False,False,False,False,False,False,False,False,True,False,False,False
2009,2.17,7.13,0.15,6.89,16.58,2.45,136,77.42,39.14,2693,59.15,42.41,78.86,992,26.67,657,False,False,False,True,False,False,False,False,False,False,False,True,False,False,False,False,False,False,True,False,False
2018,1.38,6.49,0.52,8.53,8.78,3.02,75,99.7,14.4,12016,77.73,80.84,91.7,1053,20.84,52,False,False,False,False,False,True,False,False,False,False,False,False,True,False,False,False,False,True,False,True,False
2009,0.89,7.13,0.15,7.79,6.5,1.48,3,99.7,8.17,53730,80.51,92.18,99.5,877,13.13,32,False,False,False,False,False,False,False,False,True,False,False,False,False,False,False,True,False,False,True,False,False
2006,2.34,7.07,4.39,7.14,22.69,6.51,676,78.72,34.32,4676,68.95,64.09,70.36,2372,26.22,125,False,False,False,False,True,False,False,False,False,False,False,True,False,False,True,False,False,False,False,True,False
2003,2.16,7.09,0.46,8.41,17.03,3.94,65,82.8,21.2,4696,64.89,57.8,81.1,2028,25.56,176,False,False,False,False,True,False,False,False,False,False,False,False,False,False,False,True,False,False,False,False,False
2017,1.26,6.94,0.15,7.67,14.27,0.05,25,81.75,38.62,2970,56.38,38.84,78.06,1214,28.49,344,False,False,False,True,False,False,False,False,False,True,False,False,False,False,False,True,False,False,False,True,False
2010,2.7,7.25,3.21,6.58,22.57,5.02,452,79.18,31.88,2855,55.45,43.7,76.2,1245,23.0,395,False,False,False,True,False,False,False,False,False,False,True,False,False,False,True,False,False,False,False,True,False
2003,3.04,7.3,3.56,7.51,15.55,9.86,399,86.58,19.15,11660,82.57,86.36,88.45,568,19.41,64,False,False,False,False,False,True,False,False,False,True,False,False,False,False,False,False,False,False,False,False,True
2020,0.38,7.07,0.64,7.68,8.38,0.05,33,93.24,15.98,10189,65.14,85.35,85.58,986,22.13,77,False,False,False,False,False,True,False,False,False,False,False,False,False,False,False,True,False,False,False,False,False
2017,1.8,6.68,1.67,7.89,10.77,5.98,125,86.45,17.64,10275,70.03,78.73,89.81,749,21.43,49,False,False,False,False,False,True,False,False,False,False,False,True,False,False,False,False,False,True,False,False,False
2007,2.61,6.68,3.51,7.21,15.51,5.52,458,95.97,10.78,10992,76.12,64.47,82.63,592,14.78,183,False,True,False,False,False,False,False,False,False,False,False,False,False,False,True,False,False,False,True,False,False
2011,3.65,6.95,9.11,5.42,24.88,9.86,1459,50.91,75.01,1852,37.1,58.21,47.19,1017,29.42,216,False,False,False,False,False,False,True,False,False,False,False,True,False,False,False,False,False,False,False,False,True
2013,0.72,6.36,0.15,8.11,11.15,3.22,3,72.6,71.19,1690,49.39,31.86,69.51,471,23.97,407,False,False,False,False,False,False,False,True,False,True,False,False,False,False,False,False,True,False,False,True,False
2009,1.8,7.32,2.83,8.68,17.43,2.23,233,99.7,10.74,13596,75.26,68.47,91.39,1013,14.69,166,False,True,False,False,False,False,False,False,False,False,True,False,False,False,True,False,False,False,False,False,False
2024,2.33,6.93,3.59,6.37,24.81,2.99,384,74.37,38.0,2973,58.29,44.35,74.25,1931,27.93,1172,False,False,False,False,False,False,False,False,False,False,False,False,False,False,False,True,False,False,False,False,True
2008,1.7,7.25,1.57,7.89,15.94,5.49,158,91.44,14.66,11615,81.77,67.75,91.45,933,15.07,116,False,True,False,False,False,False,False,False,False,False,True,False,False,False,True,False,False,False,True,False,False
2011,1.65,7.12,0.6,7.04,18.75,3.25,84,67.79,35.95,2974,61.37,36.97,76.11,2267,28.12,1230,False,False,False,False,False,False,False,False,False,False,False,False,False,False,False,False,True,False,False,False,False
2020,1.25,6.98,3.29,6.49,11.4,3.69,162,56.94,71.63,2330,51.86,60.34,52.34,863,32.66,289,False,False,False,False,False,False,True,False,False,False,False,True,False,False,False,False,False,True,True,False,False
2014,1.91,7.16,0.56,7.11,20.41,3.31,145,73.97,27.27,4659,69.02,54.56,77.22,2465,25.77,150,False,False,False,False,True,False,False,False,False,False,True,False,False,False,False,True,False,False,False,True,False
2002,2.89,7.42,4.23,5.54,25.1,6.9,451,70.29,33.89,2649,58.23,36.62,65.53,1804,27.93,1530,False,False,False,False,False,False,False,False,False,True,False,False,False,False,True,False,False,False,False,True,False
2023,3.42,6.85,6.01,5.95,28.68,6.88,1040,76.17,33.27,5023,66.34,61.01,82.95,2108,24.43,170,False,False,False,False,True,False,False,False,False,True,False,False,False,False,True,False,False,False,False,False,True
2022,0.59,7.02,0.28,8.8,7.31,0.52,3,92.38,10.29,48996,83.63,85.82,90.52,767,15.44,47,False,False,False,False,False,False,False,False,True,False,False,False,False,False,False,False,True,False,False,False,False
2015,0.75,6.42,1.27,7.77,11.13,4.7,39,63.76,74.78,2243,29.78,54.94,41.52,985,28.83,149,False,False,False,False,False,False,True,False,False,False,False,False,False,False,False,False,True,False,False,True,False
2021,1.79,7.2,2.39,8.28,23.38,3.48,122,76.66,29.61,3019,53.73,41.38,64.0,2150,27.26,791,False,False,False,False,False,False,False,False,False,False,False,False,True,False,False,True,False,False,False,False,False
2023,1.16,7.06,1.41,8.41,13.21,0.93,122,91.43,10.23,12366,76.83,52.99,93.58,984,16.69,136,False,True,False,False,False,False,False,False,False,False,False,True,False,False,False,False,False,False,False,False,False
2011,1.31,7.3,0.15,7.6,17.62,0.77,70,94.32,18.92,9436,65.42,89.67,80.09,2700,20.42,21,True,False,False,False,False,False,False,False,False,False,False,False,True,False,False,True,False,False,True,False,False
2002,3.78,7.29,4.6,6.0,22.78,6.78,765,68.41,33.88,4184,52.46,58.49,69.82,2396,26.31,167,False,False,False,False,True,False,False,False,False,False,False,False,True,True,False,False,False,False,True,False,False
2001,1.96,6.83,2.78,6.53,19.93,7.2,204,68.04,74.28,2340,55.19,57.25,43.71,1010,27.22,216,False,False,False,False,False,False,True,False,False,False,True,False,False,False,False,False,True,False,False,False,True
2012,1.83,7.21,0.98,8.65,14.66,1.82,90,99.7,12.4,13041,68.54,61.15,91.6,887,13.63,135,False,True,False,False,False,False,False,False,False,False,False,False,True,False,False,False,False,True,False,False,False
2016,0.19,6.92,0.4,9.21,8.32,3.61,3,88.02,17.54,10316,79.26,73.57,92.22,825,19.75,58,False,False,False,False,False,True,False,False,False,True,False,False,False,False,False,False,True,False,True,False,False
2014,1.46,6.9,3.36,7.64,13.32,5.35,121,83.26,35.39,2840,51.21,42.61,73.22,943,27.41,310,False,False,False,True,False,False,False,False,False,True,False,False,False,False,False,False,False,False,True,False,False
2006,2.57,7.46,3.44,6.84,19.61,5.58,530,63.02,70.24,2598,60.66,53.39,55.75,1410,29.09,306,False,False,False,False,False,False,True,False,False,False,True,False,False,False,False,True,False,False,False,False,True
2009,1.62,6.82,1.44,7.98,14.2,3.05,302,70.7,67.04,1494,51.03,35.0,63.65,425,23.85,321,False,False,False,False,False,False,False,True,False,False,True,False,False,False,False,True,False,False,False,False,False
2013,1.02,7.31,0.15,9.6,10.48,2.19,11,94.49,13.8,10223,72.0,57.97,82.78,934,11.19,171,False,True,False,False,False,False,False,False,False,False,False,True,False,False,False,False,False,True,True,False,False
2020,1.51,7.08,3.05,8.24,18.59,3.18,274,75.8,38.74,2549,51.87,30.96,75.09,808,24.6,354,False,False,False,True,False,False,False,False,False,False,False,False,True,False,False,False,False,True,False,False,False
2022,0.81,7.09,0.66,8.11,12.82,0.63,10,93.24,17.11,10066,73.57,77.5,99.5,925,23.41,85,False,False,False,False,False,True,False,False,False,False,True,False,False,False,False,True,False,False,True,False,False
2006,3.67,6.75,4.16,6.1,26.14,7.3,999,72.58,37.76,2787,64.78,43.36,64.19,1873,27.6,1274,False,False,False,False,False,False,False,False,False,False,True,False,False,False,False,False,False,True,False,False,True
2017,2.54,7.35,2.34,6.86,16.08,6.42,444,76.82,74.7,1773,56.98,40.29,62.68,565,24.72,371,False,False,False,False,False,False,False,True,False,False,True,False,False,True,False,False,False,False,False,True,False
2014,1.48,7.59,1.23,8.35,13.33,3.29,83,90.62,7.1,52246,92.98,80.3,99.5,860,14.42,38,False,False,False,False,False,False,False,False,True,False,False,True,False,False,False,True,False,False,False,False,True
2005,3.26,7.0,4.72,5.85,23.75,7.2,765,61.68,75.64,2214,42.23,53.65,37.27,1477,27.74,181,False,False,False,False,False,False,True,False,False,False,False,False,False,False,True,False,False,False,False,False,False
2019,2.72,6.53,2.44,7.93,27.82,3.75,372,72.08,34.45,3175,61.91,45.04,71.01,1963,27.06,1114,False,False,False,False,False,False,False,False,False,False,False,True,False,False,False,False,False,False,False,True,False
2012,1.6,7.41,1.82,8.0,17.47,1.76,21,75.12,39.69,2520,51.7,34.03,59.86,1944,26.76,1615,False,False,False,False,False,False,False,False,False,False,False,True,False,False,False,False,True,False,True,False,False
2015,1.13,7.06,0.96,9.19,18.87,2.99,43,73.72,29.97,2554,68.91,36.42,79.34,1280,24.18,654,False,False,False,True,False,False,False,False,False,False,False,False,False,False,False,True,False,False,False,False,False
2003,2.79,6.98,3.99,5.98,21.54,4.85,654,84.23,18.85,7038,77.9,89.4,81.27,1832,26.25,26,True,False,False,False,False,False,False,False,False,False,True,False,False,False,False,True,False,False,False,False,True
2007,2.85,5.98,5.32,5.95,15.83,9.81,567,61.15,66.02,2358,48.65,58.38,52.15,814,27.84,352,False,False,False,False,False,False,True,False,False,False,False,True,False,False,True,False,False,False,False,False,False
2013,2.48,7.02,4.88,6.47,22.21,4.3,640,87.29,21.62,10529,67.81,95.58,86.16,1877,26.5,27,True,False,False,False,False,False,False,False,False,False,False,False,True,False,False,False,False,False,False,False,False
2006,1.9,7.01,3.07,7.37,24.02,5.31,111,79.89,38.12,2591,50.35,44.76,65.79,2718,27.98,1700,False,False,False,False,False,False,False,False,False,False,False,False,False,False,False,False,True,False,False,True,False
2020,1.53,6.88,2.52,7.65,16.23,3.49,496,69.83,66.24,1684,52.31,30.99,66.79,576,24.16,399,False,False,False,False,False,False,False,True,False,False,False,False,False,False,True,False,False,False,True,False,False
2023,3.11,6.89,4.18,7.12,19.5,5.79,932,50.73,59.01,1446,51.43,23.98,40.13,836,17.85,108,False,False,True,False,False,False,False,False,False,False,False,False,False,True,False,False,False,False,True,False,False
2004,1.62,6.72,1.71,7.36,14.3,5.16,196,64.5,78.73,2119,39.34,57.28,51.53,1126,24.94,186,False,False,False,False,False,False,True,False,False,False,True,False,False,False,False,True,False,False,False,True,False
2001,2.98,7.26,4.81,6.22,23.59,6.6,677,69.98,38.94,2785,61.46,47.2,63.33,1797,28.41,1700,False,False,False,False,False,False,False,False,False,False,False,False,True,False,True,False,False,False,False,False,False
2012,3.44,6.82,8.67,5.52,18.91,6.9,1392,93.58,19.24,9878,69.47,87.55,84.83,803,16.98,61,False,False,False,False,False,True,False,False,False,False,True,False,False,True,False,False,False,False,False,False,True
2001,0.08,6.41,0.95,9.34,3.93,2.82,10,87.39,11.06,42872,76.69,77.94,82.59,974,14.14,35,False,False,False,False,False,False,False,False,True,False,False,False,True,False,False,True,False,False,True,False,False
2009,2.1,7.01,2.9,7.1,18.66,6.45,288,95.41,19.87,9017,71.8,87.12,88.34,1938,24.66,32,True,False,False,False,False,False,False,False,False,False,True,False,False,False,False,True,False,False,False,False,True
2018,2.56,7.24,2.79,7.14,20.15,4.37,291,93.85,12.09,12857,75.32,63.84,87.31,1049,13.76,141,False,True,False,False,False,False,False,False,False,False,False,False,True,False,False,True,False,False,False,False,True
2000,2.0,7.45,1.77,8.11,10.15,4.89,236,94.76,15.3,10344,81.37,84.89,81.68,595,21.4,53,False,False,False,False,False,True,False,False,False,False,False,False,True,False,True,False,False,False,False,True,False
2023,0.97,7.72,0.62,8.23,12.86,4.78,51,95.06,13.28,51754,88.76,85.03,92.38,1281,13.72,45,False,False,False,False,False,False,False,False,True,False,False,False,True,False,False,False,False,True,False,True,False
2019,1.8,6.86,2.27,7.97,18.83,6.18,150,68.91,66.92,1865,52.12,38.8,70.29,433,25.42,369,False,False,False,False,False,False,False,True,False,False,False,False,False,False,False,False,False,True,False,False,False
2003,3.84,6.65,7.79,5.27,24.23,11.26,1234,72.13,45.29,2451,54.81,42.7,69.0,796,26.27,505,False,False,False,True,False,False,False,False,False,True,False,False,False,True,False,False,False,False,False,False,True
2018,2.13,7.75,3.99,6.52,23.42,5.7,402,83.68,28.09,4875,64.29,60.21,76.19,2332,25.81,166,False,False,False,False,True,False,False,False,False,False,False,False,False,False,False,False,False,True,False,False,True
2021,2.4,7.51,0.42,8.04,15.81,6.3,209,74.63,32.8,2709,52.61,36.16,76.05,1095,25.23,467,False,False,False,True,False,False,False,False,False,False,True,False,False,False,False,True,False,False,False,False,True
2013,1.88,7.79,2.08,6.83,15.3,3.02,195,75.42,34.9,2631,59.24,36.1,70.92,1243,28.38,361,False,False,False,True,False,False,False,False,False,False,False,False,False,False,False,True,False,False,False,True,False
2012,3.22,7.11,5.58,6.3,24.12,8.32,889,63.73,70.26,2259,48.49,56.14,51.06,1572,21.46,248,False,False,False,False,False,False,True,False,False,False,False,False,False,True,False,False,False,False,False,True,False
2020,1.88,6.64,2.17,7.85,15.79,5.69,175,51.79,58.04,1356,43.82,28.84,37.28,1154,17.3,115,False,False,True,False,False,False,False,False,False,False,False,False,False,False,False,False,False,False,False,False,False
2019,2.46,7.16,2.94,7.71,7.41,5.3,166,99.7,5.59,63101,86.54,81.21,95.02,962,16.55,50,False,False,False,False,False,False,False,False,True,False,False,False,False,False,True,False,False,False,False,False,False
2011,2.78,7.07,4.18,6.63,22.39,9.97,554,65.09,77.04,1895,38.09,59.45,52.74,1394,30.51,222,False,False,False,False,False,False,True,False,False,True,False,False,False,False,False,True,False,False,False,False,True
2006,2.82,7.19,5.73,5.55,24.72,6.31,999,81.54,36.05,4897,62.31,67.47,72.56,2367,29.16,120,False,False,False,False,True,False,False,False,False,False,False,True,False,True,False,False,False,False,False,True,False
2007,1.52,6.97,0.53,8.79,15.82,5.26,78,53.11,58.84,1332,47.64,26.12,45.22,833,19.5,117,False,False,True,False,False,False,False,False,False,False,False,False,True,False,False,True,False,False,False,False,False
2007,1.52,7.62,0.15,8.43,11.56,4.79,50,92.76,7.59,52200,93.64,77.34,88.47,894,14.26,40,False,False,False,False,False,False,False,False,True,True,False,False,False,False,False,False,False,True,False,False,False
2000,4.02,7.6,6.33,6.0,24.13,8.59,991,95.1,16.28,11974,74.05,59.96,92.76,1346,9.95,84,False,True,False,False,False,False,False,False,False,False,False,True,False,True,False,False,False,False,False,False,True
2006,2.91,6.95,6.58,5.75,15.93,5.75,833,53.36,67.21,1217,38.79,23.89,36.97,666,19.96,121,False,False,True,False,False,False,False,False,False,True,False,False,False,True,False,False,False,False,True,False,False
2011,3.88,6.34,6.28,4.74,30.14,6.37,1061,80.07,34.42,4860,63.55,59.53,81.73,2231,25.91,118,False,False,False,False,True,False,False,False,False,False,False,False,False,False,True,False,False,False,False,False,True
2009,1.1,7.23,1.32,8.33,7.8,1.71,47,72.33,67.78,1589,46.85,39.51,63.12,363,25.57,241,False,False,False,False,False,False,False,True,False,True,False,False,False,False,False,True,False,False,False,False,False
2023,2.28,7.36,3.44,6.14,25.83,3.46,561,80.69,38.05,2938,72.32,38.05,77.13,1492,24.08,528,False,False,False,True,False,False,False,False,False,False,True,False,False,True,False,False,False,False,True,False,False
2015,2.22,6.43,2.0,7.97,15.08,4.02,141,42.25,67.95,1023,32.25,16.95,39.69,689,15.62,109,False,False,True,False,False,False,False,False,False,False,True,False,False,False,False,False,False,False,False,True,False
2012,3.58,6.74,6.58,6.28,23.8,7.74,769,83.36,30.83,5309,62.52,55.79,74.45,1837,24.75,180,False,False,False,False,True,False,False,False,False,False,False,False,False,False,False,False,False,False,False,False,True
2011,2.17,7.88,3.4,7.36,19.6,3.34,252,81.89,21.21,8062,71.05,87.84,80.29,2876,25.63,20,True,False,False,False,False,False,False,False,False,True,False,False,False,False,False,False,False,False,True,False,False
2011,2.13,6.67,1.5,7.62,19.68,3.85,111,73.99,32.16,3171,58.5,42.17,64.49,1908,24.5,774,False,False,False,False,False,False,False,False,False,False,False,False,False,False,False,True,False,False,False,False,False
2015,0.45,6.6,0.71,8.1,9.16,0.05,9,96.6,6.06,12216,72.23,65.21,87.43,735,12.71,120,False,True,False,False,False,False,False,False,False,False,False,False,False,False,False,False,False,True,True,False,False
2021,0.97,6.79,1.66,7.9,11.89,3.34,109,90.34,15.71,46487,86.95,80.86,90.8,915,14.93,44,False,False,False,False,False,False,False,False,True,False,False,True,False,False,False,False,False,False,False,False,False
2008,1.74,6.6,1.74,7.0,11.87,4.28,335,69.2,64.25,1704,47.09,40.59,62.8,468,20.2,212,False,False,False,False,False,False,False,True,False,False,False,False,True,False,False,False,False,False,False,False,False
2020,3.88,6.96,5.1,6.84,21.98,9.02,1572,60.7,71.99,1125,32.07,25.39,37.48,1044,21.23,118,False,False,True,False,False,False,False,False,False,True,False,False,False,False,True,False,False,False,False,False,True
2014,0.89,6.29,1.15,9.57,12.96,1.78,3,94.93,7.06,14620,81.28,60.6,81.63,1223,11.36,186,False,True,False,False,False,False,False,False,False,False,False,False,False,False,False,True,False,False,False,True,False
2022,1.64,6.47,2.15,8.07,16.74,4.84,122,71.57,64.65,1761,52.47,45.22,67.77,370,22.64,262,False,False,False,False,False,False,False,True,False,True,False,False,False,False,True,False,False,False,False,True,False
2015,0.09,7.23,0.35,8.62,9.48,3.36,7,75.79,24.82,4733,65.35,56.35,76.94,1566,23.53,158,False,False,False,False,True,False,False,False,False,False,False,False,False,False,False,False,True,False,False,True,False
2015,1.23,7.28,1.17,7.53,11.28,6.25,111,59.06,61.49,1275,44.32,28.0,46.09,632,16.64,140,False,False,True,False,False,False,False,False,False,False,False,True,False,False,False,True,False,False,False,True,False
2014,1.54,7.45,1.61,8.57,8.94,4.31,79,52.75,63.59,1058,53.39,23.48,37.12,627,14.3,93,False,False,True,False,False,False,False,False,False,False,False,False,True,False,False,False,False,False,True,False,False
2014,2.27,7.43,3.47,6.37,18.31,4.37,307,72.75,42.24,2015,55.57,33.45,65.3,1261,27.95,615,False,False,False,True,False,False,False,False,False,False,False,True,False,False,False,True,False,False,False,False,True
2012,1.59,6.99,1.09,7.35,11.09,5.88,68,45.68,56.72,995,36.68,18.5,34.73,565,19.87,125,False,False,True,False,False,False,False,False,False,True,False,False,False,False,False,True,False,False,False,False,False
2016,1.16,7.01,0.83,8.5,8.17,0.69,10,91.55,19.85,10929,74.34,80.6,87.24,785,18.69,61,False,False,False,False,False,True,False,False,False,False,False,False,True,False,False,False,False,True,False,True,False
2006,1.39,7.38,1.21,7.59,15.45,3.67,168,69.58,67.23,1317,34.07,37.04,58.81,506,20.85,401,False,False,False,False,False,False,False,True,False,False,False,False,True,False,False,True,False,False,False,False,True
2007,2.5,7.19,5.07,5.41,16.49,6.44,681,55.93,66.43,1160,39.98,29.76,42.15,760,24.55,131,False,False,True,False,False,False,False,False,False,False,False,True,False,False,False,False,False,False,False,False,False
2007,2.95,6.79,5.17,6.09,29.79,5.85,879,76.5,39.41,2662,52.4,42.16,65.24,2339,23.03,1543,False,False,False,False,False,False,False,False,False,False,True,False,False,False,True,False,False,False,False,False,False
2005,3.53,7.19,6.3,6.33,19.87,10.02,817,51.16,65.37,1034,44.22,27.08,43.37,694,21.34,98,False,False,True,False,False,False,False,False,False,False,False,False,False,False,True,False,False,False,False,False,True
2003,2.34,6.97,2.75,7.38,14.0,4.21,399,95.3,6.13,54091,95.05,76.55,92.01,931,12.62,40,False,False,False,False,False,False,False,False,True,True,False,False,False,False,True,False,False,False,False,False,False
2014,1.24,7.0,0.17,8.54,14.57,1.98,27,62.64,75.97,2145,38.44,45.55,53.99,1018,27.42,243,False,False,False,False,False,False,True,False,False,False,False,True,False,False,False,False,True,False,False,True,False
2006,2.36,7.24,5.06,7.45,16.25,6.27,690,54.86,68.05,1217,38.37,23.5,43.4,1064,18.97,100,False,False,True,False,False,False,False,False,False,False,False,False,False,False,True,False,False,False,False,False,False
2009,3.13,6.76,5.87,6.34,23.36,7.56,1145,79.17,34.52,4704,57.12,57.86,84.89,2191,26.46,192,False,False,False,False,True,False,False,False,False,False,False,True,False,True,False,False,False,False,False,True,False
2017,1.4,6.41,1.46,8.97,11.28,1.96,18,60.1,58.99,1147,54.08,23.91,35.77,704,17.07,123,False,False,True,False,False,False,False,False,False,True,False,False,False,False,False,False,True,False,False,False,False
2000,2.02,6.77,3.26,6.31,22.77,5.35,212,66.08,36.8,2917,56.85,38.96,67.89,2218,29.62,1224,False,False,False,False,False,False,False,False,False,False,False,False,False,False,False,True,False,False,False,False,False
2017,1.45,6.83,1.96,7.86,9.74,2.74,41,96.42,14.17,12655,71.74,77.74,82.17,637,22.46,56,False,False,False,False,False,True,False,False,False,False,False,False,True,False,True,False,False,False,True,False,False
2022,1.79,7.12,1.98,8.07,17.8,3.17,122,91.79,20.51,10172,81.36,95.98,88.84,1857,22.35,26,True,False,False,False,False,False,False,False,False,False,False,True,False,False,True,False,False,False,False,True,False
2015,2.58,7.18,5.6,7.27,19.8,6.76,1331,94.86,11.92,55682,94.42,80.43,95.71,923,14.87,35,False,False,False,False,False,False,False,False,True,False,False,False,False,True,False,False,False,False,False,False,True
2014,1.35,6.9,1.73,7.96,17.41,1.26,76,82.6,33.23,2858,60.92,47.4,75.57,1201,22.31,517,False,False,False,True,False,False,False,False,False,False,False,True,False,False,False,False,False,True,True,False,False
2022,3.18,6.25,2.88,6.59,17.83,4.5,527,71.75,64.0,1924,47.35,32.79,71.1,590,27.47,250,False,False,False,False,False,False,False,True,False,True,False,False,False,True,False,False,False,False,False,False,False
2016,0.57,7.17,0.67,8.51,8.61,1.52,9,95.69,8.91,13397,81.07,68.0,97.23,842,19.36,131,False,True,False,False,False,False,False,False,False,False,False,True,False,False,False,False,False,True,False,False,False
2021,0.41,6.32,0.71,9.29,14.39,0.13,11,88.31,14.12,12695,68.38,64.47,94.89,1215,18.89,158,False,True,False,False,False,False,False,False,False,True,False,False,False,False,False,True,False,False,False,False,False
2008,3.06,7.35,5.52,6.06,17.02,9.77,448,62.31,58.15,1128,45.75,21.93,42.73,785,14.12,102,False,False,True,False,False,False,False,False,False,True,False,False,False,False,True,False,False,False,False,False,True
2004,2.56,6.94,5.56,6.99,24.89,6.46,874,71.53,37.15,2531,55.76,41.44,70.33,1199,22.96,724,False,False,False,True,False,False,False,False,False,False,False,False,False,False,True,False,False,False,False,False,False
2003,3.09,6.74,5.04,5.5,18.37,10.78,673,56.66,82.18,2225,37.45,65.3,41.43,1077,28.92,182,False,False,False,False,False,False,True,False,False,False,False,True,False,False,True,False,False,False,True,False,False
2001,2.67,6.81,3.13,7.43,22.55,6.1,313,89.62,11.73,12717,69.76,64.41,92.0,1295,13.48,143,False,True,False,False,False,False,False,False,False,True,False,False,False,True,False,False,False,False,True,False,False
2006,0.73,7.12,0.38,7.48,13.45,3.26,8,64.14,76.66,2442,50.31,54.21,49.0,933,31.44,311,False,False,False,False,False,False,True,False,False,False,False,False,False,False,False,False,True,False,False,False,False
2019,3.04,7.21,3.81,6.21,23.41,6.69,510,79.6,31.44,4784,57.5,59.05,73.53,2393,26.89,114,False,False,False,False,True,False,False,False,False,True,False,False,False,False,False,False,False,False,False,False,False
2014,1.17,5.93,1.78,7.91,11.41,3.12,178,99.09,5.95,54412,93.79,78.82,98.0,1087,11.38,35,False,False,False,False,False,False,False,False,True,False,False,False,False,False,False,False,False,False,False,False,False
2019,0.73,7.21,0.15,8.04,8.15,0.59,3,99.7,13.93,11717,75.39,86.25,92.63,903,19.89,79,False,False,False,False,False,True,False,False,False,False,True,False,False,False,False,False,True,False,False,True,False
2005,2.05,6.92,1.52,7.33,21.41,5.4,162,75.96,36.66,2787,49.91,42.67,61.24,2329,27.14,1504,False,False,False,False,False,False,False,False,False,True,False,False,False,False,False,True,False,False,True,False,False
2024,2.28,7.01,2.56,6.62,16.48,4.23,218,97.43,22.48,10075,68.67,89.34,75.14,1312,22.44,31,True,False,False,False,False,False,False,False,False,True,False,False,False,False,True,False,False,False,False,True,False
2001,3.2,6.78,6.36,4.85,22.99,6.81,1341,81.82,37.65,2586,54.19,42.37,68.71,884,28.7,512,False,False,False,True,False,False,False,False,False,False,False,False,True,True,False,False,False,False,False,False,False
2024,1.17,7.47,0.27,9.36,14.2,3.67,18,95.3,8.75,13899,76.33,71.72,90.31,1252,14.39,162,False,True,False,False,False,False,False,False,False,True,False,False,False,False,False,True,False,False,True,False,False
2014,1.66,6.89,1.75,7.65,15.15,1.94,214,92.53,16.31,12130,72.81,69.02,87.47,903,15.88,95,False,True,False,False,False,False,False,False,False,False,False,True,False,False,False,False,False,False,False,False,False
2015,1.46,6.65,2.15,6.76,17.07,5.36,231,89.38,23.63,9510,73.74,84.39,72.81,1943,24.23,28,True,False,False,False,False,False,False,False,False,False,True,False,False,False,True,False,False,False,True,False,False
2023,0.02,6.91,0.45,8.59,9.05,4.9,3,96.03,22.72,10102,70.72,89.19,87.92,2138,21.26,23,True,False,False,False,False,False,False,False,False,False,True,False,False,False,False,False,True,False,False,True,False
2007,3.77,7.48,6.43,6.29,26.36,8.71,1311,91.65,8.6,12275,81.81,63.01,89.35,1115,13.3,108,False,True,False,False,False,False,False,False,False,True,False,False,False,True,False,False,False,False,False,False,True
2024,0.46,6.92,0.7,9.57,8.99,1.65,3,94.58,13.39,12109,78.61,64.95,83.44,971,16.67,186,False,True,False,False,False,False,False,False,False,False,True,False,False,False,False,False,True,False,False,False,False
2000,2.2,7.44,2.19,6.8,23.77,7.17,281,71.13,40.39,2810,52.41,32.72,68.85,2874,26.81,756,False,False,False,False,False,False,False,False,False,False,False,True,False,False,False,False,False,True,False,True,False
2008,2.8,6.99,4.11,7.32,15.35,10.88,685,91.12,21.53,8260,68.19,91.26,74.92,1948,23.63,12,True,False,False,False,False,False,False,False,False,False,False,False,True,True,False,False,False,False,False,True,False
2017,2.51,7.3,4.54,7.0,25.54,6.23,614,72.06,41.84,2671,51.33,38.82,73.17,2037,25.15,1357,False,False,False,False,False,False,False,False,False,True,False,False,False,False,True,False,False,False,False,True,False
2007,3.27,7.54,6.24,7.48,21.25,10.19,1591,93.29,11.29,56541,78.8,83.4,99.5,910,11.74,44,False,False,False,False,False,False,False,False,True,False,False,False,False,True,False,False,False,False,False,False,True
2014,2.56,6.85,3.35,6.86,20.94,8.87,458,60.45,67.66,2452,48.09,53.26,49.94,1467,25.89,189,False,False,False,False,False,False,True,False,False,False,True,False,False,False,False,True,False,False,False,False,True
2007,1.84,6.98,1.91,7.07,12.32,4.82,254,99.7,14.28,11419,79.52,87.01,86.56,637,25.28,112,False,False,False,False,False,True,False,False,False,True,False,False,False,False,False,False,False,True,False,False,True
2005,0.88,7.37,1.05,8.54,13.81,4.8,42,89.63,20.96,8176,77.89,90.86,84.74,1556,22.43,33,True,False,False,False,False,False,False,False,False,False,False,False,False,False,False,True,False,False,False,False,False
2002,2.79,6.53,6.13,6.89,17.33,6.67,677,55.76,67.13,1157,45.22,21.79,35.88,756,19.29,179,False,False,True,False,False,False,False,False,False,False,False,True,False,True,False,False,False,False,False,True,False
2022,0.55,7.61,0.46,8.5,10.88,0.05,13,98.28,10.2,12800,76.09,71.5,91.1,825,12.47,161,False,True,False,False,False,False,False,False,False,False,True,False,False,False,False,True,False,False,True,False,False
2009,1.97,7.17,3.77,6.74,19.26,7.45,340,92.03,16.14,9543,79.48,89.77,76.94,1937,22.22,22,True,False,False,False,False,False,False,False,False,True,False,False,False,False,False,False,False,False,False,False,True
2000,2.9,6.68,3.56,6.41,20.74,7.2,574,86.89,25.4,7367,73.16,80.39,78.29,2321,27.29,23,True,False,False,False,False,False,False,False,False,False,True,False,False,False,True,False,False,False,False,True,False
2014,2.46,6.73,4.05,6.09,22.21,6.88,832,67.88,42.76,2192,57.53,32.79,71.08,930,26.81,616,False,False,False,True,False,False,False,False,False,False,False,False,True,True,False,False,False,False,False,True,False
2014,1.26,7.05,0.15,8.18,15.72,3.15,6,76.7,27.63,2775,66.02,38.08,78.55,903,26.28,608,False,False,False,True,False,False,False,False,False,False,False,True,False,False,False,False,True,False,False,True,False
2000,1.26,6.12,0.78,8.41,12.44,0.05,8,85.83,7.53,11626,78.65,61.7,91.34,1007,15.42,142,False,True,False,False,False,False,False,False,False,True,False,False,False,False,False,False,False,True,False,False,False
2002,2.04,6.7,1.43,7.96,17.92,5.34,126,73.97,32.82,2521,57.36,35.45,67.76,1028,22.82,352,False,False,False,True,False,False,False,False,False,False,True,False,False,False,False,False,False,True,True,False,False
2016,2.72,7.05,5.75,6.57,29.57,8.06,839,70.94,39.68,2713,67.32,43.37,66.6,2217,24.43,1138,False,False,False,False,False,False,False,False,False,False,False,True,False,False,True,False,False,False,True,False,False
2003,1.28,6.9,0.15,8.48,15.59,4.42,29,61.65,57.46,1373,47.34,26.52,53.0,922,20.53,162,False,False,True,False,False,False,False,False,False,False,False,False,False,False,False,True,False,False,False,False,False
2008,2.44,7.02,4.04,7.31,19.86,6.63,450,81.63,26.61,4972,63.85,56.21,74.85,2047,24.97,103,False,False,False,False,True,False,False,False,False,False,False,False,False,False,False,False,False,True,False,False,True
2017,2.35,7.3,2.72,7.0,19.05,6.34,293,60.07,68.56,2514,34.81,51.92,55.23,1162,26.68,274,False,False,False,False,False,False,True,False,False,False,True,False,False,False,False,False,True,False,False,False,True
2018,1.67,6.86,3.23,7.83,12.7,5.78,198,68.27,68.43,1620,47.27,37.02,72.69,592,25.56,466,False,False,False,False,False,False,False,True,False,True,False,False,False,True,False,False,False,False,True,False,False
2003,2.36,7.08,1.8,7.02,20.37,8.12,279,56.06,81.04,2032,40.94,58.83,46.3,1551,30.6,274,False,False,False,False,False,False,True,False,False,False,False,False,True,False,False,False,False,False,False,True,False
2009,1.54,7.41,0.52,8.17,17.19,3.75,131,48.52,68.15,1172,41.76,24.68,38.15,1058,19.44,159,False,False,True,False,False,False,False,False,False,False,False,False,False,False,False,False,False,True,False,True,False
2015,2.79,6.77,5.14,6.6,18.49,7.22,520,52.02,60.43,1146,41.05,19.42,42.65,875,22.04,122,False,False,True,False,False,False,False,False,False,False,False,False,True,False,False,False,False,False,False,False,False
2011,1.29,7.41,1.83,8.23,18.83,2.42,82,83.29,27.23,5119,66.44,59.31,76.65,1986,26.8,108,False,False,False,False,True,False,False,False,False,False,False,False,True,False,False,False,False,True,True,False,False
2013,2.15,6.6,3.88,6.92,26.18,3.29,371,76.06,37.8,3027,48.62,42.78,70.31,1964,22.92,1005,False,False,False,False,False,False,False,False,False,False,False,False,True,False,True,False,False,False,False,True,False
2001,3.16,6.2,6.64,5.67,20.07,8.67,697,92.47,19.73,10592,82.77,83.13,87.13,791,21.68,70,False,False,False,False,False,True,False,False,False,False,False,True,False,True,False,False,False,False,False,False,True
2018,1.62,7.0,1.1,6.66,16.72,5.41,133,59.63,74.02,2328,49.78,62.57,44.17,967,28.45,205,False,False,False,False,False,False,True,False,False,True,False,False,False,False,False,True,False,False,False,True,False
2001,1.54,6.9,2.2,8.31,12.21,3.23,114,88.32,17.27,10426,75.64,90.53,91.78,720,20.9,84,False,False,False,False,False,True,False,False,False,False,False,False,True,False,False,True,False,False,False,False,True
2009,2.59,6.94,4.72,6.94,31.62,6.07,702,74.88,36.76,2757,52.44,36.3,68.63,2755,25.17,1700,False,False,False,False,False,False,False,False,False,True,False,False,False,False,False,False,False,False,True,False,False
2023,3.18,6.4,4.16,6.89,16.65,8.21,611,90.64,17.37,8724,72.79,90.95,84.06,1975,25.09,24,True,False,False,False,False,False,False,False,False,True,False,False,False,True,False,False,False,False,True,False,False
2016,1.16,7.03,1.63,7.75,12.42,2.16,13,83.8,17.7,10642,76.91,91.9,83.74,1722,24.26,21,True,False,False,False,False,False,False,False,False,False,True,False,False,False,False,True,False,False,True,False,False
2000,2.13,6.25,0.92,6.99,17.17,5.23,247,51.59,61.39,1053,46.59,19.74,37.27,919,15.59,155,False,False,True,False,False,False,False,False,False,False,True,False,False,False,False,False,False,False,False,False,False
2020,0.6,6.76,0.15,8.37,7.97,1.0,3,91.53,17.72,11180,69.78,86.63,95.42,641,22.35,59,False,False,False,False,False,True,False,False,False,False,True,False,False,False,False,False,True,False,False,True,False
2009,1.95,6.76,1.68,6.69,16.43,4.11,80,92.72,15.43,8933,73.95,87.28,78.06,1528,26.44,35,True,False,False,False,False,False,False,False,False,False,False,True,False,False,False,True,False,False,False,True,False
2007,1.21,7.5,0.15,8.06,17.7,2.72,3,82.71,15.34,7894,63.63,86.45,85.61,2259,21.02,29,True,False,False,False,False,False,False,False,False,True,False,False,False,False,False,False,True,False,True,False,False
2019,1.64,6.58,2.28,7.04,15.75,4.73,77,83.31,42.45,2874,56.21,36.51,73.65,1356,26.8,303,False,False,False,True,False,False,False,False,False,False,False,False,False,False,False,False,False,True,False,True,False
2016,2.41,6.88,3.13,5.77,20.32,7.78,242,77.86,31.27,4716,56.48,65.85,76.61,2853,27.39,126,False,False,False,False,True,False,False,False,False,False,False,True,False,False,False,True,False,False,False,False,True
2022,1.03,7.07,0.15,7.93,10.8,1.59,3,92.81,15.23,10164,75.14,83.81,87.26,964,19.49,100,False,False,False,False,False,True,False,False,False,False,False,False,False,False,False,False,True,False,True,False,False
2000,2.02,7.17,3.93,6.46,14.66,6.49,243,62.27,73.64,1456,45.95,40.76,64.14,525,24.27,310,False,False,False,False,False,False,False,True,False,False,False,False,True,False,False,False,False,False,False,False,False
2007,3.14,7.12,4.74,6.66,28.8,5.18,414,75.35,37.26,2471,57.64,46.75,64.25,2561,22.49,1592,False,False,False,False,False,False,False,False,False,False,True,False,False,False,False,False,False,False,False,False,False
2023,3.75,6.76,6.39,5.61,29.88,7.66,1048,75.92,38.27,2795,57.83,39.11,69.86,2357,28.09,1063,False,False,False,False,False,False,False,False,False,False,False,True,False,True,False,False,False,False,False,True,False
2003,1.67,7.58,0.78,7.76,14.67,3.7,138,88.45,18.32,13029,70.98,69.94,87.98,764,13.35,172,False,True,False,False,False,False,False,False,False,False,True,False,False,False,False,False,False,False,False,True,False
2011,1.36,6.43,2.54,8.3,14.21,8.48,196,49.72,64.05,1091,40.48,17.25,40.26,848,15.91,107,False,False,True,False,False,False,False,False,False,False,False,False,False,False,True,False,False,False,False,True,False
2015,2.22,6.5,4.09,7.34,13.93,6.03,667,98.45,9.63,52507,99.0,82.73,93.02,1061,12.95,36,False,False,False,False,False,False,False,False,True,False,False,False,False,False,True,False,False,False,False,False,True
2020,0.6,7.31,0.15,8.69,12.61,0.84,9,97.83,6.18,54108,93.44,81.22,88.55,760,14.8,45,False,False,False,False,False,False,False,False,True,False,False,False,True,False,False,True,False,False,False,False,False
2005,2.86,7.48,6.83,5.03,23.21,8.48,683,78.46,32.19,4681,72.94,61.49,80.68,2483,27.66,229,False,False,False,False,True,False,False,False,False,False,False,True,False,False,False,False,False,False,False,False,True
2005,0.9,7.42,0.15,8.15,12.01,0.91,11,72.76,37.26,2327,61.75,38.37,75.54,852,23.1,357,False,False,False,True,False,False,False,False,False,False,False,False,False,False,False,True,False,False,False,True,False
2002,2.76,7.14,3.16,7.2,23.56,8.06,311,73.33,28.42,4495,60.89,54.57,74.69,2483,23.62,139,False,False,False,False,True,False,False,False,False,False,False,False,False,False,False,False,False,False,False,False,False
2001,2.79,6.96,3.16,6.03,26.03,8.71,751,73.84,28.14,4297,64.54,59.16,73.47,2340,23.31,122,False,False,False,False,True,False,False,False,False,False,False,True,False,False,False,False,False,False,False,False,False
2023,3.04,6.82,3.17,8.23,15.83,9.11,349,57.33,65.17,1393,41.78,25.72,47.7,594,15.05,141,False,False,True,False,False,False,False,False,False,False,True,False,False,True,False,False,False,False,True,False,False
2002,2.71,6.68,6.01,5.21,21.97,8.66,982,58.61,77.84,2300,47.66,54.62,52.9,1292,29.63,216,False,False,False,False,False,False,True,False,False,False,True,False,False,True,False,False,False,False,False,False,False
2009,1.62,6.82,1.37,7.35,13.04,5.37,143,77.97,29.35,8706,70.47,91.0,85.86,1822,27.84,26,True,False,False,False,False,False,False,False,False,False,False,True,False,False,False,False,True,False,False,False,True
2014,1.77,6.98,1.5,8.16,17.44,1.16,89,94.61,14.25,13186,74.19,66.07,99.5,829,12.69,171,False,True,False,False,False,False,False,False,False,False,False,False,False,False,False,False,False,False,True,False,False
2010,1.4,7.16,0.33,8.12,12.33,2.54,78,94.57,9.08,48427,76.78,81.05,95.41,988,13.79,35,False,False,False,False,False,False,False,False,True,False,False,False,True,False,False,False,False,True,False,False,False
2010,1.78,7.2,1.15,7.28,15.34,7.95,237,58.49,78.08,2017,49.07,55.24,47.14,1599,25.13,143,False,False,False,False,False,False,True,False,False,False,False,False,False,False,False,False,True,False,False,False,True
2014,2.68,6.76,4.89,7.31,27.59,7.72,872,66.43,36.43,3145,63.63,40.8,78.06,2631,23.64,1700,False,False,False,False,False,False,False,False,False,True,False,False,False,True,False,False,False,False,True,False,False
2002,3.26,6.81,5.7,5.93,25.64,7.08,1032,73.93,42.05,2541,53.9,43.33,83.54,998,25.96,452,False,False,False,True,False,False,False,False,False,True,False,False,False,False,True,False,False,False,False,False,True
2020,1.6,7.45,2.02,6.9,13.32,6.65,229,55.54,63.82,1272,36.37,17.15,39.23,826,15.72,216,False,False,True,False,False,False,False,False,False,False,False,False,True,False,True,False,False,False,True,False,False
2020,1.39,7.59,1.57,8.61,12.09,3.06,145,90.8,13.72,11692,75.28,63.52,86.7,819,13.56,136,False,True,False,False,False,False,False,False,False,False,False,False,False,True,False,False,False,False,True,False,False
2016,1.41,7.09,1.55,8.88,15.25,1.67,174,92.17,12.73,13929,72.19,65.09,89.87,929,14.88,139,False,True,False,False,False,False,False,False,False,False,True,False,False,False,False,False,False,False,True,False,False
2022,2.27,7.54,2.85,7.04,17.93,7.48,261,89.25,12.9,12539,77.78,64.35,84.73,1004,16.43,164,False,True,False,False,False,False,False,False,False,False,False,True,False,False,True,False,False,False,False,True,False
2009,2.88,7.05,2.7,7.2,23.68,6.2,324,88.42,12.88,12778,74.15,73.18,99.5,1231,16.7,141,False,True,False,False,False,False,False,False,False,True,False,False,False,False,False,False,False,True,False,False,True
2013,2.39,7.12,5.57,6.53,18.88,8.16,1077,56.09,74.65,2486,50.14,53.68,43.56,1180,26.49,170,False,False,False,False,False,False,True,False,False,False,True,False,False,False,True,False,False,False,False,False,False
2006,1.91,6.49,2.67,6.38,16.05,7.21,405,64.5,63.8,1137,40.86,23.43,48.24,870,20.67,164,False,False,True,False,False,False,False,False,False,False,False,True,False,False,False,False,False,False,True,False,False
2001,1.21,6.66,2.24,8.36,11.99,5.9,117,93.92,12.01,11882,80.69,65.2,89.99,896,16.74,152,False,True,False,False,False,False,False,False,False,False,False,True,False,False,True,False,False,False,False,True,False
2021,0.57,6.17,0.15,7.59,11.64,2.2,10,77.35,30.64,2814,63.42,42.95,77.34,1294,26.36,462,False,False,False,True,False,False,False,False,False,False,True,False,False,False,False,False,True,False,False,True,False
2013,2.07,7.17,0.65,6.78,18.97,3.43,142,68.88,37.07,3050,52.74,45.17,67.18,1403,26.97,1158,False,False,False,False,False,False,False,False,False,False,True,False,False,False,False,False,False,False,True,False,False
2012,1.39,7.6,2.38,8.21,11.28,3.13,151,86.29,13.58,50099,90.27,86.83,93.7,989,14.9,42,False,False,False,False,False,False,False,False,True,False,True,False,False,False,False,True,False,False,False,False,True
2010,1.88,7.52,1.52,8.75,17.99,6.43,203,76.17,32.48,4749,71.4,56.11,78.4,2612,22.19,126,False,False,False,False,True,False,False,False,False,False,True,False,False,False,False,False,False,True,True,False,False
2002,2.67,6.83,2.89,7.19,24.42,7.97,541,76.06,27.97,4717,55.6,59.88,71.46,2516,22.89,145,False,False,False,False,True,False,False,False,False,False,True,False,False,False,False,False,False,True,False,False,False
2004,2.94,6.92,5.08,5.05,21.37,7.39,585,74.98,33.03,4293,58.46,53.8,68.29,2266,28.96,169,False,False,False,False,True,False,False,False,False,False,False,False,True,False,False,True,False,False,False,False,True
2023,1.47,7.29,1.76,7.74,14.34,4.87,211,88.39,11.89,13036,76.35,72.55,97.99,853,12.82,147,False,True,False,False,False,False,False,False,False,False,False,False,False,False,True,False,False,False,True,False,False
2017,1.56,7.56,0.15,7.64,10.27,4.2,200,93.87,8.86,12942,81.47,65.42,99.5,873,16.3,130,False,True,False,False,False,False,False,False,False,True,False,False,False,False,False,True,False,False,False,False,True
2009,0.22,6.91,0.16,9.11,8.9,2.75,3,59.19,59.83,1415,37.86,28.8,47.31,770,16.3,111,False,False,True,False,False,False,False,False,False,False,False,False,True,False,False,False,True,False,True,False,False
2023,1.44,7.24,1.13,7.26,17.88,3.28,182,88.28,20.32,9820,75.27,87.48,82.25,1663,24.71,29,True,False,False,False,False,False,False,False,False,True,False,False,False,False,False,False,False,False,False,True,False
2010,2.84,6.77,4.14,6.22,22.88,4.95,598,92.76,17.15,9485,67.7,81.81,78.45,1751,24.07,38,True,False,False,False,False,False,False,False,False,False,False,False,True,True,False,False,False,False,False,False,False
2010,1.5,7.2,2.27,7.56,18.98,4.3,451,76.2,37.37,3124,58.4,42.54,71.67,1871,25.03,1559,False,False,False,False,False,False,False,False,False,False,False,False,True,False,False,False,False,True,False,True,False
2011,1.43,6.83,0.15,8.32,13.63,2.89,92,66.39,69.92,1787,48.59,38.17,66.34,468,20.68,278,False,False,False,False,False,False,False,True,False,False,False,False,True,False,False,True,False,False,False,False,False
2022,2.77,6.69,5.47,6.45,27.25,6.1,681,78.4,37.99,2747,60.94,37.3,70.93,2239,28.15,1268,False,False,False,False,False,False,False,False,False,True,False,False,False,False,False,False,False,False,True,False,False
2018,1.37,7.6,0.15,8.86,11.66,7.19,60,51.51,67.98,1149,40.01,17.07,42.33,775,15.98,136,False,False,True,False,False,False,False,False,False,True,False,False,False,False,False,True,False,False,False,True,False
2012,1.97,7.01,1.97,8.4,13.5,1.71,382,99.7,9.17,55733,84.89,83.83,98.11,1028,10.13,43,False,False,False,False,False,False,False,False,True,True,False,False,False,False,True,False,False,False,False,True,False
2018,1.99,7.3,1.67,7.1,21.57,4.5,253,68.78,35.55,2936,58.11,39.25,71.49,2847,25.94,1700,False,False,False,False,False,False,False,False,False,True,False,False,False,False,False,False,False,False,False,True,False
2014,2.5,6.73,4.24,7.48,18.41,5.92,769,91.38,16.56,10329,68.73,85.01,86.21,892,20.87,55,False,False,False,False,False,True,False,False,False,True,False,False,False,False,False,False,False,False,False,False,True
2002,1.62,7.15,2.25,7.65,11.93,3.19,122,83.27,30.39,2943,57.4,32.59,79.75,955,22.32,317,False,False,False,True,False,False,False,False,False,False,False,False,True,False,False,False,False,False,False,True,False
2006,2.63,6.91,3.17,7.25,19.9,3.76,469,70.5,34.71,4332,65.81,62.22,69.22,1829,28.83,148,False,False,False,False,True,False,False,False,False,True,False,False,False,False,False,True,False,False,True,False,False
2013,1.86,6.66,0.19,7.7,22.07,1.29,95,83.73,31.44,4849,61.88,59.24,79.05,2793,25.28,146,False,False,False,False,True,False,False,False,False,False,False,False,False,False,False,False,False,True,True,False,False
2024,0.54,7.6,0.27,8.65,13.04,0.05,25,92.43,12.83,55263,86.39,81.76,92.79,1040,13.61,56,False,False,False,False,False,False,False,False,True,False,False,True,False,False,False,False,False,True,True,False,False
2001,1.72,6.81,2.44,9.06,14.13,3.35,132,93.81,10.51,47222,84.58,85.74,91.68,726,13.74,37,False,False,False,False,False,False,False,False,True,False,False,False,False,False,False,True,False,False,False,False,True
2017,2.84,6.54,5.52,6.36,25.92,6.09,464,98.5,9.1,14191,83.57,63.1,87.48,1196,13.76,160,False,True,False,False,False,False,False,False,False,False,False,False,True,True,False,False,False,False,False,False,True
2000,3.2,6.63,4.99,6.4,29.16,5.86,1152,84.9,27.5,4570,65.36,58.17,73.75,2347,24.48,108,False,False,False,False,True,False,False,False,False,True,False,False,False,False,True,False,False,False,False,False,True
2007,2.67,6.98,5.57,5.95,20.29,6.78,709,60.76,78.45,2208,41.53,54.97,49.88,1159,28.02,171,False,False,False,False,False,False,True,False,False,True,False,False,False,False,False,False,False,False,True,False,False
2012,0.99,7.67,1.15,9.42,12.19,0.05,18,88.94,8.95,51983,99.0,76.22,93.27,936,13.89,76,False,False,False,False,False,False,False,False,True,True,False,False,False,False,False,True,False,False,False,False,False
2006,1.21,7.96,0.15,8.78,9.87,5.23,41,49.59,56.0,1222,46.09,23.97,43.21,698,18.51,87,False,False,True,False,False,False,False,False,False,False,False,True,False,False,False,True,False,False,True,False,False
2008,0.91,7.38,0.15,8.85,12.77,2.36,4,74.03,69.31,1615,52.24,45.31,66.19,353,21.59,357,False,False,False,False,False,False,False,True,False,True,False,False,False,False,False,False,True,False,False,True,False
2006,3.32,6.69,5.74,6.86,20.53,7.24,911,70.23,39.78,2582,54.16,34.33,75.83,1339,27.26,413,False,False,False,True,False,False,False,False,False,False,True,False,False,True,False,False,False,False,False,True,False
2015,2.58,6.96,4.26,7.31,18.9,5.14,620,68.68,65.95,1782,52.65,39.5,70.88,523,27.15,213,False,False,False,False,False,False,False,True,False,False,False,False,False,False,True,False,False,False,False,False,False
2013,4.34,7.05,9.19,5.62,34.48,11.91,1770,74.29,41.93,2641,57.2,38.52,60.99,2205,27.88,1179,False,False,False,False,False,False,False,False,False,False,False,False,False,False,False,False,False,False,False,False,True
2003,1.16,7.0,0.15,8.33,14.38,0.55,3,93.5,8.42,13199,75.75,72.57,96.68,1276,13.35,115,False,True,False,False,False,False,False,False,False,False,False,True,False,False,False,False,True,False,False,False,False
2012,3.29,6.56,7.99,5.72,20.38,10.29,1255,55.56,83.68,1954,43.67,51.7,42.07,925,25.73,226,False,False,False,False,False,False,True,False,False,False,True,False,False,False,True,False,False,False,False,False,True
2003,3.73,6.38,5.19,5.88,24.81,9.47,677,68.31,75.81,2020,45.19,51.62,44.19,1357,26.76,188,False,False,False,False,False,False,True,False,False,False,False,False,True,True,False,False,False,False,False,True,False
2005,0.66,7.18,0.93,9.22,14.03,1.86,34,94.33,14.24,52757,94.47,80.18,91.31,975,13.82,29,False,False,False,False,False,False,False,False,True,True,False,False,False,False,False,False,False,True,True,False,False
2002,1.17,6.04,1.21,7.79,6.9,8.16,25,57.04,57.13,1349,44.17,31.17,48.03,555,17.38,111,False,False,True,False,False,False,False,False,False,False,False,False,True,False,False,True,False,False,True,False,False
2011,1.07,6.52,0.79,7.28,10.97,2.68,82,59.46,76.04,2233,43.37,58.75,39.56,1376,28.65,179,False,False,False,False,False,False,True,False,False,False,True,False,False,False,False,False,True,False,False,False,False
2021,1.21,7.51,1.23,8.78,14.53,4.61,47,56.77,59.59,1243,50.44,24.59,33.34,662,14.57,160,False,False,True,False,False,False,False,False,False,True,False,False,False,False,False,True,False,False,True,False,False
2022,1.66,6.83,2.8,8.02,18.9,1.85,404,81.34,36.08,2782,63.09,36.67,77.52,1082,27.09,493,False,False,False,True,False,False,False,False,False,True,False,False,False,False,False,False,False,True,False,True,False
2003,3.19,7.59,6.14,6.06,20.07,7.83,641,68.46,43.22,2268,56.07,39.57,70.52,934,24.81,414,False,False,False,True,False,False,False,False,False,False,False,False,True,True,False,False,False,False,False,False,False
2022,1.76,7.45,0.88,8.27,23.36,5.24,151,72.91,39.66,2946,54.72,40.98,82.2,1907,22.7,1297,False,False,False,False,False,False,False,False,False,False,False,False,False,False,False,False,False,False,False,False,False
2009,2.48,7.17,3.39,6.95,18.82,7.65,824,53.02,63.17,1084,32.07,23.99,33.66,776,19.31,170,False,False,True,False,False,False,False,False,False,False,False,True,False,False,False,False,False,True,False,False,True
2014,0.46,7.0,0.15,7.5,19.37,5.26,3,77.62,26.53,4905,70.02,59.33,77.22,3368,23.14,114,False,False,False,False,True,False,False,False,False,False,True,False,False,False,False,False,True,False,True,False,False
2021,2.27,7.12,2.07,6.68,28.35,5.86,331,71.27,39.84,2711,57.28,39.66,64.88,2958,25.57,1156,False,False,False,False,False,False,False,False,False,False,False,False,True,False,False,True,False,False,False,False,False
2015,3.18,7.02,4.94,6.26,25.42,8.49,691,80.0,33.16,4827,64.83,64.64,84.48,2395,24.79,239,False,False,False,False,True,False,False,False,False,False,False,True,False,False,False,False,False,True,False,False,True
2015,2.58,6.84,2.74,5.79,23.31,6.19,409,83.75,32.8,3211,64.79,43.15,80.74,1023,28.19,345,False,False,False,True,False,False,False,False,False,False,False,False,False,False,False,False,False,True,False,False,True
2010,2.99,7.26,3.92,5.46,20.76,9.6,552,76.86,37.81,2554,56.99,41.23,74.4,1027,20.71,463,False,False,False,True,False,False,False,False,False,True,False,False,False,False,False,False,False,False,False,False,True
2009,3.27,7.64,6.25,6.22,22.39,6.66,895,93.0,18.89,11584,68.4,63.64,86.07,1190,11.97,125,False,True,False,False,False,False,False,False,False,False,False,False,False,True,False,False,False,False,False,False,True
2011,2.23,7.71,4.33,6.46,17.18,6.85,387,62.49,77.48,2220,49.47,52.81,45.9,853,25.01,213,False,False,False,False,False,False,True,False,False,False,False,False,True,False,False,True,False,False,False,False,True
2004,1.68,6.64,2.15,8.45,17.35,3.94,317,93.9,10.94,48818,88.81,78.47,97.45,1196,12.09,50,False,False,False,False,False,False,False,False,True,False,False,True,False,False,True,False,False,False,False,False,False
2022,1.76,7.03,1.76,7.33,14.68,5.44,392,96.65,15.63,10054,70.8,89.06,82.19,867,20.71,45,False,False,False,False,False,True,False,False,False,True,False,False,False,False,False,True,False,False,False,False,True
2009,1.09,7.55,0.28,8.04,17.37,3.48,7,70.45,37.29,2409,55.61,36.85,65.05,1906,25.89,1363,False,False,False,False,False,False,False,False,False,True,False,False,False,False,False,False,True,False,True,False,False
2017,2.4,7.68,4.89,6.92,14.93,5.43,572,95.47,20.67,10020,73.79,73.51,83.85,1017,19.1,97,False,False,False,False,False,True,False,False,False,False,False,False,True,True,False,False,False,False,False,False,False
2007,1.98,6.99,1.28,8.62,13.39,5.97,254,51.93,63.97,1148,40.38,19.18,43.55,965,20.4,146,False,False,True,False,False,False,False,False,False,False,True,False,False,False,False,False,False,True,False,False,False
2024,2.07,6.76,1.05,8.59,21.13,4.24,166,93.19,11.04,13755,80.49,74.49,89.71,1115,11.62,181,False,True,False,False,False,False,False,False,False,False,False,False,False,True,False,False,False,False,True,False,False
2015,1.79,7.16,1.52,6.72,14.83,5.35,118,67.32,63.58,1955,64.44,42.95,77.32,765,22.35,416,False,False,False,False,False,False,False,True,False,True,False,False,False,False,False,False,False,True,True,False,False
2015,0.35,7.25,0.54,7.72,11.19,1.96,3,69.19,64.79,1782,45.38,46.78,60.15,435,18.52,258,False,False,False,False,False,False,False,True,False,False,False,False,False,False,False,False,True,False,True,False,False
2002,1.26,7.99,2.33,6.77,16.92,4.94,121,81.96,64.55,1753,52.03,46.65,68.95,417,27.1,250,False,False,False,False,False,False,False,True,False,False,False,False,False,False,False,False,False,False,False,True,False
2016,2.68,7.12,2.58,6.99,18.45,4.68,485,90.42,19.75,9232,71.38,89.79,76.22,1765,26.71,23,True,False,False,False,False,False,False,False,False,False,False,False,False,False,False,False,False,False,False,False,False
2010,1.08,6.73,2.16,8.16,12.38,1.93,189,95.61,13.3,45778,93.21,79.85,88.91,893,12.09,35,False,False,False,False,False,False,False,False,True,False,False,False,False,False,False,False,False,False,False,False,False
2007,2.44,7.06,3.47,6.66,13.55,7.16,454,64.61,74.86,1559,46.52,36.38,61.46,450,26.29,304,False,False,False,False,False,False,False,True,False,False,False,False,False,True,False,False,False,False,True,False,False
2007,1.0,6.77,0.79,8.72,13.38,0.05,4,65.16,72.36,2254,49.17,57.61,56.14,1115,26.97,219,False,False,False,False,False,False,True,False,False,False,False,True,False,False,False,False,True,False,True,False,False
2017,0.32,7.09,0.15,7.97,9.42,1.6,3,91.07,16.38,10913,72.71,83.27,86.57,754,21.24,78,False,False,False,False,False,True,False,False,False,False,True,False,False,False,False,True,False,False,True,False,False
2012,3.13,7.59,3.55,6.34,14.92,8.07,523,69.13,65.05,1856,56.26,38.67,70.07,706,27.29,276,False,False,False,False,False,False,False,True,False,False,False,True,False,True,False,False,False,False,True,False,False
2001,1.02,7.07,0.6,7.35,15.36,4.93,115,54.65,73.63,1878,40.86,50.31,44.14,1186,30.19,242,False,False,False,False,False,False,True,False,False,True,False,False,False,False,False,True,False,False,True,False,False
2004,2.83,6.93,3.62,7.08,26.09,5.75,466,74.36,39.07,2598,50.47,30.72,74.44,2365,28.31,883,False,False,False,False,False,False,False,False,False,False,False,True,False,False,True,False,False,False,True,False,False
2020,1.72,7.18,0.25,7.85,18.48,3.67,39,79.3,31.6,5614,62.37,60.97,74.38,3347,26.89,83,False,False,False,False,True,False,False,False,False,False,False,False,False,False,False,True,False,False,False,True,False
2011,2.16,7.32,2.78,6.16,21.07,3.48,406,70.19,31.72,4443,59.48,54.81,78.89,1675,25.96,164,False,False,False,False,True,False,False,False,False,True,False,False,False,False,False,True,False,False,False,False,True
2002,2.39,7.26,4.37,6.86,19.86,7.38,529,67.93,40.77,2493,57.8,45.83,68.76,1486,25.48,412,False,False,False,True,False,False,False,False,False,True,False,False,False,False,True,False,False,False,False,True,False
2016,1.73,7.43,2.04,6.93,13.81,5.97,196,86.83,21.74,8584,72.39,85.65,93.26,1723,20.5,20,True,False,False,False,False,False,False,False,False,False,False,False,True,False,False,False,False,False,True,False,False
2002,0.13,6.79,1.83,7.88,7.97,0.43,59,95.2,7.85,50587,91.65,80.75,96.54,1085,12.83,36,False,False,False,False,False,False,False,False,True,False,False,False,False,False,False,False,False,False,True,False,False
2002,2.17,6.79,1.31,6.98,14.84,7.67,360,92.65,15.22,7948,63.79,87.13,78.07,1444,24.17,22,True,False,False,False,False,False,False,False,False,False,False,False,True,False,False,False,False,True,False,False,True
2003,1.7,7.38,1.75,7.64,15.34,4.84,142,89.11,12.27,52008,87.98,91.08,98.58,875,12.95,55,False,False,False,False,False,False,False,False,True,False,True,False,False,False,True,False,False,False,False,False,False
2004,2.06,6.92,2.95,6.13,15.06,2.28,394,56.05,59.74,1415,51.65,23.73,49.4,971,19.73,149,False,False,True,False,False,False,False,False,False,False,False,True,False,False,False,False,False,True,False,False,True
2017,2.06,7.39,3.1,6.76,25.24,5.3,328,74.35,33.78,3105,54.26,44.12,76.43,2044,25.48,1561,False,False,False,False,False,False,False,False,False,False,False,True,False,False,False,False,False,True,True,False,False
2003,1.9,7.32,2.62,7.55,16.4,2.98,311,92.56,23.38,7998,73.99,85.55,82.38,1618,23.06,25,True,False,False,False,False,False,False,False,False,False,True,False,False,False,False,True,False,False,False,False,True
2024,1.41,7.28,0.89,6.89,19.22,5.26,37,80.98,20.06,5028,64.32,63.83,74.5,2359,29.05,121,False,False,False,False,True,False,False,False,False,False,True,False,False,False,False,True,False,False,True,False,False
2006,3.17,7.1,7.25,6.12,17.18,7.82,1113,96.88,9.68,54085,76.51,75.39,99.47,1210,15.15,29,False,False,False,False,False,False,False,False,True,False,False,False,False,False,True,False,False,False,False,False,True
2012,0.91,7.2,0.23,8.66,14.92,2.21,36,84.44,11.88,12290,68.69,60.69,83.48,1059,13.68,164,False,True,False,False,False,False,False,False,False,False,False,False,False,False,False,True,False,False,False,False,False
2024,4.3,6.93,9.84,4.71,26.13,10.83,1721,59.38,77.67,2081,42.47,64.39,46.81,961,27.39,293,False,False,False,False,False,False,True,False,False,True,False,False,False,True,False,False,False,False,False,False,True
2013,3.65,6.25,4.89,6.6,21.33,9.58,711,72.86,44.96,2620,59.6,46.91,75.54,1306,25.56,519,False,False,False,True,False,False,False,False,False,True,False,False,False,True,False,False,False,False,True,False,False
2016,2.5,6.86,2.4,7.88,16.29,5.01,210,69.6,74.65,2293,46.38,58.27,48.95,1015,25.97,241,False,False,False,False,False,False,True,False,False,True,False,False,False,False,False,False,False,True,False,False,False
2001,1.29,6.41,0.78,8.36,13.62,3.08,36,94.41,12.16,44141,83.53,78.78,87.31,1078,15.66,50,False,False,False,False,False,False,False,False,True,False,False,False,True,False,False,False,True,False,False,False,True
2009,0.74,6.93,0.28,8.8,11.64,2.76,3,91.15,21.13,9971,74.59,82.05,82.44,1088,17.83,79,False,False,False,False,False,True,False,False,False,False,False,False,True,False,False,False,True,False,False,True,False
2016,0.98,7.32,0.44,8.28,11.03,1.76,6,96.72,11.14,57971,95.43,88.12,93.87,1270,18.3,56,False,False,False,False,False,False,False,False,True,False,False,True,False,False,False,True,False,False,True,False,False
2003,3.23,7.33,5.49,6.63,14.9,7.85,564,63.69,79.37,2259,46.88,55.49,57.59,1316,28.57,217,False,False,False,False,False,False,True,False,False,False,False,False,False,False,True,False,False,False,False,True,False
2001,1.64,7.19,1.01,8.04,9.77,5.99,107,54.76,62.93,1155,42.97,15.0,47.5,741,17.9,129,False,False,True,False,False,False,False,False,False,True,False,False,False,False,False,True,False,False,False,False,False
2023,1.12,7.38,1.24,7.5,10.73,3.51,75,95.47,19.88,12877,77.27,88.34,91.64,789,22.62,53,False,False,False,False,False,True,False,False,False,False,False,True,False,False,False,False,True,False,False,False,True
2006,1.9,6.79,1.98,7.38,11.89,2.41,169,92.73,7.31,13357,79.63,68.4,86.09,533,8.03,202,False,True,False,False,False,False,False,False,False,False,False,False,True,False,False,False,False,False,False,False,False
2007,0.38,7.15,0.29,7.3,16.29,1.56,21,70.95,37.98,2669,64.23,45.81,64.8,1841,27.28,1434,False,False,False,False,False,False,False,False,False,False,True,False,False,False,False,False,True,False,True,False,False
2020,1.12,6.75,2.2,9.77,10.36,4.49,11,94.19,10.24,12248,61.02,63.3,81.34,763,12.65,194,False,True,False,False,False,False,False,False,False,True,False,False,False,False,False,False,False,True,False,True,False
2000,0.59,8.03,0.15,8.96,9.22,0.2,3,94.7,15.84,11301,78.88,85.12,76.87,748,18.85,60,False,False,False,False,False,True,False,False,False,False,True,False,False,False,False,False,True,False,False,False,False
2011,1.53,6.57,1.66,7.42,22.3,0.43,3,79.96,29.49,4430,56.37,56.86,71.62,2545,26.55,130,False,False,False,False,True,False,False,False,False,False,True,False,False,False,False,False,True,False,False,True,False
2019,2.55,6.46,3.71,6.4,19.98,5.63,489,80.94,29.31,8467,64.59,80.0,74.07,2155,19.7,27,True,False,False,False,False,False,False,False,False,True,False,False,False,False,True,False,False,False,False,False,False
2004,2.92,6.65,4.28,7.08,29.95,7.36,478,66.5,42.15,2477,51.98,40.93,73.37,2155,24.29,1531,False,False,False,False,False,False,False,False,False,True,False,False,False,False,False,False,False,False,False,True,False
2010,2.77,6.87,1.1,6.33,22.69,5.64,314,64.49,40.3,2351,54.22,39.67,74.25,1470,23.0,353,False,False,False,True,False,False,False,False,False,False,False,True,False,True,False,False,False,False,True,False,False
2004,3.59,6.97,5.14,6.81,28.78,5.28,1159,78.11,35.2,3643,61.78,46.07,74.44,3501,29.22,126,False,False,False,False,True,False,False,False,False,False,False,False,True,False,False,False,False,False,False,False,False
2014,1.09,7.6,1.91,8.33,13.09,2.72,110,99.7,9.38,60169,84.39,86.13,95.54,1184,10.72,43,False,False,False,False,False,False,False,False,True,True,False,False,False,False,False,False,False,False,False,True,False
2011,3.35,7.28,6.09,5.95,29.17,7.34,1107,78.23,40.72,2662,49.56,49.11,68.04,2549,23.79,978,False,False,False,False,False,False,False,False,False,False,False,False,False,True,False,False,False,False,False,False,False
2004,0.15,6.81,0.66,8.83,13.49,1.89,13,97.38,11.43,11415,73.68,83.37,91.81,1024,22.4,59,False,False,False,False,False,True,False,False,False,False,False,False,False,False,False,True,False,False,False,False,False
2020,0.48,7.19,0.15,9.36,6.59,0.05,3,99.7,7.77,58738,88.76,80.52,99.5,912,11.83,29,False,False,False,False,False,False,False,False,True,False,False,False,False,False,False,False,True,False,False,False,False
2015,2.97,7.46,6.02,6.9,19.18,8.25,1012,51.12,66.01,1123,44.24,18.55,40.08,881,16.6,159,False,False,True,False,False,False,False,False,False,False,False,False,True,False,False,False,False,True,False,False,True
2019,2.19,6.99,4.89,6.42,23.0,8.19,388,58.1,81.54,2292,49.28,53.52,52.6,1505,25.01,162,False,False,False,False,False,False,True,False,False,False,False,True,False,False,False,True,False,False,False,False,True
2004,2.14,7.52,1.55,7.18,23.21,6.25,148,70.94,31.29,4120,60.23,57.85,71.8,2420,25.24,191,False,False,False,False,True,False,False,False,False,False,False,False,False,False,False,False,False,True,False,True,False
2014,2.17,6.76,2.84,6.94,19.18,4.28,260,60.46,79.66,1931,49.63,55.79,48.72,1392,27.11,213,False,False,False,False,False,False,True,False,False,False,False,True,False,False,False,False,True,False,False,False,True
2008,2.68,7.04,3.38,7.03,23.99,6.67,427,80.34,27.93,4900,70.31,59.87,88.13,2572,24.62,174,False,False,False,False,True,False,False,False,False,False,False,False,False,True,False,False,False,False,True,False,False
2024,1.24,6.67,0.91,8.18,10.1,1.19,41,65.78,66.13,1880,58.96,44.01,71.38,459,23.42,290,False,False,False,False,False,False,False,True,False,False,False,False,False,False,False,False,False,True,False,True,False
2023,2.53,6.51,4.19,6.78,23.86,4.4,377,76.04,35.58,3149,60.5,44.1,69.18,1974,25.38,949,False,False,False,False,False,False,False,False,False,False,True,False,False,False,False,False,False,False,False,True,False
2021,1.06,7.5,0.15,8.46,10.21,2.36,3,63.98,64.22,1629,49.92,43.06,70.42,506,21.1,307,False,False,False,False,False,False,False,True,False,False,False,True,False,False,False,False,True,False,True,False,False
2010,1.82,6.92,0.85,7.53,13.51,1.93,132,54.55,56.27,1297,47.85,28.45,46.25,888,13.94,149,False,False,True,False,False,False,False,False,False,True,False,False,False,True,False,False,False,False,True,False,False
2014,3.93,7.22,7.43,6.39,24.8,10.2,1783,77.95,37.47,2329,56.68,31.16,73.01,860,23.13,563,False,False,False,True,False,False,False,False,False,False,False,False,True,False,True,False,False,False,False,False,True
2015,1.27,6.83,1.99,7.0,16.02,5.28,317,92.61,23.34,10213,68.48,80.63,89.51,1563,23.56,25,True,False,False,False,False,False,False,False,False,True,False,False,False,False,False,False,False,True,False,False,True
2001,1.4,7.19,1.79,6.78,12.63,2.98,152,72.87,68.24,1549,52.34,37.01,56.71,670,24.98,408,False,False,False,False,False,False,False,True,False,True,False,False,False,False,False,False,False,True,False,False,False
2021,1.49,7.19,1.87,7.33,8.86,5.26,110,85.9,19.66,9713,74.2,87.0,92.15,687,20.27,62,False,False,False,False,False,True,False,False,False,False,False,False,True,False,True,False,False,False,False,True,False
2020,0.32,7.33,0.15,8.71,9.66,0.05,3,99.7,10.13,53255,92.09,86.55,99.5,957,14.32,25,False,False,False,False,False,False,False,False,True,True,False,False,False,False,False,False,True,False,False,False,False
2021,2.98,7.7,5.56,6.49,18.43,5.33,637,91.16,21.65,12219,76.23,85.7,98.87,728,25.26,56,False,False,False,False,False,True,False,False,False,False,False,False,True,False,False,False,False,False,False,False,True
2009,1.19,6.68,0.74,7.92,17.92,1.74,210,88.29,24.81,11628,74.39,61.85,90.92,1093,13.14,173,False,True,False,False,False,False,False,False,False,False,True,False,False,False,False,False,False,False,True,False,False
2003,3.21,7.01,2.55,6.32,23.77,4.65,572,76.88,29.27,4226,59.0,53.83,75.64,2101,27.6,144,False,False,False,False,True,False,False,False,False,True,False,False,False,False,False,True,False,False,False,False,True
2013,1.76,7.65,2.39,6.59,15.64,3.38,270,86.89,17.31,10336,71.97,78.85,83.39,662,22.98,68,False,False,False,False,False,True,False,False,False,False,True,False,False,False,False,True,False,False,False,False,True
2003,4.6,6.85,7.17,6.21,34.0,8.05,871,70.96,35.83,2708,56.84,41.26,68.66,2622,24.16,1015,False,False,False,False,False,False,False,False,False,False,True,False,False,True,False,False,False,False,False,False,False
2013,2.06,7.1,2.15,7.89,15.82,4.75,215,99.63,11.16,55002,90.6,77.41,92.76,1395,12.86,38,False,False,False,False,False,False,False,False,True,False,False,True,False,True,False,False,False,False,False,False,False
2024,0.89,5.94,1.26,8.04,8.17,2.62,3,96.46,20.01,10169,72.05,83.21,81.58,755,21.17,60,False,False,False,False,False,True,False,False,False,False,False,False,True,False,False,False,True,False,True,False,False
2010,3.86,6.5,6.39,5.96,35.15,10.11,837,76.99,30.75,4507,55.13,58.09,71.57,3238,28.51,184,False,False,False,False,True,False,False,False,False,False,False,False,False,False,True,False,False,False,False,False,False
2006,0.03,8.17,0.94,9.67,5.83,1.11,3,89.25,8.14,48318,80.97,82.93,97.5,1175,16.02,32,False,False,False,False,False,False,False,False,True,False,True,False,False,False,False,False,True,False,False,True,False
2011,2.75,6.64,3.64,6.07,24.26,3.62,503,77.98,30.08,3383,72.78,38.69,77.16,2444,27.96,1289,False,False,False,False,False,False,False,False,False,True,False,False,False,False,False,False,False,False,True,False,False
2008,2.47,6.71,3.36,6.13,15.46,8.16,770,52.71,63.38,1284,42.08,30.98,50.18,1028,18.14,130,False,False,True,False,False,False,False,False,False,False,False,True,False,False,True,False,False,False,False,True,False
2003,0.81,7.06,0.16,7.49,19.33,3.07,43,79.89,24.83,4535,53.19,55.36,74.79,2753,26.32,163,False,False,False,False,True,False,False,False,False,False,False,False,False,False,False,True,False,False,True,False,False
2015,1.92,7.34,3.11,7.16,17.55,5.45,289,64.44,66.57,1709,51.56,34.53,67.53,458,24.02,258,False,False,False,False,False,False,False,True,False,False,False,False,True,False,False,False,False,True,False,False,True
2015,2.72,7.05,3.72,6.5,19.22,10.36,611,61.74,76.94,2369,47.91,60.34,46.65,1024,27.33,261,False,False,False,False,False,False,True,False,False,False,False,False,True,False,False,True,False,False,False,False,True
2016,0.75,7.36,0.15,8.79,15.39,3.87,9,95.88,6.98,13555,71.56,67.32,93.67,1170,16.76,263,False,True,False,False,False,False,False,False,False,False,False,True,False,False,False,True,False,False,False,False,False
2021,3.14,7.78,5.77,6.47,27.9,5.35,960,80.49,24.72,9255,74.26,88.17,72.7,2494,26.84,25,True,False,False,False,False,False,False,False,False,False,False,False,True,False,True,False,False,False,False,False,True
2017,1.65,6.92,2.28,7.13,11.23,2.53,205,89.72,13.68,52977,80.86,89.26,99.5,969,13.1,39,False,False,False,False,False,False,False,False,True,False,False,False,False,False,True,False,False,False,False,False,False
2015,2.51,6.8,3.85,7.66,15.31,6.59,678,94.13,6.39,57349,89.77,73.1,97.09,1032,13.58,46,False,False,False,False,False,False,False,False,True,False,False,False,True,False,False,False,False,False,False,False,True
2017,1.57,7.17,3.05,6.76,12.45,3.76,447,87.88,21.83,10047,71.51,77.0,93.84,685,24.12,51,False,False,False,False,False,True,False,False,False,True,False,False,False,True,False,False,False,False,False,False,False
2020,1.0,7.17,0.15,8.27,15.1,0.44,45,80.06,36.43,3000,58.75,41.38,70.17,1144,26.53,513,False,False,False,True,False,False,False,False,False,False,True,False,False,False,False,True,False,False,True,False,False
2016,2.19,7.12,3.87,6.85,16.34,6.44,280,83.35,20.77,8191,72.84,89.8,78.88,1862,23.08,20,True,False,False,False,False,False,False,False,False,False,False,False,True,False,False,False,False,False,False,False,False
2023,1.42,7.55,1.7,8.43,13.12,3.05,100,92.33,12.32,12318,83.81,59.2,87.96,970,19.89,131,False,True,False,False,False,False,False,False,False,False,False,True,False,False,False,False,False,True,False,False,False
2018,1.2,7.52,0.15,8.38,19.21,1.51,3,76.44,36.33,3027,62.25,39.71,71.21,2082,28.6,1700,False,False,False,False,False,False,False,False,False,False,False,True,False,False,False,False,True,False,True,False,False
2017,2.75,6.92,3.25,6.98,32.95,5.02,387,70.82,45.89,2442,55.09,39.35,65.24,2877,26.66,1236,False,False,False,False,False,False,False,False,False,False,False,True,False,False,False,False,False,False,True,False,False
2012,2.46,6.58,4.82,5.73,21.53,8.18,522,60.44,73.81,2193,47.11,50.19,56.66,968,29.61,260,False,False,False,False,False,False,True,False,False,False,False,False,False,False,True,False,False,False,False,False,False
2017,3.35,6.67,5.23,6.37,21.93,3.91,844,92.17,22.91,8942,71.13,87.33,86.33,1410,25.07,32,True,False,False,False,False,False,False,False,False,False,False,False,False,False,False,False,False,False,False,False,True
2017,3.17,7.06,5.32,6.56,20.16,5.07,1051,85.32,22.88,10096,79.47,80.54,92.81,777,23.7,52,False,False,False,False,False,True,False,False,False,False,True,False,False,False,True,False,False,False,False,False,True
2021,2.32,6.93,2.94,5.46,17.0,9.17,374,61.08,74.59,2643,52.22,61.28,50.67,1183,28.46,295,False,False,False,False,False,False,True,False,False,False,False,False,False,False,False,False,False,False,False,False,False
2001,2.18,6.41,3.07,5.9,14.02,3.65,483,77.67,25.17,7322,70.34,82.1,76.69,1223,22.17,22,True,False,False,False,False,False,False,False,False,False,False,False,True,False,False,False,False,False,False,False,True
2012,3.69,7.23,8.38,5.21,24.62,10.19,1765,84.28,24.21,8826,71.27,86.02,77.8,1258,27.49,24,True,False,False,False,False,False,False,False,False,True,False,False,False,True,False,False,False,False,False,False,True
2017,0.97,7.36,0.15,7.96,13.12,3.78,35,74.17,62.92,1820,45.48,42.28,65.24,506,20.77,289,False,False,False,False,False,False,False,True,False,False,False,True,False,False,False,False,True,False,False,False,False
2011,0.81,7.39,1.79,6.76,15.69,4.91,103,61.41,72.62,2310,53.12,51.5,48.24,1051,27.28,207,False,False,False,False,False,False,True,False,False,False,False,True,False,False,False,True,False,False,False,False,False
2005,2.82,6.52,5.27,5.84,13.95,8.24,755,68.91,71.49,1846,58.55,43.04,59.44,456,22.77,283,False,False,False,False,False,False,False,True,False,False,False,False,False,True,False,False,False,False,False,True,False
2009,3.09,7.05,5.01,7.12,22.83,5.41,750,93.1,10.87,10689,78.77,67.75,80.32,1484,17.3,154,False,True,False,False,False,False,False,False,False,False,False,True,False,False,False,False,False,False,False,False,True
2013,1.89,6.38,1.42,7.34,16.74,4.08,140,74.71,38.63,2398,52.44,40.82,59.09,1296,25.99,558,False,False,False,True,False,False,False,False,False,True,False,False,False,False,False,False,False,True,False,False,False
2003,3.5,7.01,5.4,5.36,27.3,8.41,1012,82.3,35.36,4264,64.06,57.92,73.02,2944,24.49,185,False,False,False,False,True,False,False,False,False,True,False,False,False,False,False,False,False,True,False,False,True
2020,1.76,7.58,1.78,7.71,13.54,4.7,145,90.35,11.62,12622,76.17,69.0,81.71,1404,17.01,170,False,True,False,False,False,False,False,False,False,True,False,False,False,False,False,False,False,False,False,True,False
2003,1.06,7.48,2.1,7.44,13.25,3.86,74,80.57,41.86,2736,54.12,44.61,83.74,1163,25.84,462,False,False,False,True,False,False,False,False,False,True,False,False,False,False,False,True,False,False,False,False,False
2021,3.55,6.81,5.61,6.55,34.53,7.76,561,72.11,40.5,2812,62.08,37.26,62.98,2101,27.54,1214,False,False,False,False,False,False,False,False,False,False,False,True,False,False,False,False,False,False,False,False,False
2006,1.96,6.5,3.05,8.7,11.73,6.96,294,92.34,4.73,49876,88.19,82.31,93.66,787,8.53,44,False,False,False,False,False,False,False,False,True,False,False,False,True,False,False,False,False,False,False,False,False
2019,2.66,7.76,4.39,5.95,23.21,8.58,900,79.48,35.36,2649,48.54,38.16,68.55,1508,24.29,520,False,False,False,True,False,False,False,False,False,False,False,False,True,False,True,False,False,False,False,False,False
2016,0.23,6.72,1.13,7.77,8.23,2.53,4,72.53,65.77,1620,50.6,36.82,67.42,457,26.78,319,False,False,False,False,False,False,False,True,False,False,False,True,False,False,False,True,False,False,True,False,False
2000,2.56,6.86,4.1,8.88,19.49,5.55,348,80.69,20.06,11037,71.76,62.48,77.42,942,14.55,177,False,True,False,False,False,False,False,False,False,False,False,True,False,False,True,False,False,False,True,False,False
2010,0.54,6.9,0.15,9.15,10.41,0.05,3,67.54,62.41,1882,59.03,45.46,63.55,661,27.13,379,False,False,False,False,False,False,False,True,False,True,False,False,False,False,False,False,True,False,True,False,False
2023,1.43,7.09,1.64,7.69,16.06,1.58,72,99.7,12.29,10453,77.87,86.5,81.99,892,24.02,73,False,False,False,False,False,True,False,False,False,False,False,False,True,False,True,False,False,False,False,True,False
2008,2.39,6.98,3.36,6.88,18.73,3.88,465,92.18,12.35,52601,91.01,78.45,97.52,628,11.55,39,False,False,False,False,False,False,False,False,True,False,False,False,True,True,False,False,False,False,False,False,False
2009,2.27,6.65,2.86,7.28,16.0,5.43,270,78.68,37.11,2712,58.28,40.7,79.32,1020,25.79,504,False,False,False,True,False,False,False,False,False,False,False,False,False,False,False,False,False,False,True,False,False
2008,2.53,7.54,4.93,6.05,24.48,10.09,616,62.78,43.11,2528,56.81,33.83,58.31,1809,27.14,1312,False,False,False,False,False,False,False,False,False,False,True,False,False,False,True,False,False,False,True,False,False
2018,2.22,7.13,0.81,7.2,18.54,5.58,126,62.79,75.56,2272,44.28,50.26,48.46,895,27.79,206,False,False,False,False,False,False,True,False,False,False,False,False,False,False,False,False,False,True,False,False,False
2008,0.45,7.33,0.86,7.7,14.58,0.05,4,88.56,16.45,9326,61.96,85.26,86.56,1870,23.84,34,True,False,False,False,False,False,False,False,False,False,False,True,False,False,False,True,False,False,True,False,False
2004,2.94,6.68,6.04,7.19,21.91,6.6,515,91.14,17.13,11626,73.67,65.42,85.65,909,13.06,170,False,True,False,False,False,False,False,False,False,False,False,False,False,False,True,False,False,False,False,False,True
2013,3.39,6.68,5.09,5.52,19.19,7.47,941,74.88,38.84,2620,60.11,43.07,69.57,1365,24.25,520,False,False,False,True,False,False,False,False,False,False,False,False,False,True,False,False,False,False,False,True,False
2021,2.38,7.33,2.11,6.52,15.62,4.65,143,54.88,73.09,2458,40.71,59.92,54.66,1294,25.79,194,False,False,False,False,False,False,True,False,False,False,False,False,True,False,False,False,False,False,False,True,False
2007,2.51,6.42,4.29,7.1,24.24,8.0,483,68.42,42.85,2362,56.94,37.78,60.77,2832,26.02,1381,False,False,False,False,False,False,False,False,False,False,False,True,False,True,False,False,False,False,False,False,False
2020,1.51,6.47,0.71,8.39,21.78,2.64,65,67.21,30.41,2764,67.76,35.26,72.16,2168,24.34,1422,False,False,False,False,False,False,False,False,False,False,True,False,False,False,False,True,False,False,False,True,False
2010,0.8,6.58,0.15,9.22,5.81,1.16,3,91.38,9.37,50241,84.22,83.4,99.5,714,13.15,45,False,False,False,False,False,False,False,False,True,False,False,False,True,False,False,True,False,False,False,True,False
2020,3.69,6.57,8.92,5.65,28.43,9.26,1180,83.91,35.16,4913,61.83,57.27,76.44,2431,22.62,220,False,False,False,False,True,False,False,False,False,True,False,False,False,False,True,False,False,False,False,False,True
2007,0.38,7.22,0.15,8.96,9.29,2.72,3,91.82,13.85,11184,76.67,58.45,99.5,1125,16.2,137,False,True,False,False,False,False,False,False,False,False,False,False,True,False,False,True,False,False,False,True,False
2020,1.93,6.69,3.28,9.13,16.14,3.83,175,86.99,10.27,13365,77.32,60.25,95.73,1014,11.79,217,False,True,False,False,False,False,False,False,False,False,False,False,True,False,False,False,False,False,False,True,False
2018,3.11,7.03,4.88,6.57,24.76,6.07,473,84.29,33.58,4960,61.92,62.46,64.68,2192,22.24,167,False,False,False,False,True,False,False,False,False,False,False,False,False,True,False,False,False,False,False,True,False
2005,3.31,6.94,5.45,7.41,34.41,6.23,722,66.22,45.9,2329,54.25,34.53,64.61,2801,22.03,972,False,False,False,False,False,False,False,False,False,False,False,False,True,True,False,False,False,False,False,True,False
2009,2.64,7.05,3.69,6.3,21.24,6.52,569,72.47,69.71,1750,55.83,43.2,66.66,512,25.24,403,False,False,False,False,False,False,False,True,False,True,False,False,False,False,False,False,False,True,False,False,True
2001,3.67,6.77,8.98,6.04,20.5,7.12,897,93.98,32.02,8033,67.37,86.98,81.21,1812,25.98,22,True,False,False,False,False,False,False,False,False,True,False,False,False,False,True,False,False,False,False,False,True
2002,0.9,7.66,0.15,9.05,10.77,2.88,5,71.68,33.15,2514,62.08,34.22,81.1,1029,19.25,418,False,False,False,True,False,False,False,False,False,False,False,False,False,False,False,True,False,False,True,False,False
2014,0.55,7.19,1.25,7.76,17.98,1.74,9,62.21,71.2,2078,43.76,56.02,40.53,1168,27.48,184,False,False,False,False,False,False,True,False,False,False,False,True,False,False,False,False,True,False,True,False,False
2018,1.1,6.7,2.13,6.42,14.37,5.1,127,82.07,44.75,2828,58.12,39.73,83.39,1490,23.17,371,False,False,False,True,False,False,False,False,False,False,False,False,False,False,False,False,False,True,False,True,False
2002,2.01,7.91,3.73,7.32,17.81,6.96,176,65.46,65.22,2189,45.08,61.15,48.07,1244,29.44,265,False,False,False,False,False,False,True,False,False,True,False,False,False,False,False,True,False,False,False,False,False
2005,1.56,7.1,0.15,7.26,23.87,3.69,170,72.23,39.46,2852,58.58,43.33,60.2,2235,23.55,1419,False,False,False,False,False,False,False,False,False,False,False,False,True,False,False,True,False,False,True,False,False
2012,1.95,6.27,1.39,7.09,12.37,1.81,231,91.37,13.56,49967,87.7,82.48,88.73,574,12.18,31,False,False,False,False,False,False,False,False,True,False,False,False,True,True,False,False,False,False,False,True,False
2023,1.58,6.9,2.18,7.11,13.15,3.03,130,93.24,12.05,13917,75.88,67.08,89.64,1122,14.88,209,False,True,False,False,False,False,False,False,False,False,False,False,False,False,False,False,True,False,False,False,True
2008,2.73,8.04,4.03,7.14,16.46,5.01,288,52.44,60.96,1182,37.62,23.53,40.35,804,17.77,123,False,False,True,False,False,False,False,False,False,False,False,True,False,False,True,False,False,False,False,True,False
2018,2.49,6.34,3.85,6.13,18.53,6.81,466,57.07,79.57,2311,48.48,57.32,50.69,1257,28.21,329,False,False,False,False,False,False,True,False,False,True,False,False,False,False,True,False,False,False,True,False,False
2020,0.02,7.26,0.83,9.93,6.84,1.71,3,98.01,9.6,56637,87.33,85.86,90.2,819,12.69,32,False,False,False,False,False,False,False,False,True,True,False,False,False,False,False,True,False,False,False,True,False
2005,0.62,6.78,0.31,8.76,12.47,0.05,3,89.32,8.39,11117,79.33,63.38,86.92,1178,11.24,158,False,True,False,False,False,False,False,False,False,True,False,False,False,False,False,False,True,False,False,True,False
2016,1.9,6.66,0.25,6.73,11.9,4.97,60,71.7,70.23,1815,48.79,39.22,56.31,525,29.58,247,False,False,False,False,False,False,False,True,False,False,False,False,True,False,False,False,True,False,False,False,True
2002,1.39,7.13,1.33,8.9,15.37,1.46,37,91.43,17.03,10673,74.71,62.94,85.41,1133,12.12,199,False,True,False,False,False,False,False,False,False,False,False,False,False,False,False,True,False,False,False,True,False
2023,1.76,6.86,1.75,8.37,19.38,4.38,88,58.33,62.3,1260,49.41,21.56,42.09,888,18.05,104,False,False,True,False,False,False,False,False,False,False,False,False,False,False,False,False,True,False,False,False,True
2009,1.85,6.99,1.76,7.43,14.28,4.69,88,76.04,38.86,2510,57.92,35.91,69.05,1318,25.36,385,False,False,False,True,False,False,False,False,False,True,False,False,False,False,False,True,False,False,False,False,False
2018,0.62,7.65,0.45,7.83,14.56,0.29,3,72.48,33.18,2748,57.25,38.86,78.54,1007,23.33,504,False,False,False,True,False,False,False,False,False,False,False,True,False,False,False,False,True,False,True,False,False
2019,2.18,6.7,2.71,6.65,16.21,5.95,449,79.37,24.27,7599,60.45,83.58,73.92,1395,22.37,37,True,False,False,False,False,False,False,False,False,False,False,False,False,False,False,False,False,True,False,False,True
2006,1.61,6.8,2.07,7.92,10.09,1.82,115,99.7,8.8,53376,89.24,86.02,99.5,653,13.44,46,False,False,False,False,False,False,False,False,True,False,True,False,False,False,True,False,False,False,True,False,False
2005,3.27,7.28,3.77,6.65,15.73,8.77,810,51.51,68.77,1109,31.72,20.05,48.54,959,17.86,105,False,False,True,False,False,False,False,False,False,False,False,True,False,True,False,False,False,False,False,False,False
2015,3.08,6.67,5.4,5.71,20.83,7.34,835,63.09,72.66,1499,53.91,41.63,62.85,547,24.58,321,False,False,False,False,False,False,False,True,False,False,False,False,True,False,False,False,False,False,False,False,True
2019,0.52,7.58,0.15,9.73,6.69,2.72,3,94.7,10.83,53750,85.49,83.11,93.76,965,15.27,32,False,False,False,False,False,False,False,False,True,False,False,False,True,False,False,False,True,False,True,False,False
2022,1.31,6.71,1.41,7.07,14.13,5.34,103,95.64,17.8,11821,71.39,78.21,93.98,797,20.32,67,False,False,False,False,False,True,False,False,False,True,False,False,False,False,False,False,False,True,False,False,False
2024,2.37,7.08,3.48,6.31,19.32,7.04,417,68.85,67.81,1767,54.14,34.53,66.61,530,24.88,251,False,False,False,False,False,False,False,True,False,False,False,False,True,False,False,False,False,True,False,False,True
2010,3.37,6.79,8.89,6.1,22.33,6.96,1130,62.71,78.29,2218,54.68,55.81,58.63,1127,27.59,280,False,False,False,False,False,False,True,False,False,True,False,False,False,False,False,False,False,False,False,False,True
2015,1.57,7.61,1.79,7.05,13.28,3.3,313,94.22,14.85,10614,71.72,82.96,85.38,921,24.42,43,False,False,False,False,False,True,False,False,False,False,True,False,False,False,False,False,False,False,False,True,False
2019,2.31,6.81,3.03,6.54,22.72,2.72,356,74.29,31.55,3703,68.17,45.76,71.2,1689,22.59,1050,False,False,False,False,False,False,False,False,False,False,False,False,True,False,True,False,False,False,True,False,False
2012,1.74,6.86,1.95,8.28,16.95,4.52,246,50.02,62.3,1128,45.78,34.13,29.37,695,15.87,207,False,False,True,False,False,False,False,False,False,False,True,False,False,False,False,True,False,False,False,True,False
2012,2.45,7.44,3.71,7.52,15.56,5.39,456,92.91,21.8,9601,71.94,82.37,84.7,1066,21.2,86,False,False,False,False,False,True,False,False,False,False,False,True,False,False,True,False,False,False,False,False,False
2016,1.91,6.64,4.18,6.11,15.01,4.67,867,89.94,19.48,12185,73.46,92.74,99.5,979,20.47,33,False,False,False,False,False,True,False,False,False,False,False,False,False,False,True,False,False,False,False,False,True
2006,2.32,6.65,4.21,7.62,19.51,6.23,597,83.36,20.46,8639,60.77,84.97,75.52,1337,24.67,19,True,False,False,False,False,False,False,False,False,False,False,True,False,False,True,False,False,False,False,False,False
2013,2.69,7.05,2.5,5.03,18.4,5.53,304,65.75,83.24,2680,47.22,63.9,48.44,1419,29.19,131,False,False,False,False,False,False,True,False,False,False,False,False,True,False,False,False,False,False,False,True,False
2012,1.13,6.95,1.78,8.92,14.18,6.32,30,61.55,61.78,1234,43.74,24.04,53.13,964,19.04,116,False,False,True,False,False,False,False,False,False,False,False,False,False,False,False,True,False,False,True,False,False
2017,2.13,7.09,2.45,7.59,16.28,7.68,473,68.29,68.12,1649,55.05,33.37,60.57,487,22.64,370,False,False,False,False,False,False,False,True,False,True,False,False,False,False,True,False,False,False,False,True,False
2000,2.07,6.96,2.37,8.64,16.25,5.92,196,56.32,72.9,2220,46.1,61.21,42.42,1103,27.23,204,False,False,False,False,False,False,True,False,False,True,False,False,False,False,True,False,False,False,True,False,False
2008,0.21,7.34,0.88,8.87,14.91,0.68,9,91.24,15.5,11936,72.64,65.73,88.15,1266,13.98,207,False,True,False,False,False,False,False,False,False,False,False,False,True,False,False,True,False,False,True,False,False
2003,2.89,7.23,4.87,6.3,15.59,4.52,730,94.85,18.85,9226,69.32,79.09,81.95,618,21.09,77,False,False,False,False,False,True,False,False,False,False,False,True,False,False,True,False,False,False,False,False,True
2023,2.44,7.5,1.72,7.47,23.1,0.68,115,70.89,32.78,3166,62.54,43.58,71.09,2182,27.67,942,False,False,False,False,False,False,False,False,False,False,False,True,False,False,False,False,False,True,False,False,False
2015,2.3,7.47,3.09,7.6,18.46,6.01,446,86.3,26.8,8407,58.46,80.84,78.64,1753,24.83,35,True,False,False,False,False,False,False,False,False,False,False,False,False,False,True,False,False,False,True,False,False
2019,1.85,7.61,3.03,7.66,20.84,4.43,147,74.47,36.01,2677,63.85,41.61,67.21,1038,24.47,374,False,False,False,True,False,False,False,False,False,False,False,True,False,False,False,False,False,False,True,False,False
2019,2.79,6.87,6.37,5.85,21.45,10.39,973,62.75,73.82,2143,42.84,50.43,48.44,1237,30.27,187,False,False,False,False,False,False,True,False,False,False,False,False,True,False,False,False,False,True,False,False,True
2004,4.08,7.03,11.43,4.85,23.45,11.35,2966,54.6,81.3,2064,41.49,60.51,48.42,831,29.69,175,False,False,False,False,False,False,True,False,False,False,False,True,False,True,False,False,False,False,False,False,True
2022,3.88,7.12,10.86,5.05,25.92,7.58,1831,81.84,33.44,5372,60.52,46.92,83.18,2299,23.37,159,False,False,False,False,True,False,False,False,False,False,False,False,False,True,False,False,False,False,False,False,True
2005,2.83,7.2,3.86,6.61,19.93,7.99,504,72.46,33.68,4714,56.34,50.9,72.71,2546,24.36,129,False,False,False,False,True,False,False,False,False,False,True,False,False,False,True,False,False,False,False,False,False
2016,1.79,6.98,1.92,7.09,14.93,5.27,285,88.37,18.08,10529,66.19,76.27,92.11,695,20.58,76,False,False,False,False,False,True,False,False,False,False,False,False,False,False,True,False,False,False,False,False,False
2005,2.68,7.14,3.92,7.48,15.99,7.89,468,48.82,64.22,1138,42.26,25.78,30.71,938,14.94,131,False,False,True,False,False,False,False,False,False,False,False,False,True,False,True,False,False,False,False,False,False
2002,2.32,7.41,3.36,7.39,12.63,5.26,286,90.83,16.25,11476,81.93,65.1,86.09,881,17.36,124,False,True,False,False,False,False,False,False,False,False,False,False,False,False,False,False,False,True,False,False,True
2023,3.0,6.26,3.51,6.54,15.52,10.59,629,65.5,64.98,1419,49.63,27.92,43.99,731,20.38,138,False,False,True,False,False,False,False,False,False,False,True,False,False,True,False,False,False,False,False,True,False
2014,2.97,6.42,3.16,7.45,14.75,6.64,598,69.86,65.33,1986,53.78,36.31,75.67,759,24.93,343,False,False,False,False,False,False,False,True,False,False,False,False,True,True,False,False,False,False,False,False,False
2010,1.18,6.91,2.14,8.12,15.88,4.02,124,48.55,61.18,1181,44.89,21.52,46.89,1088,20.09,69,False,False,True,False,False,False,False,False,False,True,False,False,False,False,False,False,False,True,False,True,False
2001,1.52,7.17,1.9,7.37,11.26,1.16,101,78.35,39.03,2441,57.62,38.71,66.33,951,26.16,360,False,False,False,True,False,False,False,False,False,False,False,False,True,False,False,True,False,False,False,True,False
2017,1.71,7.55,0.42,7.78,18.52,2.71,72,75.71,36.8,2986,49.57,41.57,72.76,2254,24.22,1050,False,False,False,False,False,False,False,False,False,False,False,True,False,False,False,False,True,False,True,False,False
2009,4.0,6.57,9.28,5.52,23.75,9.47,1882,91.0,26.49,7926,60.0,90.97,73.35,1689,26.3,22,True,False,False,False,False,False,False,False,False,False,False,False,True,True,False,False,False,False,False,False,True
2007,3.4,6.95,5.42,7.03,28.28,9.77,830,72.52,34.83,4231,64.13,67.75,68.01,2498,27.54,250,False,False,False,False,True,False,False,False,False,True,False,False,False,True,False,False,False,False,False,False,False
2011,1.83,6.57,0.83,6.96,15.12,0.64,92,88.25,10.38,13710,76.91,70.01,95.43,866,11.47,185,False,True,False,False,False,False,False,False,False,True,False,False,False,False,False,False,False,True,False,False,False
2011,0.99,7.53,1.22,8.28,10.54,2.4,44,93.33,13.1,44369,89.71,83.83,92.81,1173,13.93,42,False,False,False,False,False,False,False,False,True,False,True,False,False,False,False,False,False,False,True,False,False
2000,3.7,7.11,5.14,6.55,27.32,7.28,1044,77.93,31.45,4736,68.94,54.14,71.04,2288,26.02,133,False,False,False,False,True,False,False,False,False,False,False,True,False,False,False,False,False,False,False,False,True
2016,2.08,7.13,3.91,7.22,14.22,4.96,316,86.19,6.8,45558,85.01,72.42,90.44,871,15.02,33,False,False,False,False,False,False,False,False,True,False,True,False,False,False,False,False,False,True,False,False,True
2005,1.62,7.75,1.64,7.73,15.22,4.92,180,53.05,64.22,1173,49.83,29.39,40.38,995,16.49,161,False,False,True,False,False,False,False,False,False,False,False,False,False,False,False,False,True,False,False,False,True
2005,2.47,6.34,4.16,5.76,22.45,7.01,514,71.64,32.92,3991,63.68,58.42,68.76,2190,25.1,145,False,False,False,False,True,False,False,False,False,True,False,False,False,False,False,False,False,True,False,False,True
2013,0.96,7.21,0.57,8.13,12.69,2.43,127,96.77,13.51,12353,79.63,80.39,92.07,748,19.08,51,False,False,False,False,False,True,False,False,False,False,True,False,False,False,False,False,True,False,False,False,True
2001,2.92,6.18,4.3,7.44,27.14,6.23,522,75.55,37.65,2478,55.23,43.59,62.48,1757,23.49,1127,False,False,False,False,False,False,False,False,False,False,False,True,False,True,False,False,False,False,False,True,False
2017,1.69,7.14,2.4,8.16,12.31,4.19,189,55.52,65.49,1375,44.49,25.0,39.58,703,17.27,175,False,False,True,False,False,False,False,False,False,False,True,False,False,False,False,False,False,True,True,False,False
2001,2.91,7.12,3.82,6.44,28.48,6.29,753,73.96,38.92,2774,64.41,46.04,67.6,2702,27.79,1471,False,False,False,False,False,False,False,False,False,False,True,False,False,False,False,False,False,True,False,True,False
2018,0.86,6.55,0.4,8.45,9.58,2.49,91,90.79,13.14,44624,92.07,79.29,92.19,843,11.52,40,False,False,False,False,False,False,False,False,True,False,False,True,False,False,False,False,False,False,False,True,False
2023,1.24,7.36,0.73,8.82,10.59,1.92,27,97.46,16.5,10919,76.21,83.98,83.89,592,21.0,78,False,False,False,False,False,True,False,False,False,True,False,False,False,False,False,True,False,False,False,True,False
2017,0.73,6.88,0.15,7.24,11.72,2.31,3,92.11,20.13,9078,71.36,86.63,76.79,1685,22.56,28,True,False,False,False,False,False,False,False,False,True,False,False,False,False,False,False,True,False,True,False,False
2003,1.93,7.05,2.43,7.0,16.09,2.93,510,88.54,15.63,9721,65.79,81.8,90.37,539,22.2,63,False,False,False,False,False,True,False,False,False,False,False,False,True,True,False,False,False,False,True,False,False
2015,0.87,7.49,0.96,8.61,12.81,0.05,3,85.58,17.75,10239,76.18,78.0,85.44,778,20.03,56,False,False,False,False,False,True,False,False,False,False,False,False,True,False,False,False,True,False,True,False,False
2004,1.93,7.11,2.91,6.45,19.48,6.58,218,69.63,35.2,2498,53.76,31.57,71.19,1345,20.67,414,False,False,False,True,False,False,False,False,False,False,False,False,True,False,False,False,False,True,False,True,False
2012,1.83,6.97,0.87,6.71,22.09,3.51,57,67.71,37.14,2556,60.2,44.81,65.16,1767,25.34,1303,False,False,False,False,False,False,False,False,False,False,False,False,False,False,False,False,True,False,True,False,False
2018,0.49,6.54,1.17,8.05,16.57,0.51,6,75.55,28.72,4615,55.58,64.36,72.72,1918,27.44,161,False,False,False,False,True,False,False,False,False,False,False,False,False,False,False,False,True,False,False,True,False
2024,5.06,7.21,9.98,5.43,28.94,10.11,1895,87.7,28.11,8576,72.03,83.78,84.63,2351,22.16,31,True,False,False,False,False,False,False,False,False,True,False,False,False,True,False,False,False,False,False,False,True
2010,3.95,6.96,10.52,5.22,22.87,10.38,1116,62.17,78.62,2302,46.69,58.49,50.86,864,32.12,185,False,False,False,False,False,False,True,False,False,False,False,False,False,True,False,False,False,False,False,False,True
2006,0.69,6.94,1.37,8.64,6.1,1.42,7,53.11,55.78,1235,46.84,21.25,43.46,795,17.72,162,False,False,True,False,False,False,False,False,False,False,False,True,False,False,False,False,True,False,False,True,False
2000,4.08,6.99,8.94,5.66,21.93,14.15,1344,56.07,85.04,2250,42.83,57.31,44.53,1190,28.97,220,False,False,False,False,False,False,True,False,False,False,False,False,False,True,False,False,False,False,False,False,True
2021,0.43,6.24,1.67,8.28,12.68,0.05,7,99.7,6.35,58506,94.49,78.09,96.89,717,16.49,57,False,False,False,False,False,False,False,False,True,False,False,False,True,False,False,False,False,False,True,False,False
2008,3.54,6.94,7.23,6.42,23.42,4.42,1252,99.7,8.79,14491,80.11,70.05,97.44,983,19.25,130,False,True,False,False,False,False,False,False,False,False,False,True,False,False,True,False,False,False,False,False,True
2003,0.99,7.15,1.34,8.29,10.64,1.33,26,97.81,12.28,52807,91.37,78.16,97.32,815,11.83,32,False,False,False,False,False,False,False,False,True,False,False,False,False,False,False,True,False,False,False,False,True
2003,1.86,7.24,1.96,7.29,11.14,5.38,177,49.08,61.78,1131,45.12,19.12,42.51,767,20.33,95,False,False,True,False,False,False,False,False,False,False,False,False,False,False,False,False,False,True,False,False,False
2006,0.53,6.72,0.15,9.07,12.96,3.93,14,91.82,22.14,9224,71.19,90.87,81.95,1759,23.21,36,True,False,False,False,False,False,False,False,False,False,True,False,False,False,False,True,False,False,True,False,False
2009,0.02,7.43,0.15,9.02,9.21,2.44,3,87.18,28.89,9233,70.99,85.86,85.85,683,20.09,60,False,False,False,False,False,True,False,False,False,False,False,True,False,False,False,True,False,False,True,False,False
2013,0.81,7.19,0.45,8.51,11.72,1.48,8,90.05,12.1,13145,80.33,67.99,92.63,881,14.42,126,False,True,False,False,False,False,False,False,False,True,False,False,False,False,False,False,True,False,False,False,False
2000,0.65,7.04,1.21,9.17,10.18,3.24,3,93.42,18.76,9329,70.21,96.0,81.62,1717,22.22,25,True,False,False,False,False,False,False,False,False,False,False,False,True,False,False,True,False,False,True,False,False
2020,2.14,7.3,4.07,7.14,16.78,5.05,704,68.56,68.86,1759,52.89,43.2,65.33,477,18.23,300,False,False,False,False,False,False,False,True,False,False,False,False,True,False,True,False,False,False,False,True,False
2015,1.81,6.92,2.41,9.19,14.06,3.43,328,93.72,14.09,54142,79.53,81.71,99.5,729,12.24,30,False,False,False,False,False,False,False,False,True,False,False,False,False,True,False,False,False,False,True,False,False
2013,1.76,6.82,1.1,6.62,18.38,3.03,188,91.8,19.41,10670,68.02,88.8,88.05,970,21.88,55,False,False,False,False,False,True,False,False,False,False,False,True,False,False,True,False,False,False,True,False,False
2011,1.53,7.7,1.99,8.04,19.07,2.78,166,82.29,26.98,5045,69.23,58.83,76.59,2573,27.45,245,False,False,False,False,True,False,False,False,False,False,False,True,False,False,False,False,True,False,False,True,False
2020,1.65,7.28,2.22,7.76,14.92,4.47,177,52.24,65.79,1300,37.24,23.39,44.0,767,19.25,151,False,False,True,False,False,False,False,False,False,False,False,False,False,False,False,False,False,True,False,False,False
2008,1.38,7.16,2.59,7.17,11.58,3.53,334,90.83,22.78,9555,86.04,76.76,85.86,887,21.91,63,False,False,False,False,False,True,False,False,False,True,False,False,False,False,False,False,False,False,True,False,False
2019,2.05,6.49,1.99,7.31,10.73,5.1,116,90.28,17.02,10788,73.32,79.79,85.76,708,19.6,75,False,False,False,False,False,True,False,False,False,False,False,True,False,False,False,False,False,False,False,False,False
2001,1.9,6.97,3.23,7.76,15.15,5.0,264,99.7,6.83,54686,99.0,81.84,97.78,962,14.08,62,False,False,False,False,False,False,False,False,True,False,False,False,False,True,False,False,False,False,True,False,False
2003,2.41,7.06,4.31,7.9,19.5,4.63,1443,96.99,16.18,13639,78.22,66.98,92.86,1111,13.7,131,False,True,False,False,False,False,False,False,False,False,False,True,False,False,True,False,False,False,False,False,True
2013,0.48,7.54,0.21,9.6,8.75,0.05,3,93.72,5.92,51248,92.74,85.7,97.64,799,19.21,36,False,False,False,False,False,False,False,False,True,False,False,True,False,False,False,True,False,False,True,False,False
2015,1.73,7.63,1.58,6.4,21.1,5.73,155,82.38,26.67,4666,69.46,58.99,75.82,1890,25.63,293,False,False,False,False,True,False,False,False,False,True,False,False,False,False,False,False,False,True,False,False,False
2021,2.14,7.09,3.32,5.87,16.37,8.85,654,61.4,73.99,2361,45.38,59.4,52.42,1037,25.65,215,False,False,False,False,False,False,True,False,False,False,False,False,True,False,False,False,False,False,True,False,False
2000,2.53,6.79,2.81,6.23,16.85,5.91,206,64.64,79.84,2218,48.28,51.33,47.78,1028,32.61,252,False,False,False,False,False,False,True,False,False,True,False,False,False,False,False,False,False,False,False,False,False
2001,1.0,6.64,1.61,8.3,19.16,3.17,51,73.82,37.75,2647,58.32,37.21,65.18,2009,26.65,1121,False,False,False,False,False,False,False,False,False,False,False,False,True,False,False,True,False,False,True,False,False
2023,1.95,7.9,3.23,7.73,14.89,4.75,200,99.7,9.46,57652,90.86,91.68,94.06,1207,15.04,41,False,False,False,False,False,False,False,False,True,True,False,False,False,False,True,False,False,False,False,False,False
2007,1.56,6.25,0.96,7.6,13.65,5.8,100,58.77,79.11,2200,47.76,61.98,36.7,892,26.95,178,False,False,False,False,False,False,True,False,False,False,False,False,True,False,False,False,False,True,True,False,False
2022,0.91,7.1,1.17,8.17,6.61,3.96,7,91.12,18.99,10268,75.24,88.33,83.24,1207,24.36,21,True,False,False,False,False,False,False,False,False,False,False,False,True,False,False,True,False,False,True,False,False
2018,3.2,6.75,6.54,5.7,27.9,7.28,1104,77.47,35.88,2915,62.14,38.21,70.41,3253,26.41,1240,False,False,False,False,False,False,False,False,False,False,False,True,False,True,False,False,False,False,False,True,False
2021,1.43,7.75,1.06,9.14,14.91,2.26,30,93.36,11.83,14264,80.56,69.72,89.73,1279,15.83,130,False,True,False,False,False,False,False,False,False,False,False,False,False,False,False,False,False,True,False,False,False
2022,1.51,6.73,2.19,8.53,13.86,2.81,111,87.86,9.38,53276,89.21,81.49,95.87,732,9.45,56,False,False,False,False,False,False,False,False,True,True,False,False,False,False,False,False,False,False,False,False,False
2021,0.61,7.05,0.99,8.43,13.55,3.96,3,80.59,26.15,4888,64.89,55.99,77.65,2100,23.11,188,False,False,False,False,True,False,False,False,False,False,True,False,False,False,False,False,True,False,False,True,False
2010,1.63,6.7,3.11,7.7,13.38,3.55,169,99.05,12.44,53247,75.16,85.92,95.0,709,11.86,46,False,False,False,False,False,False,False,False,True,True,False,False,False,False,False,False,False,True,False,False,True
2024,1.25,6.74,0.15,7.67,11.76,2.62,25,95.81,21.13,10793,73.35,81.7,87.04,971,21.42,65,False,False,False,False,False,True,False,False,False,False,False,True,False,False,False,False,False,True,True,False,False
2023,1.46,7.24,0.15,8.24,16.4,4.12,45,57.88,74.51,2083,47.91,54.83,51.86,1017,25.61,247,False,False,False,False,False,False,True,False,False,False,True,False,False,False,False,False,True,False,False,True,False
2016,1.09,7.34,2.49,7.74,11.53,1.75,62,99.7,11.54,53236,85.04,91.35,95.41,1125,12.17,41,False,False,False,False,False,False,False,False,True,True,False,False,False,False,False,False,False,False,True,False,False
2022,3.25,7.14,5.83,6.16,21.84,8.9,855,50.98,64.39,1289,48.12,22.31,36.89,1098,16.49,116,False,False,True,False,False,False,False,False,False,False,True,False,False,False,True,False,False,False,False,False,True
2024,0.59,7.05,0.96,8.4,7.72,0.05,3,99.7,10.4,51612,83.3,81.82,95.08,665,10.31,31,False,False,False,False,False,False,False,False,True,False,False,False,True,False,False,False,False,True,True,False,False
2001,1.86,7.22,2.35,7.28,14.07,4.45,159,95.37,17.63,11455,73.21,76.45,85.12,1067,20.73,48,False,False,False,False,False,True,False,False,False,False,False,False,False,False,False,False,False,False,False,False,False
2010,2.32,7.39,2.52,7.35,16.04,6.57,639,49.69,70.6,1066,39.35,25.95,40.09,851,16.83,128,False,False,True,False,False,False,False,False,False,False,False,False,False,False,True,False,False,False,False,False,False
2000,0.86,7.18,0.88,8.18,11.89,0.05,3,86.34,8.72,11299,65.74,63.27,91.87,1044,13.32,166,False,True,False,False,False,False,False,False,False,False,False,False,True,False,False,False,True,False,False,True,False
2010,0.34,6.79,0.15,7.47,9.1,1.58,4,71.78,63.96,1559,46.18,37.11,65.5,376,24.4,237,False,False,False,False,False,False,False,True,False,False,True,False,False,False,False,True,False,False,True,False,False
2016,2.86,7.0,5.44,6.92,22.3,7.39,548,87.74,21.21,8631,67.87,86.56,71.01,2156,25.24,32,True,False,False,False,False,False,False,False,False,False,True,False,False,True,False,False,False,False,False,True,False
2021,1.26,7.31,0.93,7.37,15.28,4.5,56,88.21,21.66,8509,74.78,88.11,67.07,2406,22.86,21,True,False,False,False,False,False,False,False,False,False,False,True,False,False,False,False,True,False,False,False,False
2021,1.22,8.51,1.24,7.71,15.47,4.47,76,66.55,74.11,2366,47.94,54.61,45.03,1148,27.48,217,False,False,False,False,False,False,True,False,False,False,False,False,True,False,False,True,False,False,True,False,False
2011,1.48,7.19,1.94,7.22,16.71,2.79,329,95.02,18.89,9022,74.4,92.1,74.02,1784,25.16,17,True,False,False,False,False,False,False,False,False,False,True,False,False,False,False,True,False,False,False,False,True
2018,0.27,6.8,1.01,6.92,12.84,2.54,4,67.97,71.44,2425,56.41,54.51,47.18,1244,30.21,231,False,False,False,False,False,False,True,False,False,False,False,False,True,False,False,False,True,False,False,True,False
2005,4.17,6.82,6.04,6.3,25.35,8.34,1111,72.39,35.98,2582,55.68,32.32,65.98,1796,27.01,1166,False,False,False,False,False,False,False,False,False,False,False,False,False,False,False,False,False,False,False,False,True
2019,3.15,6.74,5.57,6.21,28.4,7.17,607,80.28,31.0,4333,73.89,57.42,74.35,2758,26.24,122,False,False,False,False,True,False,False,False,False,False,False,False,True,True,False,False,False,False,True,False,False
2011,0.92,7.02,0.83,7.62,14.64,5.22,133,76.63,62.17,1677,60.38,40.91,67.91,455,25.99,277,False,False,False,False,False,False,False,True,False,False,False,False,True,False,False,False,False,True,False,True,False
2018,1.95,7.1,2.88,6.37,15.52,4.87,288,81.93,21.91,9283,78.95,88.92,86.44,1972,23.51,24,True,False,False,False,False,False,False,False,False,False,True,False,False,False,True,False,False,False,False,False,False
2005,1.47,6.79,0.28,8.98,13.65,1.96,26,73.1,34.57,2550,58.57,41.67,80.5,835,19.77,359,False,False,False,True,False,False,False,False,False,False,False,False,False,False,False,False,False,True,True,False,False
2002,1.65,6.7,2.09,8.34,18.15,7.42,246,90.87,10.69,11581,75.62,67.88,95.13,1149,14.42,131,False,True,False,False,False,False,False,False,False,False,False,True,False,False,True,False,False,False,False,True,False
2013,1.29,6.51,1.57,7.77,13.37,3.46,105,97.18,6.63,55582,89.28,83.83,92.46,1003,17.05,37,False,False,False,False,False,False,False,False,True,False,False,True,False,False,False,False,False,True,False,False,True
2005,4.27,6.65,10.26,4.47,33.22,9.64,1632,77.09,44.78,2483,57.04,34.99,67.54,2252,26.91,1502,False,False,False,False,False,False,False,False,False,True,False,False,False,False,True,False,False,False,False,False,True
2018,2.67,6.3,5.94,6.04,21.91,4.89,538,88.26,23.12,9307,73.18,88.38,86.49,2318,22.59,35,True,False,False,False,False,False,False,False,False,False,False,True,False,False,False,False,False,False,False,False,True
2001,1.61,6.86,3.26,6.49,11.08,2.85,161,91.36,19.47,9039,73.73,78.29,83.41,742,21.49,105,False,False,False,False,False,True,False,False,False,False,False,False,False,False,False,False,False,False,False,True,False
2023,0.72,7.45,1.65,7.21,11.52,2.49,31,86.54,21.92,8989,74.38,85.5,83.08,1568,26.28,26,True,False,False,False,False,False,False,False,False,False,True,False,False,False,False,True,False,False,False,True,False
2018,3.58,7.25,7.98,4.78,31.72,10.51,1117,66.42,45.58,2785,60.51,40.91,65.55,2199,24.72,963,False,False,False,False,False,False,False,False,False,True,False,False,False,False,True,False,False,False,False,False,True
2011,1.56,7.02,2.18,7.63,19.35,1.1,204,80.24,33.71,4874,69.51,64.94,87.42,2061,27.06,137,False,False,False,False,True,False,False,False,False,True,False,False,False,False,False,True,False,False,False,False,False
2000,1.58,6.63,1.61,7.15,17.41,5.45,214,57.2,60.37,1150,47.55,24.53,36.78,776,18.01,155,False,False,True,False,False,False,False,False,False,False,False,True,False,False,False,False,False,False,False,True,False
2023,0.99,7.05,1.82,7.95,12.75,2.3,39,99.33,5.1,50243,85.52,75.17,98.21,1253,15.64,35,False,False,False,False,False,False,False,False,True,False,False,True,False,False,False,False,False,False,True,False,False
2022,3.24,6.07,7.11,6.41,20.81,8.23,1046,99.7,25.72,11688,74.86,86.57,89.73,930,23.0,70,False,False,False,False,False,True,False,False,False,False,False,True,False,True,False,False,False,False,False,False,True
2007,0.57,7.36,0.15,8.52,9.35,3.15,3,96.05,11.86,11230,78.24,82.38,91.45,926,16.47,59,False,False,False,False,False,True,False,False,False,False,False,False,False,False,False,True,False,False,False,True,False
2010,1.66,6.94,2.83,6.82,17.44,4.57,352,93.51,19.66,10382,74.12,80.15,91.03,1632,23.68,30,True,False,False,False,False,False,False,False,False,True,False,False,False,False,True,False,False,False,False,False,False
2007,1.22,6.62,1.99,8.09,14.56,1.59,26,88.74,21.77,7750,61.54,85.31,67.54,2292,22.88,24,True,False,False,False,False,False,False,False,False,False,False,True,False,False,False,False,False,True,True,False,False
2011,1.58,6.83,1.86,6.89,10.7,5.21,233,92.7,17.65,11347,80.23,85.78,76.42,498,23.0,82,False,False,False,False,False,True,False,False,False,False,False,False,True,False,False,False,False,False,False,True,False
2012,1.98,7.43,2.86,7.2,15.62,6.08,281,74.74,63.92,2028,57.69,43.24,70.18,432,24.09,222,False,False,False,False,False,False,False,True,False,False,True,False,False,False,True,False,False,False,False,True,False
2014,2.52,6.67,1.15,7.41,25.4,3.31,390,74.7,39.33,2714,58.64,37.38,68.23,2541,27.68,1190,False,False,False,False,False,False,False,False,False,False,False,False,False,False,False,True,False,False,False,False,False
2022,3.59,7.03,4.96,6.29,21.5,6.39,709,94.04,17.95,9245,72.04,91.48,85.6,1581,22.89,30,True,False,False,False,False,False,False,False,False,False,True,False,False,True,False,False,False,False,False,True,False
2011,1.28,7.75,0.15,8.95,12.07,5.49,8,70.57,60.54,1652,47.73,36.65,71.37,469,21.23,280,False,False,False,False,False,False,False,True,False,False,True,False,False,False,False,False,True,False,False,False,False
2003,1.17,6.3,2.09,8.07,18.54,2.92,66,71.75,39.13,2711,56.25,32.49,80.62,1624,28.06,1368,False,False,False,False,False,False,False,False,False,False,False,False,False,False,False,False,False,True,False,True,False
2019,1.96,7.02,2.14,8.17,15.56,3.12,251,94.9,10.52,13779,78.16,66.23,89.85,1028,13.38,150,False,True,False,False,False,False,False,False,False,False,False,False,False,False,True,False,False,False,False,True,False
2014,1.71,7.38,1.77,8.35,15.45,3.38,61,66.72,65.8,1829,54.95,41.23,65.57,444,24.3,356,False,False,False,False,False,False,False,True,False,False,False,False,True,False,False,False,False,True,True,False,False
2015,3.74,7.45,7.69,5.72,20.82,9.94,1696,64.93,77.46,2379,38.96,50.85,51.35,1031,26.59,196,False,False,False,False,False,False,True,False,False,True,False,False,False,True,False,False,False,False,False,False,False
2000,1.27,6.87,1.17,7.27,16.41,0.33,139,89.48,17.17,10497,73.87,78.75,91.41,1050,22.19,86,False,False,False,False,False,True,False,False,False,False,False,False,False,False,False,False,False,True,False,False,False
2022,1.33,7.0,0.77,6.92,9.21,0.21,42,88.55,20.91,9699,76.15,86.04,79.72,1532,25.37,31,True,False,False,False,False,False,False,False,False,False,False,False,True,False,False,True,False,False,True,False,False
2014,0.96,6.58,0.27,8.84,10.24,1.68,3,92.64,3.98,52540,93.27,83.25,93.91,679,12.01,61,False,False,False,False,False,False,False,False,True,False,False,True,False,False,False,False,True,False,False,False,False
2011,1.3,7.09,0.84,9.2,11.63,6.03,37,59.9,76.24,2087,52.72,55.29,41.7,1042,24.98,198,False,False,False,False,False,False,True,False,False,False,True,False,False,False,False,False,True,False,False,False,False
2000,0.14,7.43,0.58,8.7,8.21,1.9,11,48.87,63.89,1058,40.1,21.86,34.16,859,19.57,147,False,False,True,False,False,False,False,False,False,False,True,False,False,False,False,False,True,False,True,False,False
2015,0.55,7.22,0.15,9.0,8.11,3.71,3,67.9,64.32,1681,50.94,39.65,67.27,472,24.66,233,False,False,False,False,False,False,False,True,False,False,False,False,False,False,False,False,True,False,False,False,False
2021,2.55,7.01,3.88,6.74,15.56,6.68,694,91.44,22.36,9160,64.7,84.69,86.35,782,17.33,60,False,False,False,False,False,True,False,False,False,False,True,False,False,False,False,False,False,False,False,False,True
2004,2.16,7.38,2.81,6.85,20.69,4.1,413,81.36,25.24,4717,68.02,52.28,75.2,2404,30.19,176,False,False,False,False,True,False,False,False,False,False,True,False,False,False,False,False,False,True,False,False,False
2008,1.66,7.15,2.87,7.21,11.85,5.53,205,96.2,11.25,47980,85.32,79.06,98.31,726,15.21,30,False,False,False,False,False,False,False,False,True,False,True,False,False,True,False,False,False,False,False,True,False
2005,1.3,6.78,2.28,7.68,8.05,1.99,173,99.7,5.28,58891,83.74,77.53,99.5,697,14.53,27,False,False,False,False,False,False,False,False,True,False,True,False,False,True,False,False,False,False,True,False,False
2023,2.78,6.86,2.96,6.05,23.0,4.79,514,74.64,39.05,3087,68.24,38.69,67.85,1948,28.92,1094,False,False,False,False,False,False,False,False,False,False,False,False,False,False,True,False,False,False,True,False,False
2005,1.07,6.68,0.93,7.39,19.31,4.1,15,72.77,37.93,2751,56.07,37.56,74.36,1828,28.61,1540,False,False,False,False,False,False,False,False,False,False,True,False,False,False,False,False,True,False,False,True,False
2004,3.84,6.83,4.67,6.3,31.36,7.65,396,75.58,37.09,2802,61.6,38.39,66.83,2282,26.97,925,False,False,False,False,False,False,False,False,False,False,True,False,False,True,False,False,False,False,True,False,False
2002,0.33,7.16,0.86,8.11,6.36,0.63,3,96.52,2.0,53732,86.4,85.65,95.97,956,13.26,47,False,False,False,False,False,False,False,False,True,False,False,False,False,False,False,False,True,False,False,True,False
2016,1.23,7.15,1.61,8.36,12.7,4.22,37,94.09,17.79,9828,69.46,96.0,87.7,1539,18.55,17,True,False,False,False,False,False,False,False,False,True,False,False,False,False,False,False,False,True,False,True,False
2017,0.9,7.37,0.6,8.61,7.89,1.4,8,91.65,10.94,11534,79.79,63.38,86.55,1046,12.31,128,False,True,False,False,False,False,False,False,False,True,False,False,False,False,False,True,False,False,True,False,False
2002,1.08,7.2,1.84,7.64,10.72,2.42,66,81.43,17.42,8427,68.33,80.81,78.78,1537,22.86,28,True,False,False,False,False,False,False,False,False,False,False,False,False,False,False,True,False,False,True,False,False
2011,1.28,6.92,1.13,6.78,19.83,1.69,44,83.75,28.72,4734,65.7,65.95,70.45,2775,27.11,133,False,False,False,False,True,False,False,False,False,False,False,False,False,False,False,True,False,False,False,False,False
2022,1.19,6.96,0.59,8.39,5.39,2.29,3,49.36,59.16,1177,41.25,25.78,31.34,737,16.09,126,False,False,True,False,False,False,False,False,False,True,False,False,False,False,False,True,False,False,True,False,False
2002,0.5,7.5,0.67,8.25,12.84,0.73,3,71.73,69.12,1375,56.74,39.2,58.35,472,23.05,290,False,False,False,False,False,False,False,True,False,False,True,False,False,False,False,False,True,False,True,False,False
2009,1.22,7.08,0.88,7.48,11.6,5.54,3,60.0,78.09,2369,40.19,55.83,39.93,939,24.01,171,False,False,False,False,False,False,True,False,False,False,False,True,False,False,False,False,True,False,True,False,False
2017,2.23,6.65,3.11,8.89,15.76,7.41,283,88.56,23.41,8326,76.8,86.41,84.01,1338,21.44,22,True,False,False,False,False,False,False,False,False,True,False,False,False,False,False,False,False,True,False,False,True
2021,3.13,6.82,6.79,6.45,16.89,7.83,958,47.79,68.68,1301,43.42,19.76,42.12,854,19.38,127,False,False,True,False,False,False,False,False,False,False,True,False,False,False,True,False,False,False,False,False,True
2006,1.71,6.89,2.52,6.85,14.7,2.97,217,97.97,4.93,55227,91.16,84.69,99.5,1061,17.17,53,False,False,False,False,False,False,False,False,True,False,False,True,False,False,True,False,False,False,False,False,False
2009,4.84,6.83,10.46,5.35,35.27,11.42,3435,77.21,41.84,2460,50.77,37.26,65.23,2488,27.8,971,False,False,False,False,False,False,False,False,False,False,False,False,False,False,True,False,False,False,False,False,True
2005,1.27,7.11,0.57,8.35,16.13,6.59,8,59.23,71.1,2682,45.3,58.62,56.51,978,26.48,209,False,False,False,False,False,False,True,False,False,False,True,False,False,False,False,False,True,False,True,False,False
2016,1.87,7.03,1.68,7.74,16.14,5.77,218,93.02,22.37,8842,64.03,90.8,81.76,1631,23.78,27,True,False,False,False,False,False,False,False,False,False,False,False,False,False,False,False,False,False,False,False,False
2011,3.03,6.81,4.19,6.21,18.58,10.09,529,62.16,82.8,2107,50.85,50.8,50.75,890,26.7,159,False,False,False,False,False,False,True,False,False,False,False,True,False,True,False,False,False,False,True,False,False
2002,2.36,7.46,4.24,7.67,17.08,4.38,384,86.99,14.7,12118,72.57,72.8,81.07,998,12.05,154,False,True,False,False,False,False,False,False,False,True,False,False,False,False,True,False,False,False,False,True,False
2003,0.22,7.33,0.58,9.4,10.79,2.04,3,91.94,5.26,11614,75.27,65.08,84.84,1162,17.16,168,False,True,False,False,False,False,False,False,False,True,False,False,False,False,False,True,False,False,True,False,False
2011,1.05,7.77,1.52,8.25,12.03,3.21,41,72.3,39.9,2711,61.62,35.5,74.89,1101,27.94,481,False,False,False,True,False,False,False,False,False,True,False,False,False,False,False,False,True,False,False,False,False
2007,2.59,7.15,2.88,7.56,17.08,5.29,442,99.7,9.2,12046,78.65,66.13,76.79,782,15.46,200,False,True,False,False,False,False,False,False,False,False,True,False,False,False,False,False,False,True,False,False,True
2018,1.62,7.47,1.12,7.75,16.39,3.91,149,94.1,20.65,8918,71.87,86.5,78.71,1584,22.65,20,True,False,False,False,False,False,False,False,False,False,False,False,True,False,True,False,False,False,False,True,False
2003,2.83,6.65,3.93,7.6,18.17,7.48,495,65.46,65.67,1732,54.4,44.25,62.03,372,23.01,236,False,False,False,False,False,False,False,True,False,False,False,False,False,False,False,True,False,False,False,False,True
2024,1.38,6.49,1.69,7.25,13.38,2.07,83,96.9,13.01,10541,69.0,77.5,85.74,927,25.32,107,False,False,False,False,False,True,False,False,False,True,False,False,False,False,False,False,False,True,True,False,False
2011,2.53,6.76,4.32,6.96,28.22,5.32,430,70.13,38.21,3156,50.41,43.18,71.53,3123,21.51,1025,False,False,False,False,False,False,False,False,False,False,False,False,True,False,False,False,False,True,False,True,False
2017,2.27,6.42,4.39,6.41,19.6,5.17,997,94.26,10.59,48353,93.01,82.17,97.83,866,13.74,41,False,False,False,False,False,False,False,False,True,False,False,False,False,False,True,False,False,False,False,False,True
2011,0.67,7.49,1.03,8.34,14.64,3.93,87,97.73,10.75,52776,89.17,78.16,94.46,1263,11.94,29,False,False,False,False,False,False,False,False,True,False,True,False,False,False,False,False,False,True,False,False,False
2009,3.15,6.66,4.2,6.05,27.54,7.49,660,74.5,29.89,4392,62.82,56.11,75.93,2758,30.58,175,False,False,False,False,True,False,False,False,False,False,True,False,False,False,False,False,False,False,False,False,False
2015,2.44,7.36,1.65,8.47,18.4,5.19,241,93.21,11.93,13195,78.29,66.94,93.11,1065,14.01,144,False,True,False,False,False,False,False,False,False,True,False,False,False,False,True,False,False,False,False,False,False
2004,3.29,6.81,4.78,6.34,22.78,7.24,704,82.89,20.36,8203,65.37,87.13,79.15,2446,22.03,24,True,False,False,False,False,False,False,False,False,False,False,True,False,True,False,False,False,False,False,True,False
2012,1.92,6.98,2.59,7.62,17.92,6.08,129,86.68,26.32,8198,61.86,80.08,76.97,2063,27.09,34,True,False,False,False,False,False,False,False,False,True,False,False,False,False,False,True,False,False,False,False,False
2015,2.3,7.28,3.75,6.51,21.57,7.3,407,83.93,32.92,3159,55.02,43.76,68.91,1162,24.27,434,False,False,False,True,False,False,False,False,False,False,False,True,False,True,False,False,False,False,False,True,False
2016,1.93,7.6,1.64,7.77,15.59,3.73,222,59.9,66.06,2933,54.62,63.92,51.38,897,26.02,189,False,False,False,False,False,False,True,False,False,True,False,False,False,False,False,False,False,False,True,False,False
2014,2.62,6.57,5.58,7.4,18.32,6.83,982,95.58,7.6,53480,83.52,91.27,93.22,1361,13.95,39,False,False,False,False,False,False,False,False,True,False,False,False,True,False,True,False,False,False,False,False,True
2009,1.51,7.63,3.06,6.76,11.26,3.71,460,98.98,16.4,10999,68.0,78.11,92.52,677,22.67,59,False,False,False,False,False,True,False,False,False,False,False,False,False,True,False,False,False,False,False,True,False
2005,1.7,7.0,2.88,8.99,17.52,2.4,183,90.41,11.92,11668,79.13,64.64,85.89,1105,15.87,158,False,True,False,False,False,False,False,False,False,False,False,True,False,True,False,False,False,False,True,False,False
2009,2.62,7.25,1.51,7.78,20.09,5.16,201,54.63,73.41,2324,54.83,54.81,52.23,1207,25.81,291,False,False,False,False,False,False,True,False,False,False,True,False,False,False,False,False,True,False,False,False,True
2020,3.52,6.7,4.08,6.86,22.05,9.41,713,55.21,58.04,1296,41.86,26.4,39.87,739,21.57,152,False,False,True,False,False,False,False,False,False,False,False,True,False,False,False,False,False,False,False,False,True
2018,1.7,7.26,1.4,7.93,14.71,4.83,153,99.7,6.88,54962,87.06,82.27,92.23,790,15.32,33,False,False,False,False,False,False,False,False,True,True,False,False,False,False,True,False,False,False,False,False,False
2003,1.05,7.87,0.68,8.02,8.02,2.83,27,47.26,58.02,1203,37.15,24.62,38.91,1036,21.71,142,False,False,True,False,False,False,False,False,False,False,False,False,True,False,False,False,True,False,False,True,False
2014,3.41,7.11,7.2,4.75,23.03,10.94,3009,62.68,81.41,2243,45.31,61.42,56.79,1008,22.49,259,False,False,False,False,False,False,True,False,False,True,False,False,False,True,False,False,False,False,False,False,True
2000,1.28,6.27,1.16,8.06,11.6,3.22,106,99.7,11.37,50096,81.86,82.43,99.5,800,12.76,37,False,False,False,False,False,False,False,False,True,False,False,False,False,False,False,True,False,False,False,False,True
2011,1.72,6.86,0.15,7.41,13.26,5.36,120,66.14,77.19,2565,41.74,55.51,43.38,1043,27.74,221,False,False,False,False,False,False,True,False,False,True,False,False,False,False,False,True,False,False,True,False,False
2014,0.7,7.21,1.62,8.25,11.36,0.05,101,90.27,14.25,10604,73.22,86.63,94.98,1041,20.05,65,False,False,False,False,False,True,False,False,False,False,True,False,False,False,False,False,True,False,False,False,True
2024,0.63,7.11,0.8,9.57,10.41,0.26,3,94.88,15.4,12079,76.49,88.72,91.42,802,21.23,81,False,False,False,False,False,True,False,False,False,False,False,True,False,False,False,False,True,False,False,False,False
2012,2.94,7.31,5.83,7.05,24.53,8.85,585,83.6,31.45,4290,59.04,60.84,77.75,2076,26.3,264,False,False,False,False,True,False,False,False,False,False,False,True,False,True,False,False,False,False,True,False,False
2001,1.98,7.45,1.67,7.19,17.37,8.16,333,71.0,70.83,1572,56.28,41.34,66.31,499,26.06,278,False,False,False,False,False,False,False,True,False,False,True,False,False,False,False,False,True,False,False,False,True
2021,2.03,6.74,2.7,7.58,20.24,6.4,264,71.58,38.27,4537,61.05,57.26,79.59,1904,25.21,175,False,False,False,False,True,False,False,False,False,False,False,True,False,False,False,False,False,True,True,False,False
2015,1.43,6.82,0.15,8.25,12.76,4.21,185,95.81,20.2,9478,73.8,87.82,85.06,714,21.31,89,False,False,False,False,False,True,False,False,False,False,True,False,False,False,True,False,False,False,False,True,False
2018,2.73,6.58,2.92,7.88,18.53,5.64,486,89.95,23.3,8882,71.63,92.28,91.62,1576,26.55,25,True,False,False,False,False,False,False,False,False,False,False,False,False,False,False,False,False,True,False,False,True
2006,2.8,7.16,4.89,7.35,18.46,6.52,305,94.07,12.82,11937,79.79,65.77,84.7,1186,15.26,183,False,True,False,False,False,False,False,False,False,False,True,False,False,False,False,False,False,True,False,False,True
2019,0.7,7.49,0.15,8.94,9.84,0.93,3,96.01,10.68,13712,79.81,69.83,88.92,684,17.49,179,False,True,False,False,False,False,False,False,False,False,True,False,False,False,False,False,True,False,False,True,False
2017,1.33,7.29,2.31,8.01,14.63,7.02,198,52.99,71.68,1062,54.78,15.0,39.61,827,17.47,141,False,False,True,False,False,False,False,False,False,False,True,False,False,False,True,False,False,False,True,False,False
2021,1.04,6.56,0.94,7.25,10.63,0.99,49,89.76,16.64,10463,64.06,83.19,90.08,793,20.34,90,False,False,False,False,False,True,False,False,False,True,False,False,False,False,False,False,False,True,False,True,False
2009,3.39,6.93,5.21,7.1,21.25,5.8,1119,88.13,22.63,5508,64.93,61.37,79.26,2274,27.73,125,False,False,False,False,True,False,False,False,False,True,False,False,False,False,False,False,False,True,False,False,True
2006,3.67,6.07,7.3,5.5,30.86,10.72,1290,73.54,40.29,2551,60.22,37.56,69.42,1996,26.14,862,False,False,False,False,False,False,False,False,False,False,True,False,False,False,True,False,False,False,False,False,True
2022,3.13,6.43,4.06,6.6,27.17,7.95,626,79.73,36.59,5432,56.6,62.27,76.84,2355,24.3,136,False,False,False,False,True,False,False,False,False,False,False,False,False,False,True,False,False,False,False,False,False
2015,3.27,7.04,6.66,5.7,21.86,8.12,827,72.71,73.14,2071,47.44,44.22,63.26,310,22.93,234,False,False,False,False,False,False,False,True,False,True,False,False,False,False,True,False,False,False,False,False,True
2021,3.11,7.15,3.33,7.53,17.16,7.81,454,49.18,65.48,1134,39.17,28.5,42.16,870,16.19,120,False,False,True,False,False,False,False,False,False,False,True,False,False,True,False,False,False,False,False,True,False
2018,2.93,6.87,4.19,7.44,18.81,7.25,906,61.88,78.4,1899,43.41,60.41,54.92,1280,26.27,188,False,False,False,False,False,False,True,False,False,False,False,True,False,True,False,False,False,False,False,False,False
2016,0.64,6.39,2.13,7.21,11.1,3.91,43,90.12,15.13,9797,77.8,82.02,90.93,811,19.45,51,False,False,False,False,False,True,False,False,False,False,True,False,False,False,False,False,False,True,False,False,False
2008,0.14,7.75,0.81,7.62,8.17,2.18,3,83.12,25.75,9072,67.25,71.79,85.12,641,19.62,81,False,False,False,False,False,True,False,False,False,False,False,False,True,False,False,True,False,False,False,True,False
2021,2.04,6.76,0.81,7.51,16.28,5.59,148,99.7,17.16,9448,73.45,81.55,83.24,2571,22.17,28,True,False,False,False,False,False,False,False,False,False,True,False,False,False,False,False,False,True,True,False,False
2014,1.62,7.19,1.51,7.26,16.43,5.94,107,58.17,78.06,2061,38.12,44.51,53.27,964,28.52,274,False,False,False,False,False,False,True,False,False,False,False,False,False,False,False,False,False,True,True,False,False
2024,0.9,6.92,1.11,7.64,13.35,2.62,99,99.7,9.65,59169,91.97,87.44,94.67,620,10.17,39,False,False,False,False,False,False,False,False,True,False,True,False,False,False,False,False,True,False,False,False,True
2016,1.78,6.65,3.72,7.75,29.59,4.19,331,75.06,34.27,4162,56.61,49.2,67.94,3158,25.12,179,False,False,False,False,True,False,False,False,False,False,False,False,True,False,False,False,True,False,False,False,True
2007,1.31,6.76,1.7,6.98,13.25,2.55,114,99.13,11.71,10948,71.46,78.98,89.01,860,24.02,68,False,False,False,False,False,True,False,False,False,True,False,False,False,False,False,False,False,False,True,False,False
2021,3.13,6.37,6.53,6.49,17.72,9.43,913,50.52,67.34,1193,38.98,24.76,32.89,817,19.36,121,False,False,True,False,False,False,False,False,False,True,False,False,False,False,True,False,False,False,False,False,True
2022,3.6,6.9,6.44,6.31,21.79,8.66,1238,62.7,75.54,2003,44.31,59.43,56.06,1374,28.6,333,False,False,False,False,False,False,True,False,False,False,False,False,False,False,False,False,False,True,False,False,True
2018,3.63,7.25,6.37,5.55,27.46,7.18,980,61.35,82.92,2257,53.2,55.4,41.79,1221,31.83,515,False,False,False,False,False,False,True,False,False,False,False,True,False,False,False,False,False,False,False,False,True
2007,2.75,7.14,5.07,7.48,32.38,5.56,963,76.01,35.23,3161,65.84,39.97,73.1,2520,28.15,1376,False,False,False,False,False,False,False,False,False,False,False,True,False,False,False,False,False,True,False,False,True
2014,1.93,7.32,2.83,6.86,22.31,7.0,418,85.16,20.87,9109,69.51,81.84,77.45,2193,27.82,28,True,False,False,False,False,False,False,False,False,False,True,False,False,False,False,False,False,False,True,False,False
2005,0.65,6.75,0.15,8.37,14.16,0.15,12,66.93,63.7,1658,54.48,40.38,60.22,503,29.01,309,False,False,False,False,False,False,False,True,False,False,False,False,True,False,False,False,True,False,True,False,False
2021,1.99,6.78,1.5,7.22,15.38,4.71,509,86.9,22.45,9368,68.08,83.65,83.22,1519,24.79,27,True,False,False,False,False,False,False,False,False,False,False,False,False,False,True,False,False,False,False,True,False
2022,2.71,7.27,6.06,6.56,16.7,3.55,649,99.7,11.97,13170,70.72,64.28,88.29,951,13.81,140,False,True,False,False,False,False,False,False,False,False,False,False,True,True,False,False,False,False,False,False,True
2023,0.81,7.39,0.15,7.81,18.24,2.32,3,80.11,22.33,4883,61.63,52.29,79.81,2092,25.02,192,False,False,False,False,True,False,False,False,False,False,False,True,False,False,False,False,True,False,False,True,False
2012,3.36,6.4,7.89,5.9,27.86,7.88,1223,53.98,82.49,2121,49.36,53.96,50.23,1203,28.95,376,False,False,False,False,False,False,True,False,False,False,True,False,False,False,False,False,False,False,False,False,True
2021,0.95,6.65,0.15,8.61,9.28,2.27,20,89.78,23.94,10707,67.35,86.14,90.02,655,18.5,53,False,False,False,False,False,True,False,False,False,False,False,True,False,False,False,False,False,True,True,False,False
2009,1.57,7.44,1.46,8.04,14.83,3.96,60,75.51,37.38,2406,45.49,34.42,67.44,984,28.23,513,False,False,False,True,False,False,False,False,False,False,False,True,False,False,False,False,True,False,False,True,False
2014,1.07,7.5,0.54,7.65,15.19,1.64,27,65.86,73.76,2409,51.69,63.37,53.21,1312,23.72,313,False,False,False,False,False,False,True,False,False,False,False,False,False,False,False,True,False,False,False,True,False
2020,1.37,6.44,0.54,8.2,11.66,5.24,81,86.23,14.04,11005,71.25,67.08,87.26,688,16.1,186,False,True,False,False,False,False,False,False,False,False,True,False,False,False,True,False,False,False,False,True,False
2019,2.66,8.14,3.07,6.99,18.38,6.89,721,71.04,68.1,1758,48.72,33.8,67.06,443,27.27,271,False,False,False,False,False,False,False,True,False,False,False,False,False,True,False,False,False,False,False,True,False
2001,0.81,7.25,1.92,9.61,6.64,1.65,5,56.34,58.26,1159,48.15,27.09,43.21,796,20.06,116,False,False,True,False,False,False,False,False,False,False,False,True,False,False,False,True,False,False,False,True,False
2008,1.02,7.49,0.96,8.15,11.45,2.28,14,94.67,10.94,53058,86.02,88.31,89.69,980,13.5,39,False,False,False,False,False,False,False,False,True,False,False,True,False,False,False,False,True,False,False,False,False
2022,0.89,7.37,1.2,7.15,13.04,4.2,83,94.3,21.4,8663,61.29,90.79,90.33,1719,23.69,26,True,False,False,False,False,False,False,False,False,False,False,False,False,False,False,False,False,True,False,True,False
2013,1.33,6.98,2.53,7.82,20.43,3.67,123,90.16,17.64,10179,74.37,93.23,88.15,1976,24.06,28,True,False,False,False,False,False,False,False,False,False,False,False,True,False,False,False,False,True,False,False,False
2023,1.27,7.52,0.28,8.09,13.45,5.54,89,71.42,66.03,1866,47.89,40.94,68.26,466,25.1,210,False,False,False,False,False,False,False,True,False,False,False,True,False,False,False,True,False,False,False,True,False
2001,2.82,7.86,5.71,6.54,20.86,7.31,648,68.17,69.96,1589,53.58,37.25,62.74,439,25.76,265,False,False,False,False,False,False,False,True,False,False,False,False,False,False,True,False,False,False,False,False,False
2002,2.7,6.9,3.16,6.39,17.64,7.64,402,68.06,72.94,2185,45.4,58.35,53.35,1137,28.71,214,False,False,False,False,False,False,True,False,False,False,False,False,False,False,False,False,True,False,False,False,True
2020,2.75,6.9,5.43,7.26,17.41,7.99,458,62.07,59.35,1301,55.49,23.91,43.47,885,17.89,197,False,False,True,False,False,False,False,False,False,False,True,False,False,False,False,False,False,True,False,False,True
2010,1.62,6.93,0.15,7.38,18.38,2.94,79,88.84,19.81,9937,71.28,77.61,79.45,778,23.63,64,False,False,False,False,False,True,False,False,False,False,False,True,False,False,False,False,False,False,True,False,False
2008,2.75,6.97,1.9,6.45,19.77,8.62,556,66.93,72.51,1671,54.95,33.32,63.29,422,27.21,275,False,False,False,False,False,False,False,True,False,False,False,False,True,False,True,False,False,False,False,False,False
2009,1.86,7.43,0.84,7.61,19.77,4.56,66,79.67,30.17,2628,56.94,40.16,76.69,951,22.09,423,False,False,False,True,False,False,False,False,False,True,False,False,False,False,False,False,False,True,True,False,False
2014,0.55,6.68,0.66,9.01,7.33,0.12,9,90.15,7.55,10977,71.48,80.3,97.17,429,14.53,52,False,False,False,False,False,True,False,False,False,False,False,False,True,False,False,False,False,True,True,False,False
2002,1.01,6.88,1.48,8.5,14.49,0.46,54,82.2,34.18,2872,56.24,38.28,84.22,1336,25.4,494,False,False,False,True,False,False,False,False,False,False,False,False,False,False,False,True,False,False,True,False,False
2016,2.7,7.01,3.32,6.56,15.09,8.95,756,75.49,68.6,1794,48.19,41.57,68.12,712,27.38,362,False,False,False,False,False,False,False,True,False,False,False,False,False,False,False,True,False,False,False,False,True
2018,0.76,7.41,0.41,9.13,14.9,4.37,10,94.18,9.07,11827,85.36,73.72,83.54,1269,11.85,222,False,True,False,False,False,False,False,False,False,False,False,False,False,False,False,False,False,True,True,False,False
2006,2.71,7.38,2.79,6.97,19.64,8.12,315,80.21,37.59,2359,62.91,37.21,73.27,1199,24.11,402,False,False,False,True,False,False,False,False,False,False,False,False,False,False,True,False,False,False,True,False,False
2013,1.98,6.64,2.64,6.98,19.19,6.96,223,63.44,77.51,2327,37.63,57.75,42.1,1049,26.21,234,False,False,False,False,False,False,True,False,False,False,True,False,False,False,False,False,False,True,False,False,False
2019,0.53,6.14,0.15,9.19,10.29,2.06,3,99.7,8.69,50262,80.77,80.26,89.98,1135,12.95,33,False,False,False,False,False,False,False,False,True,True,False,False,False,False,False,False,True,False,False,False,False
2017,1.47,7.81,1.07,8.87,12.0,2.71,34,91.18,19.01,10782,66.54,58.49,89.68,842,14.83,189,False,True,False,False,False,False,False,False,False,False,False,False,False,False,False,False,False,True,False,False,False
2011,2.31,6.97,5.02,7.19,18.81,5.98,379,89.13,21.11,8378,72.21,88.95,79.04,2116,25.07,19,True,False,False,False,False,False,False,False,False,True,False,False,False,False,False,False,False,False,False,False,False
2022,2.04,7.48,3.63,7.36,20.99,5.59,232,83.95,32.91,3387,60.03,43.51,68.37,1965,24.75,1684,False,False,False,False,False,False,False,False,False,False,True,False,False,False,False,False,False,True,True,False,False
2016,2.28,7.12,3.44,6.15,17.75,3.82,415,88.22,23.05,10198,73.34,89.63,79.4,1915,24.62,23,True,False,False,False,False,False,False,False,False,False,False,True,False,False,True,False,False,False,False,True,False
2020,3.37,6.91,5.08,6.44,27.36,5.72,959,75.66,33.89,5178,59.92,65.05,82.39,2871,30.8,120,False,False,False,False,True,False,False,False,False,False,False,False,True,False,False,False,True,False,False,False,True
2018,3.33,7.11,7.4,4.86,23.2,8.77,780,65.66,77.88,2648,40.85,54.08,59.08,969,32.41,224,False,False,False,False,False,False,True,False,False,False,False,True,False,False,False,False,False,True,False,False,True
2001,1.93,6.75,3.6,7.76,16.88,6.12,460,46.94,62.28,1185,46.98,19.54,50.64,846,17.69,158,False,False,True,False,False,False,False,False,False,False,False,False,True,False,True,False,False,False,True,False,False
2004,2.6,6.47,2.22,7.5,16.65,3.53,549,93.02,16.82,9288,68.9,81.48,91.04,755,19.34,78,False,False,False,False,False,True,False,False,False,True,False,False,False,True,False,False,False,False,True,False,False
2013,2.24,7.26,4.94,6.16,24.59,7.11,509,63.74,76.63,2053,46.44,55.95,49.79,1608,26.27,207,False,False,False,False,False,False,True,False,False,False,True,False,False,False,False,False,False,False,False,False,False
2011,1.56,7.41,1.39,7.76,15.59,6.27,135,62.97,69.01,2787,56.41,57.88,54.63,1060,27.68,234,False,False,False,False,False,False,True,False,False,False,False,True,False,False,False,False,False,True,True,False,False
2003,2.3,7.39,3.74,7.52,15.88,3.86,346,53.07,78.74,2150,51.28,57.95,44.6,1060,24.44,204,False,False,False,False,False,False,True,False,False,False,True,False,False,False,True,False,False,False,True,False,False
2001,0.75,7.14,1.2,8.56,8.16,2.07,24,87.26,15.25,9962,69.36,76.66,88.5,721,22.7,72,False,False,False,False,False,True,False,False,False,False,False,True,False,False,False,False,False,True,False,True,False
2006,1.06,6.84,1.46,7.89,13.26,3.7,81,92.02,9.25,54594,94.48,87.14,99.5,1167,17.13,26,False,False,False,False,False,False,False,False,True,False,False,True,False,False,False,False,False,False,False,True,False
2013,0.81,7.93,0.88,7.31,15.01,3.03,14,79.12,33.53,2609,57.84,39.39,74.21,1241,25.21,542,False,False,False,True,False,False,False,False,False,False,False,False,True,False,False,False,True,False,True,False,False
2014,0.74,7.13,0.48,8.86,9.71,2.58,32,46.81,69.71,1137,38.88,26.47,39.36,918,18.49,103,False,False,True,False,False,False,False,False,False,True,False,False,False,False,False,True,False,False,False,True,False
2017,0.57,7.26,0.15,8.79,14.69,0.05,3,68.5,37.26,2418,57.71,37.64,67.23,1104,22.52,402,False,False,False,True,False,False,False,False,False,False,False,False,True,False,False,False,True,False,False,True,False
2012,3.3,6.61,3.84,6.06,22.08,7.63,732,73.79,39.03,2873,64.83,39.4,64.8,1219,24.81,476,False,False,False,True,False,False,False,False,False,False,True,False,False,False,True,False,False,False,False,False,False
2016,2.33,7.46,2.96,7.21,25.13,2.56,265,72.97,38.51,4848,61.46,56.28,77.24,2516,25.05,149,False,False,False,False,True,False,False,False,False,False,False,False,True,False,False,True,False,False,False,False,False
2014,2.61,7.03,5.76,7.34,18.37,3.28,629,90.71,14.33,12811,74.98,67.06,92.02,858,13.08,162,False,True,False,False,False,False,False,False,False,False,False,False,True,False,True,False,False,False,False,False,True
2012,2.32,6.6,4.49,7.2,19.62,7.13,570,62.66,60.16,1257,45.64,20.21,45.94,975,20.91,128,False,False,True,False,False,False,False,False,False,False,False,False,True,True,False,False,False,False,False,True,False
2008,2.6,6.52,2.76,5.97,20.27,7.28,249,63.76,74.07,2068,43.6,52.67,52.7,1058,22.87,169,False,False,False,False,False,False,True,False,False,False,True,False,False,False,False,False,False,False,False,False,False
2020,1.51,7.46,1.62,7.1,16.26,3.57,117,98.33,12.34,9871,82.37,89.14,78.87,1963,22.87,29,True,False,False,False,False,False,False,False,False,False,True,False,False,False,False,False,False,True,True,False,False
2010,1.24,7.22,0.32,6.55,14.43,2.67,44,77.28,33.6,2685,48.7,36.75,71.32,1045,26.83,356,False,False,False,True,False,False,False,False,False,False,True,False,False,False,False,True,False,False,False,True,False
2013,1.93,7.2,2.62,6.72,14.44,3.7,238,51.63,69.61,1111,38.05,18.18,46.76,973,17.58,125,False,False,True,False,False,False,False,False,False,False,True,False,False,False,False,True,False,False,False,False,True
2023,1.74,7.01,1.05,7.08,9.66,4.7,112,94.6,11.66,11427,79.97,82.55,88.76,800,21.17,80,False,False,False,False,False,True,False,False,False,False,False,False,False,False,False,False,True,False,False,False,True
2017,2.16,7.67,4.15,6.16,21.49,3.88,392,70.0,40.2,2376,46.82,34.1,83.79,1387,26.7,437,False,False,False,True,False,False,False,False,False,False,False,False,True,False,False,False,False,False,False,True,False
2015,3.34,6.91,6.02,6.13,20.9,5.13,971,63.44,73.91,1600,55.39,36.28,65.56,582,24.52,343,False,False,False,False,False,False,False,True,False,False,False,False,True,False,False,False,False,False,False,False,True
2018,0.73,6.97,0.29,9.42,10.64,0.4,3,95.12,5.25,64097,88.19,94.32,99.5,757,12.68,47,False,False,False,False,False,False,False,False,True,True,False,False,False,False,False,False,False,True,False,True,False
2019,3.77,6.48,7.09,5.6,21.73,9.61,1261,75.43,72.02,1799,50.25,41.77,70.1,769,24.06,184,False,False,False,False,False,False,False,True,False,False,True,False,False,True,False,False,False,False,False,False,True
2020,1.98,7.48,4.83,7.68,20.46,4.44,355,74.15,39.37,2773,56.09,41.17,78.85,1240,24.63,298,False,False,False,True,False,False,False,False,False,True,False,False,False,False,True,False,False,False,False,True,False
2001,2.46,7.09,4.64,6.9,22.38,3.55,616,79.09,32.62,4230,62.83,57.12,69.97,2019,28.5,163,False,False,False,False,True,False,False,False,False,False,False,False,True,False,True,False,False,False,True,False,False
2011,2.87,7.06,5.24,6.08,22.11,3.2,518,94.34,16.78,9054,72.88,87.95,75.58,1898,25.96,19,True,False,False,False,False,False,False,False,False,False,False,True,False,True,False,False,False,False,False,False,False
2017,1.01,7.02,0.65,7.7,14.69,3.51,8,76.77,26.88,5464,71.68,66.24,80.16,1890,26.0,100,False,False,False,False,True,False,False,False,False,False,True,False,False,False,False,False,True,False,False,True,False
2007,0.9,7.0,0.15,8.29,7.52,4.64,34,81.65,16.54,11161,64.65,61.38,83.84,1046,13.75,124,False,True,False,False,False,False,False,False,False,True,False,False,False,False,False,False,False,True,False,True,False
2024,3.04,7.31,4.06,6.82,20.23,8.72,694,88.4,12.78,13284,72.82,63.56,92.89,955,13.22,119,False,True,False,False,False,False,False,False,False,True,False,False,False,False,False,False,False,False,False,False,True
2021,3.24,7.33,7.62,5.72,20.49,5.79,1579,88.06,24.76,8455,71.78,80.09,73.63,1736,22.72,25,True,False,False,False,False,False,False,False,False,False,False,True,False,False,True,False,False,False,False,False,True
2012,0.27,7.91,1.86,8.74,10.37,0.05,3,96.35,19.58,11585,69.2,83.46,85.43,600,17.57,72,False,False,False,False,False,True,False,False,False,True,False,False,False,False,False,False,True,False,False,True,False
2011,2.71,6.99,4.73,7.1,19.13,6.71,1056,49.47,63.58,958,42.79,20.15,31.74,1199,19.22,115,False,False,True,False,False,False,False,False,False,False,True,False,False,False,True,False,False,False,False,False,False
2023,1.18,7.05,1.74,7.86,14.36,3.36,97,88.49,17.5,9581,75.28,95.84,90.66,1794,24.48,26,True,False,False,False,False,False,False,False,False,False,False,True,False,False,False,False,False,True,False,True,False
2000,0.82,7.88,0.15,8.64,9.38,1.03,3,83.9,18.78,8111,71.3,88.37,86.87,1570,23.43,30,True,False,False,False,False,False,False,False,False,False,True,False,False,False,False,False,True,False,False,True,False
2016,3.11,7.37,3.91,5.72,27.37,7.3,1061,78.02,35.79,3166,63.49,47.52,60.52,2061,23.89,949,False,False,False,False,False,False,False,False,False,False,True,False,False,False,True,False,False,False,True,False,False
2003,3.79,6.9,7.81,6.63,28.61,8.29,1833,58.68,79.24,1975,44.0,56.56,46.71,1571,23.68,138,False,False,False,False,False,False,True,False,False,True,False,False,False,False,True,False,False,False,False,False,True
2022,2.06,7.07,2.53,6.85,17.25,4.01,347,57.32,64.34,1289,52.08,23.89,41.76,794,19.49,137,False,False,True,False,False,False,False,False,False,False,False,False,True,False,True,False,False,False,False,False,False
2021,3.23,6.55,4.8,6.43,20.08,8.18,538,63.14,72.05,1555,49.55,36.56,72.1,617,24.52,365,False,False,False,False,False,False,False,True,False,False,False,False,False,True,False,False,False,False,False,False,False
2022,2.77,6.94,3.16,6.73,18.83,3.36,274,94.98,17.99,11750,82.22,83.21,99.5,933,22.43,84,False,False,False,False,False,True,False,False,False,False,False,False,False,True,False,False,False,False,False,True,False
2024,3.27,7.06,6.56,5.12,25.9,7.57,768,78.35,37.37,3112,59.7,37.59,72.97,2812,28.32,1700,False,False,False,False,False,False,False,False,False,False,False,False,True,False,False,False,False,False,False,True,False
2008,4.03,6.49,9.09,5.76,25.87,9.95,1960,73.86,51.91,2277,58.79,35.04,70.84,1207,25.69,703,False,False,False,True,False,False,False,False,False,True,False,False,False,True,False,False,False,False,False,False,True
2009,1.27,7.1,2.03,6.98,13.77,3.35,116,95.71,19.37,9385,75.38,89.54,76.65,1573,27.14,40,True,False,False,False,False,False,False,False,False,False,False,False,False,False,False,False,True,False,False,False,True
2024,1.84,7.67,3.38,7.05,18.23,4.25,358,80.77,31.6,2783,68.62,43.32,77.84,1020,24.34,260,False,False,False,True,False,False,False,False,False,True,False,False,False,False,True,False,False,False,False,False,False
2017,2.66,6.76,7.96,6.53,22.43,6.64,684,90.99,18.3,9266,80.63,91.53,74.99,2553,22.41,29,True,False,False,False,False,False,False,False,False,True,False,False,False,False,False,False,False,False,False,False,True
2005,2.53,5.88,4.28,8.13,19.86,5.49,162,86.66,12.9,11563,83.2,65.09,81.97,1030,12.69,194,False,True,False,False,False,False,False,False,False,False,False,False,True,True,False,False,False,False,False,True,False
2022,3.57,6.63,5.23,5.24,31.96,7.19,790,67.95,37.37,2246,44.01,36.31,64.56,2482,26.01,1339,False,False,False,False,False,False,False,False,False,True,False,False,False,False,True,False,False,False,False,True,False
2016,2.56,6.82,3.4,6.92,9.65,5.25,298,90.39,21.17,12768,76.86,80.38,92.41,580,26.85,62,False,False,False,False,False,True,False,False,False,False,False,True,False,False,True,False,False,False,False,False,False
2009,3.5,6.91,8.67,4.87,23.55,8.41,1068,96.8,18.77,10715,85.29,82.21,83.37,495,27.03,65,False,False,False,False,False,True,False,False,False,False,False,False,False,True,False,False,False,False,False,False,True
2004,2.28,6.95,3.45,5.95,19.44,7.85,692,53.81,78.44,2031,40.79,53.7,36.58,929,26.57,158,False,False,False,False,False,False,True,False,False,True,False,False,False,False,False,False,False,False,False,False,False
2009,2.85,6.84,2.77,5.38,20.78,5.4,415,70.97,44.63,2207,57.81,34.07,67.51,1086,26.11,655,False,False,False,True,False,False,False,False,False,False,False,True,False,False,True,False,False,False,False,False,False
2019,1.09,7.32,0.95,7.94,14.45,4.31,139,53.89,59.15,1108,39.28,32.68,41.93,895,19.46,125,False,False,True,False,False,False,False,False,False,False,False,False,False,False,False,False,True,False,False,False,True
2012,0.75,6.91,0.4,9.37,8.51,0.27,7,95.73,9.12,49695,85.34,82.86,86.38,765,10.4,41,False,False,False,False,False,False,False,False,True,False,False,False,True,False,False,False,False,True,True,False,False
2000,2.56,7.42,3.49,6.77,18.91,5.21,587,68.5,70.17,1401,49.78,25.1,56.75,568,25.88,357,False,False,False,False,False,False,False,True,False,False,False,False,True,False,False,False,False,False,False,False,False
2023,2.82,7.03,4.24,6.14,22.46,6.63,611,80.12,42.5,2570,56.99,41.21,60.39,858,24.23,471,False,False,False,True,False,False,False,False,False,False,True,False,False,False,True,False,False,False,False,False,False
2016,1.96,6.25,3.22,8.42,15.37,1.89,220,98.44,12.11,53204,86.44,86.82,87.8,972,16.26,42,False,False,False,False,False,False,False,False,True,True,False,False,False,False,False,False,False,False,False,False,False
2004,1.44,7.21,0.45,8.06,11.46,3.96,121,89.87,15.84,9148,67.82,91.42,85.45,1754,20.77,39,True,False,False,False,False,False,False,False,False,False,False,False,True,False,False,False,False,False,False,False,False
2017,2.58,6.75,5.61,5.87,19.67,6.65,512,89.11,23.55,9622,69.12,84.1,90.35,2331,28.72,20,True,False,False,False,False,False,False,False,False,False,False,False,True,True,False,False,False,False,False,True,False
2022,2.64,6.65,3.57,7.3,15.46,4.76,690,93.59,20.3,11061,69.9,88.25,95.57,734,20.26,44,False,False,False,False,False,True,False,False,False,False,False,True,False,False,True,False,False,False,False,False,True
2013,3.87,7.38,5.85,5.73,24.16,7.27,632,62.73,83.59,2178,43.93,58.17,38.51,1532,25.04,370,False,False,False,False,False,False,True,False,False,False,False,False,True,False,False,False,False,True,False,False,True
2002,1.3,6.96,1.65,7.49,20.42,2.34,78,85.48,29.66,5065,59.67,62.12,80.62,2238,24.44,153,False,False,False,False,True,False,False,False,False,False,False,True,False,False,False,True,False,False,False,True,False
2009,3.21,7.17,6.11,4.77,22.9,6.43,1294,90.71,15.25,8737,71.42,87.37,85.9,2117,28.48,27,True,False,False,False,False,False,False,False,False,True,False,False,False,False,True,False,False,False,False,False,True
2008,2.68,6.74,3.57,6.23,24.09,5.84,629,73.93,37.38,4225,59.64,56.83,71.41,2386,26.69,168,False,False,False,False,True,False,False,False,False,False,True,False,False,True,False,False,False,False,True,False,False
2009,3.1,7.4,4.96,5.16,24.14,6.03,442,72.93,36.41,2653,59.67,32.23,58.76,1709,28.45,1153,False,False,False,False,False,False,False,False,False,False,False,True,False,False,False,False,False,True,False,False,True
2015,0.4,6.55,0.15,8.12,9.01,3.61,3,88.69,11.93,42919,85.86,84.19,93.21,919,12.39,33,False,False,False,False,False,False,False,False,True,False,False,False,False,False,False,False,True,False,True,False,False
2004,2.44,7.15,4.24,5.58,22.27,5.08,276,76.79,34.76,4378,55.49,65.39,79.48,1771,27.06,216,False,False,False,False,True,False,False,False,False,False,False,False,False,False,False,True,False,False,False,False,True
2003,2.65,6.73,4.03,6.86,20.53,5.38,658,67.82,78.36,2059,41.88,55.28,44.56,1327,25.26,258,False,False,False,False,False,False,True,False,False,False,True,False,False,False,True,False,False,False,False,False,False
2005,2.21,6.42,1.19,6.66,17.05,6.36,350,76.19,31.8,2522,59.11,40.65,66.13,1028,24.1,427,False,False,False,True,False,False,False,False,False,True,False,False,False,False,False,True,False,False,False,False,True
2002,1.13,7.35,0.26,9.57,12.16,0.05,5,99.7,3.26,13618,76.16,68.9,96.85,1102,10.37,245,False,True,False,False,False,False,False,False,False,False,False,False,False,False,False,True,False,False,True,False,False
2020,2.01,6.83,2.41,7.04,12.54,5.73,656,66.5,79.65,2125,45.68,59.41,55.75,975,24.82,176,False,False,False,False,False,False,True,False,False,False,False,False,True,True,False,False,False,False,True,False,False
2017,2.45,7.47,3.99,6.03,18.48,7.19,876,75.48,63.76,2037,57.84,35.78,76.73,398,25.48,343,False,False,False,False,False,False,False,True,False,False,False,False,True,False,True,False,False,False,False,False,False
2024,1.09,7.29,3.29,8.15,11.37,3.15,130,97.02,12.61,55843,82.05,89.29,96.18,692,12.17,49,False,False,False,False,False,False,False,False,True,False,False,False,True,True,False,False,False,False,True,False,False
2016,3.59,6.75,5.42,6.27,20.83,8.29,691,73.66,38.51,2921,67.02,42.94,67.93,1772,23.91,1700,False,False,False,False,False,False,False,False,False,False,False,False,True,False,False,False,False,True,False,False,True
2013,1.2,7.19,1.61,8.27,14.93,3.71,111,93.3,20.59,10890,73.28,85.14,88.93,767,21.68,119,False,False,False,False,False,True,False,False,False,True,False,False,False,False,False,False,False,False,False,False,False
2011,2.06,7.36,2.74,6.63,22.59,5.56,283,67.39,35.61,2800,56.57,37.75,70.85,2530,26.66,1044,False,False,False,False,False,False,False,False,False,False,False,False,False,False,False,False,False,True,True,False,False
2014,3.14,7.32,3.83,8.07,15.5,7.39,436,98.39,14.96,55319,94.99,87.76,96.0,879,8.78,33,False,False,False,False,False,False,False,False,True,False,True,False,False,False,False,False,False,False,False,False,True
2017,1.71,7.19,0.15,8.33,14.12,3.29,146,89.46,17.54,12668,75.85,67.52,85.56,694,15.03,157,False,True,False,False,False,False,False,False,False,False,False,False,True,False,False,False,False,False,False,False,False
2004,0.87,6.76,1.1,8.29,10.67,2.24,45,95.62,13.87,55928,85.59,90.19,99.46,773,13.56,47,False,False,False,False,False,False,False,False,True,False,False,False,False,False,True,False,False,False,True,False,False
2012,0.82,6.24,0.63,7.79,10.83,5.2,54,95.89,18.75,13132,73.11,63.22,94.15,1014,14.34,137,False,True,False,False,False,False,False,False,False,False,False,True,False,False,False,False,False,False,False,False,False
2013,2.02,7.63,1.74,8.26,14.42,3.5,57,86.24,14.26,13075,76.95,70.04,92.94,889,14.48,136,False,True,False,False,False,False,False,False,False,False,False,False,True,False,False,False,True,False,False,False,True
2018,1.86,6.71,2.96,7.0,14.64,4.35,250,73.54,65.73,1919,59.03,36.23,75.05,700,24.94,237,False,False,False,False,False,False,False,True,False,False,False,False,True,False,False,True,False,False,False,False,True
2024,2.89,7.05,5.73,6.99,26.31,4.47,674,75.15,37.02,2962,61.48,39.21,69.18,1999,22.88,1471,False,False,False,False,False,False,False,False,False,False,True,False,False,True,False,False,False,False,False,False,False
2016,2.62,7.44,4.52,6.29,14.59,6.27,298,56.54,75.68,2314,38.59,53.94,50.29,939,29.64,403,False,False,False,False,False,False,True,False,False,False,True,False,False,False,False,False,False,False,False,False,False
2000,2.41,7.31,2.67,7.48,18.97,5.11,271,74.36,39.07,2338,57.15,29.96,70.55,1484,25.12,398,False,False,False,True,False,False,False,False,False,False,False,True,False,False,False,False,False,True,False,True,False
2006,1.6,7.26,2.47,8.2,10.96,3.26,296,92.18,11.35,47705,79.51,85.97,97.35,977,12.79,40,False,False,False,False,False,False,False,False,True,True,False,False,False,True,False,False,False,False,False,False,False
2000,1.16,7.02,2.02,7.47,13.26,4.85,82,71.04,62.0,1813,52.77,35.66,78.85,465,28.48,270,False,False,False,False,False,False,False,True,False,False,False,True,False,False,False,True,False,False,False,False,False
2008,2.53,7.17,4.12,6.49,16.02,9.42,1020,88.99,12.01,13529,81.28,69.02,89.25,1021,16.66,168,False,True,False,False,False,False,False,False,False,False,False,False,True,False,True,False,False,False,False,False,True
2006,2.73,6.73,4.95,7.04,21.25,6.55,386,76.3,34.13,5080,64.55,61.79,75.97,2127,25.36,220,False,False,False,False,True,False,False,False,False,False,True,False,False,True,False,False,False,False,True,False,False
2006,0.8,7.67,0.98,8.25,9.04,0.05,28,95.43,13.16,12002,76.87,69.57,89.37,945,13.47,122,False,True,False,False,False,False,False,False,False,True,False,False,False,False,False,True,False,False,False,False,False
2019,2.11,7.19,2.54,7.36,16.07,3.69,462,99.7,10.81,15890,79.35,72.31,96.61,883,19.62,145,False,True,False,False,False,False,False,False,False,False,False,True,False,False,False,False,False,False,False,False,True
2006,0.09,7.09,0.71,9.54,9.9,0.33,3,94.28,7.2,12471,76.6,64.57,87.15,1436,14.93,142,False,True,False,False,False,False,False,False,False,False,False,True,False,False,False,False,True,False,False,False,False
2011,1.08,6.88,0.3,8.03,8.76,3.85,31,57.41,64.39,1247,45.81,26.79,38.7,785,18.5,136,False,False,True,False,False,False,False,False,False,False,False,True,False,False,False,True,False,False,True,False,False
2010,2.74,7.23,3.82,5.86,19.8,6.22,451,90.76,17.0,10933,70.3,95.95,87.12,2281,25.88,38,True,False,False,False,False,False,False,False,False,True,False,False,False,False,True,False,False,False,False,False,False
2015,1.15,7.01,1.87,8.21,13.49,2.49,29,70.0,64.22,1611,55.68,39.93,78.87,429,21.53,326,False,False,False,False,False,False,False,True,False,False,False,False,False,False,False,False,False,True,False,True,False
2006,0.52,7.94,0.57,8.5,12.4,0.05,4,87.93,17.06,9350,66.71,87.23,83.98,1917,26.61,20,True,False,False,False,False,False,False,False,False,True,False,False,False,False,False,False,True,False,True,False,False
2021,2.68,6.96,3.16,7.22,11.79,6.46,260,51.53,67.43,1319,35.95,16.94,36.41,826,21.05,132,False,False,True,False,False,False,False,False,False,False,False,True,False,False,True,False,False,False,False,True,False
2010,2.69,6.93,4.18,6.71,21.63,6.52,607,58.26,71.1,2030,33.11,56.33,44.39,1199,24.63,263,False,False,False,False,False,False,True,False,False,False,True,False,False,True,False,False,False,False,True,False,False
2000,0.74,7.07,0.15,8.0,14.92,2.73,28,92.34,21.08,8989,70.48,82.83,85.97,2459,23.99,20,True,False,False,False,False,False,False,False,False,False,False,True,False,False,False,False,True,False,True,False,False
2015,1.34,7.22,1.98,7.17,10.66,2.98,170,74.35,67.94,1877,51.01,40.78,65.76,542,28.33,282,False,False,False,False,False,False,False,True,False,False,False,True,False,False,False,False,False,True,False,False,False
2019,2.88,6.84,3.33,6.81,16.85,7.49,681,59.27,62.04,1276,48.5,31.6,38.94,923,14.06,161,False,False,True,False,False,False,False,False,False,False,True,False,False,False,False,False,False,False,False,True,False
2016,2.56,7.6,3.85,6.54,21.32,4.06,526,94.86,23.97,11516,82.6,93.3,88.95,1435,21.09,28,True,False,False,False,False,False,False,False,False,False,True,False,False,True,False,False,False,False,False,False,False
2011,3.56,7.03,5.89,6.04,20.84,10.79,832,52.7,59.52,1232,38.51,22.46,46.58,841,15.67,85,False,False,True,False,False,False,False,False,False,False,True,False,False,True,False,False,False,False,False,False,True
2024,2.49,7.61,3.86,7.46,23.64,6.02,369,92.25,7.16,14977,88.04,72.9,93.88,917,15.04,216,False,True,False,False,False,False,False,False,False,False,False,False,False,False,False,False,False,False,False,False,True
2006,3.21,6.83,5.19,6.59,17.62,5.46,651,79.4,21.99,8197,73.25,84.58,71.83,1797,23.24,34,True,False,False,False,False,False,False,False,False,False,False,False,True,False,True,False,False,False,False,False,True
2022,2.85,7.24,4.44,5.67,27.4,4.97,815,75.15,35.42,4505,72.87,59.63,74.91,3263,24.76,140,False,False,False,False,True,False,False,False,False,False,True,False,False,False,False,False,False,True,False,False,True
2001,2.09,6.33,4.04,6.69,20.15,5.8,354,77.15,40.92,2510,62.86,36.3,60.85,1395,26.69,435,False,False,False,True,False,False,False,False,False,False,False,False,True,True,False,False,False,False,True,False,False
2020,2.32,7.45,4.2,7.33,19.13,6.55,265,57.11,62.81,1371,47.85,25.27,41.75,930,20.45,211,False,False,True,False,False,False,False,False,False,False,False,False,False,False,True,False,False,False,True,False,False
2013,1.42,7.33,1.32,7.91,16.57,5.41,145,90.69,16.78,12154,72.77,69.53,85.29,1311,13.12,123,False,True,False,False,False,False,False,False,False,False,True,False,False,False,True,False,False,False,True,False,False
2019,1.64,6.73,2.66,6.13,14.61,5.94,249,67.55,66.02,1946,49.4,42.3,63.04,403,26.15,216,False,False,False,False,False,False,False,True,False,False,False,True,False,False,False,False,False,False,False,False,False
2002,1.78,6.88,2.35,8.58,14.96,2.51,236,85.38,11.9,12563,75.11,60.65,90.47,553,12.76,156,False,True,False,False,False,False,False,False,False,False,True,False,False,False,True,False,False,False,False,False,False
2000,2.49,6.47,3.3,8.14,18.77,7.29,344,51.65,58.2,1244,44.43,17.24,37.87,999,18.37,101,False,False,True,False,False,False,False,False,False,False,True,False,False,False,False,False,False,False,False,True,False
2008,2.72,7.16,3.73,6.7,27.51,7.29,536,73.17,35.49,2784,65.06,35.18,63.72,2191,25.82,1700,False,False,False,False,False,False,False,False,False,False,False,False,False,False,False,False,False,False,False,False,False
2014,0.55,7.07,0.82,7.3,12.52,1.84,39,62.42,73.96,1856,42.53,57.3,44.13,1061,31.14,149,False,False,False,False,False,False,True,False,False,False,False,False,True,False,False,False,True,False,True,False,False
2012,1.36,6.3,2.05,8.21,20.37,3.67,165,81.59,28.76,4137,58.02,52.05,81.79,2802,29.84,194,False,False,False,False,True,False,False,False,False,False,False,False,False,False,False,False,False,True,False,True,False
2020,0.97,6.61,0.72,9.18,7.34,5.41,34,53.79,68.12,1167,38.12,23.15,37.13,646,16.67,125,False,False,True,False,False,False,False,False,False,True,False,False,False,False,False,False,True,False,True,False,False
2016,3.05,7.28,6.52,6.31,29.7,8.87,681,76.11,36.03,3252,58.44,45.53,71.25,2385,28.23,1266,False,False,False,False,False,False,False,False,False,False,False,True,False,False,False,False,False,True,False,False,True
2020,3.13,7.11,4.26,6.01,20.16,7.43,998,60.1,74.64,2298,54.28,55.57,48.44,940,27.66,251,False,False,False,False,False,False,True,False,False,True,False,False,False,False,False,False,False,False,False,False,True
2012,3.39,6.78,5.09,6.51,28.82,6.98,900,72.86,31.36,2738,62.18,40.57,70.82,1873,27.61,1007,False,False,False,False,False,False,False,False,False,True,False,False,False,False,True,False,False,False,False,True,False
2002,0.82,7.49,0.71,8.86,9.76,2.75,23,92.51,13.66,10560,78.62,86.68,85.13,666,19.67,40,False,False,False,False,False,True,False,False,False,False,False,False,True,False,False,True,False,False,False,False,False
2017,0.52,7.07,1.73,6.4,9.63,2.69,10,92.63,21.39,10626,81.82,87.04,90.69,2013,24.43,28,True,False,False,False,False,False,False,False,False,False,False,False,True,False,False,True,False,False,False,True,False
2004,2.86,6.94,5.11,6.01,26.79,5.15,495,71.93,48.27,2231,43.5,39.1,71.35,1134,21.8,440,False,False,False,True,False,False,False,False,False,False,False,False,True,False,True,False,False,False,False,False,False
2016,2.38,6.78,1.97,7.1,19.89,7.12,289,51.7,58.38,1122,35.55,28.04,39.99,809,18.98,128,False,False,True,False,False,False,False,False,False,False,False,False,False,False,True,False,False,False,False,True,False
2019,2.11,7.29,2.7,7.37,17.43,4.69,358,90.28,15.89,8034,67.5,82.52,75.45,2354,23.36,25,True,False,False,False,False,False,False,False,False,False,False,True,False,False,True,False,False,False,False,True,False
2004,1.69,7.55,3.52,7.6,17.6,4.34,223,99.7,3.83,12098,79.04,64.42,94.88,834,12.98,128,False,True,False,False,False,False,False,False,False,True,False,False,False,True,False,False,False,False,False,True,False
2012,4.0,7.76,8.35,5.01,36.62,5.97,2024,72.4,40.08,2715,61.95,43.87,60.97,2182,27.42,974,False,False,False,False,False,False,False,False,False,True,False,False,False,False,True,False,False,False,False,False,True
2012,3.53,6.78,4.59,5.3,24.57,8.5,1161,76.72,39.39,2723,59.79,36.18,77.79,1372,24.64,434,False,False,False,True,False,False,False,False,False,True,False,False,False,False,True,False,False,False,False,False,True
2003,1.29,7.41,0.15,7.91,13.85,4.82,90,91.75,8.19,10808,81.97,59.99,79.19,1031,15.57,141,False,True,False,False,False,False,False,False,False,False,False,True,False,False,False,False,False,False,True,False,False
2000,1.64,6.71,3.06,7.39,15.21,9.35,541,55.53,60.14,1262,45.99,27.13,41.74,756,14.11,102,False,False,True,False,False,False,False,False,False,False,False,True,False,False,False,False,False,True,False,False,True
2018,0.71,7.06,2.87,7.28,14.93,0.05,66,83.46,35.17,2628,67.99,31.68,74.98,1128,27.93,351,False,False,False,True,False,False,False,False,False,False,True,False,False,False,False,True,False,False,False,False,False
2021,2.53,6.66,2.19,7.03,16.6,5.18,522,62.9,75.9,2329,47.53,52.48,42.32,1034,28.56,303,False,False,False,False,False,False,True,False,False,True,False,False,False,False,False,True,False,False,False,False,True
2024,1.46,6.68,2.59,6.32,15.19,6.01,341,72.67,67.85,1778,54.4,41.01,60.5,419,26.14,216,False,False,False,False,False,False,False,True,False,False,False,False,False,False,False,False,False,False,False,False,False
2014,2.79,6.56,3.87,7.49,23.51,1.95,455,92.06,18.69,10078,75.22,92.48,79.46,2270,22.46,30,True,False,False,False,False,False,False,False,False,False,True,False,False,False,True,False,False,False,False,False,False
2013,0.37,7.65,0.15,7.94,10.22,1.62,3,69.57,66.63,1854,59.03,32.65,67.05,589,22.87,267,False,False,False,False,False,False,False,True,False,False,False,False,False,False,False,False,True,False,False,True,False
2011,1.29,6.82,1.81,8.76,8.38,2.31,90,49.31,55.62,1223,44.84,22.91,46.37,730,15.04,123,False,False,True,False,False,False,False,False,False,False,False,False,False,False,False,False,True,False,False,False,True
2015,1.82,7.13,4.57,8.06,16.32,3.27,256,99.7,12.73,57497,90.59,84.83,98.43,928,15.52,46,False,False,False,False,False,False,False,False,True,True,False,False,False,True,False,False,False,False,False,False,False
2023,3.24,7.5,4.18,6.78,20.67,7.47,917,78.77,35.51,3177,65.14,46.07,77.98,934,23.19,741,False,False,False,True,False,False,False,False,False,False,False,False,True,True,False,False,False,False,False,False,False
2000,0.78,6.97,0.71,8.86,5.17,0.05,3,99.7,5.67,54403,91.72,81.13,88.25,1010,14.38,35,False,False,False,False,False,False,False,False,True,False,False,False,True,False,False,True,False,False,False,False,False
2017,2.04,7.08,2.06,6.89,21.25,4.52,224,79.15,36.04,5106,65.72,53.31,77.07,2623,25.24,109,False,False,False,False,True,False,False,False,False,True,False,False,False,False,False,False,False,False,True,False,False
2005,3.95,6.55,7.13,5.66,19.66,9.64,1058,63.45,79.71,2428,55.54,52.24,46.8,880,30.87,197,False,False,False,False,False,False,True,False,False,False,False,False,True,False,True,False,False,False,False,False,True
2011,0.87,7.04,1.13,9.21,10.67,1.5,35,95.0,11.7,49495,87.89,82.47,93.07,893,11.05,43,False,False,False,False,False,False,False,False,True,True,False,False,False,False,False,True,False,False,False,False,False
2015,3.21,6.67,4.24,5.87,22.97,9.25,519,57.01,77.72,2025,44.12,53.65,45.38,1312,27.86,285,False,False,False,False,False,False,True,False,False,False,False,False,False,True,False,False,False,False,False,True,False
2020,1.13,7.86,1.26,8.45,10.34,0.61,9,97.34,6.2,56417,99.0,84.34,99.5,805,15.69,35,False,False,False,False,False,False,False,False,True,False,False,False,False,False,False,False,False,True,True,False,False
2016,1.94,7.14,2.81,7.27,15.01,6.12,225,88.9,13.59,13197,71.45,75.23,90.94,933,9.39,152,False,True,False,False,False,False,False,False,False,False,True,False,False,True,False,False,False,False,False,False,False
2008,3.31,7.13,5.8,6.67,18.55,9.87,984,67.78,65.27,1694,42.7,37.54,62.4,490,25.08,335,False,False,False,False,False,False,False,True,False,False,False,True,False,False,False,False,False,False,False,False,True
2009,1.8,7.03,1.45,7.36,13.97,3.85,171,88.45,22.08,8542,70.71,85.07,82.19,1800,23.37,19,True,False,False,False,False,False,False,False,False,False,True,False,False,False,False,False,False,False,True,False,False
2004,0.64,6.75,0.15,7.98,10.22,0.05,3,92.7,17.39,10404,75.69,79.16,89.49,802,19.05,58,False,False,False,False,False,True,False,False,False,False,True,False,False,False,False,False,True,False,False,True,False
2004,3.12,7.3,5.71,7.54,17.84,6.06,667,67.48,65.32,1590,61.34,32.14,64.45,400,22.21,240,False,False,False,False,False,False,False,True,False,False,False,True,False,True,False,False,False,False,False,False,False
2017,3.54,6.35,6.05,6.79,30.18,8.83,588,68.28,43.5,3212,56.69,46.42,78.12,2905,20.56,1155,False,False,False,False,False,False,False,False,False,True,False,False,False,True,False,False,False,False,False,False,False
2001,2.52,6.87,4.58,7.65,16.68,7.19,451,94.93,10.11,54141,82.06,81.44,97.32,864,13.91,31,False,False,False,False,False,False,False,False,True,False,False,False,True,False,False,False,False,False,False,False,True
2009,1.59,7.1,1.94,8.1,14.79,6.13,236,69.59,60.27,2047,61.45,39.84,74.89,524,20.41,311,False,False,False,False,False,False,False,True,False,False,True,False,False,False,True,False,False,False,False,True,False
2022,1.16,7.65,0.15,8.66,12.42,3.56,21,98.05,16.53,11407,69.12,86.07,83.22,1785,23.25,20,True,False,False,False,False,False,False,False,False,False,True,False,False,False,False,True,False,False,True,False,False
2010,2.56,6.99,3.92,7.68,26.81,6.98,323,69.91,43.85,2362,55.45,41.59,66.46,2262,25.32,1561,False,False,False,False,False,False,False,False,False,True,False,False,False,False,False,False,False,True,False,False,False
2010,1.75,7.42,1.99,5.81,16.83,6.67,248,56.0,78.4,2077,49.06,55.8,53.49,1239,30.68,269,False,False,False,False,False,False,True,False,False,False,False,True,False,False,False,False,False,True,True,False,False
2015,2.93,7.1,2.15,6.46,16.74,5.08,225,67.03,66.89,1734,53.63,31.63,68.37,721,26.31,281,False,False,False,False,False,False,False,True,False,False,True,False,False,False,False,False,False,False,True,False,False
2009,1.76,7.07,1.71,7.35,16.11,5.29,157,85.89,22.46,7987,57.28,90.6,76.2,1522,22.31,20,True,False,False,False,False,False,False,False,False,False,False,True,False,False,False,False,False,False,True,False,False
2005,1.79,7.81,4.04,7.51,11.94,4.46,396,88.77,15.24,12912,74.3,62.6,83.55,815,12.81,110,False,True,False,False,False,False,False,False,False,False,True,False,False,False,True,False,False,False,True,False,False
2002,2.47,6.28,3.92,7.24,19.26,4.33,734,98.33,7.38,47150,86.34,83.05,92.68,1163,11.62,36,False,False,False,False,False,False,False,False,True,False,False,False,True,False,True,False,False,False,False,False,True
2018,2.27,7.3,2.17,6.92,15.05,2.09,222,87.24,13.91,11516,80.1,57.67,84.66,725,16.5,123,False,True,False,False,False,False,False,False,False,False,True,False,False,False,False,False,False,False,True,False,False
2019,1.73,7.06,1.27,7.8,11.67,5.03,79,84.42,21.34,6574,63.06,82.7,72.21,1113,21.91,23,True,False,False,False,False,False,False,False,False,False,False,False,False,False,False,False,False,True,False,False,False
2024,1.38,7.2,1.68,8.81,12.94,2.91,31,91.44,9.37,11511,81.85,62.55,81.51,966,13.16,184,False,True,False,False,False,False,False,False,False,False,False,True,False,False,False,True,False,False,False,False,False
2024,1.66,6.85,0.15,7.14,13.7,5.63,43,62.4,77.34,2156,38.94,57.51,47.07,1071,25.47,275,False,False,False,False,False,False,True,False,False,False,False,False,True,False,False,False,True,False,False,True,False
2020,1.54,7.4,1.93,7.32,18.38,4.94,146,70.2,35.89,2986,58.55,40.79,70.33,1716,25.44,1166,False,False,False,False,False,False,False,False,False,False,False,False,True,False,False,True,False,False,False,False,False
2024,1.59,7.67,0.79,8.37,17.71,1.89,185,86.98,13.5,12339,79.77,63.99,83.53,1009,9.73,130,False,True,False,False,False,False,False,False,False,False,True,False,False,False,True,False,False,False,False,True,False
2021,1.94,6.73,1.5,9.01,14.15,4.47,51,47.59,61.93,1242,37.29,20.27,42.5,739,16.62,175,False,False,True,False,False,False,False,False,False,False,False,True,False,False,False,False,False,True,False,True,False
2004,2.61,7.14,5.36,5.45,18.7,10.22,596,54.36,80.3,2259,43.87,60.53,53.63,741,25.88,296,False,False,False,False,False,False,True,False,False,False,False,True,False,False,False,False,False,True,False,False,True
2006,1.15,6.95,1.15,7.53,22.43,1.91,5,75.23,32.7,4164,67.42,54.29,66.29,2456,24.04,163,False,False,False,False,True,False,False,False,False,True,False,False,False,False,False,False,True,False,False,True,False
2011,3.83,6.51,3.92,6.06,24.24,6.82,650,70.76,38.46,2973,47.18,37.79,77.48,2102,29.27,1104,False,False,False,False,False,False,False,False,False,False,True,False,False,False,True,False,False,False,False,False,False
2012,3.04,7.01,2.28,6.55,17.15,2.45,302,64.45,70.43,1757,49.36,38.08,72.34,468,22.56,243,False,False,False,False,False,False,False,True,False,True,False,False,False,False,True,False,False,False,True,False,False
2000,1.94,7.37,2.86,6.55,11.07,6.97,334,87.81,17.56,9589,73.29,78.68,83.24,546,20.19,65,False,False,False,False,False,True,False,False,False,False,True,False,False,False,False,False,False,True,False,False,True
2000,3.01,7.51,5.17,5.73,25.49,6.35,674,73.33,34.49,4261,57.0,56.25,82.66,2512,27.21,237,False,False,False,False,True,False,False,False,False,False,False,False,True,False,False,False,False,False,False,False,True
2016,1.04,7.23,0.57,8.8,15.95,1.29,3,74.79,39.35,2667,65.91,42.66,71.95,1346,23.43,374,False,False,False,True,False,False,False,False,False,False,False,False,False,False,False,False,True,False,False,True,False
2010,2.61,6.64,1.85,6.97,20.29,4.25,128,81.5,35.19,2463,54.24,40.37,74.13,915,23.6,409,False,False,False,True,False,False,False,False,False,False,True,False,False,False,False,False,False,True,False,False,True
2011,2.31,6.93,3.36,5.63,18.37,6.44,687,60.44,80.21,2031,45.41,54.92,47.62,1027,29.94,191,False,False,False,False,False,False,True,False,False,False,True,False,False,False,False,False,False,True,False,False,True
2007,0.69,7.82,0.52,8.52,12.77,0.05,3,77.14,63.85,1702,61.5,43.62,61.58,472,23.95,455,False,False,False,False,False,False,False,True,False,True,False,False,False,False,False,False,True,False,True,False,False
2024,0.74,7.43,0.15,8.16,8.56,2.23,4,71.87,72.94,1645,49.62,37.26,56.13,420,26.48,369,False,False,False,False,False,False,False,True,False,False,False,True,False,False,False,False,True,False,False,True,False
2013,2.08,6.79,1.8,9.25,14.26,4.46,80,92.77,13.95,54653,91.38,88.18,95.58,1051,9.29,33,False,False,False,False,False,False,False,False,True,False,False,False,True,False,True,False,False,False,True,False,False
2018,3.72,6.54,6.43,5.47,30.83,6.89,1321,79.95,31.12,4986,55.93,61.82,66.76,2466,23.85,158,False,False,False,False,True,False,False,False,False,False,True,False,False,False,True,False,False,False,False,False,True
2018,2.08,7.29,3.45,6.9,13.32,6.16,430,74.62,68.57,1780,52.43,44.83,69.89,574,22.78,273,False,False,False,False,False,False,False,True,False,False,False,False,False,False,True,False,False,False,False,True,False
2012,0.97,7.1,0.33,9.09,6.27,1.84,7,86.97,7.99,43037,88.7,80.7,91.94,745,11.73,35,False,False,False,False,False,False,False,False,True,False,True,False,False,False,False,False,True,False,False,False,True
2022,2.76,6.2,3.26,7.82,18.15,8.02,489,88.41,15.65,10442,67.76,57.03,82.55,851,17.61,252,False,True,False,False,False,False,False,False,False,True,False,False,False,True,False,False,False,False,False,True,False
2021,0.72,7.87,1.15,8.5,8.73,0.66,49,98.05,19.64,10970,71.39,74.06,94.18,859,25.9,88,False,False,False,False,False,True,False,False,False,True,False,False,False,False,False,True,False,False,False,False,False
2023,1.32,6.58,0.15,8.18,14.13,4.14,56,87.87,15.03,9045,74.45,85.05,88.46,1632,25.12,34,True,False,False,False,False,False,False,False,False,False,False,True,False,False,False,False,False,True,False,False,False
2001,4.06,7.13,9.37,4.21,25.02,9.45,1191,54.83,84.63,1933,47.14,53.46,39.72,1653,29.3,312,False,False,False,False,False,False,True,False,False,False,False,False,True,False,True,False,False,False,False,False,True
2020,0.63,7.83,0.25,8.54,8.43,2.84,3,55.03,60.17,1299,43.31,24.5,43.37,839,17.69,82,False,False,True,False,False,False,False,False,False,False,False,True,False,False,False,False,True,False,False,True,False
2002,3.06,6.92,3.78,7.05,21.05,8.42,701,81.19,26.34,8067,72.68,85.02,82.14,1708,21.53,29,True,False,False,False,False,False,False,False,False,False,False,False,False,False,True,False,False,False,False,False,True
2004,3.01,6.9,3.25,6.83,18.7,7.62,574,61.9,75.34,1343,48.8,36.45,56.24,373,27.16,397,False,False,False,False,False,False,False,True,False,True,False,False,False,False,True,False,False,False,False,False,False
2018,0.91,6.94,0.42,8.04,13.41,2.3,3,88.35,16.89,9335,74.24,86.3,86.83,1723,26.81,33,True,False,False,False,False,False,False,False,False,True,False,False,False,False,False,False,True,False,True,False,False
2018,2.05,6.52,2.46,6.5,18.13,4.4,283,65.48,69.6,2236,45.7,51.12,46.6,979,28.43,234,False,False,False,False,False,False,True,False,False,True,False,False,False,False,False,False,True,False,False,False,True
2024,2.8,6.69,4.09,6.5,18.48,8.76,406,66.77,76.39,2357,48.02,57.63,53.41,1013,30.56,228,False,False,False,False,False,False,True,False,False,False,False,False,True,False,False,False,False,False,False,True,False
2024,2.74,7.74,2.6,7.03,28.35,6.95,685,80.8,32.12,4941,68.08,53.29,77.92,2899,23.99,215,False,False,False,False,True,False,False,False,False,False,False,True,False,False,True,False,False,False,True,False,False
2023,2.61,6.88,5.95,5.77,17.54,8.49,819,62.14,76.06,2475,45.77,54.98,46.66,1330,27.68,261,False,False,False,False,False,False,True,False,False,False,True,False,False,False,False,False,False,True,False,False,True
2006,3.6,7.13,5.3,5.99,21.63,9.77,792,56.35,71.08,2249,44.54,56.74,57.8,1017,29.18,287,False,False,False,False,False,False,True,False,False,False,True,False,False,True,False,False,False,False,False,True,False
2009,1.28,6.84,2.32,7.91,16.51,3.25,207,54.41,60.33,1202,42.15,24.77,40.0,717,18.29,102,False,False,True,False,False,False,False,False,False,False,False,True,False,False,False,False,False,True,False,False,False
2021,0.92,7.05,1.64,7.54,7.51,1.98,5,98.74,15.39,11237,66.17,71.18,82.4,830,21.83,48,False,False,False,False,False,True,False,False,False,False,False,False,False,False,False,False,False,True,False,False,False
2001,1.09,6.93,1.07,8.14,6.42,0.06,51,99.7,6.41,52510,96.38,86.21,97.79,699,12.44,27,False,False,False,False,False,False,False,False,True,False,False,False,False,False,True,False,False,False,True,False,False
2022,2.59,6.43,4.07,6.4,22.27,3.99,851,93.06,18.5,9454,77.29,91.73,88.41,1987,20.85,29,True,False,False,False,False,False,False,False,False,False,True,False,False,False,True,False,False,False,False,False,True
2017,2.08,6.97,3.78,7.94,11.34,5.29,325,95.47,9.27,60061,88.7,85.85,99.5,1077,15.92,43,False,False,False,False,False,False,False,False,True,False,False,True,False,False,False,False,False,True,False,False,True
2009,2.94,7.45,4.01,6.41,27.09,5.54,256,81.28,34.68,4524,59.69,63.12,83.85,2331,26.39,133,False,False,False,False,True,False,False,False,False,False,False,True,False,False,False,False,False,False,False,False,False
2009,1.19,7.06,0.46,8.57,11.3,3.18,3,67.16,63.0,1817,64.84,33.46,67.56,419,24.04,359,False,False,False,False,False,False,False,True,False,False,True,False,False,False,False,False,True,False,True,False,False
2009,1.82,6.61,0.49,7.63,13.11,7.33,67,67.56,67.87,1626,46.52,33.55,66.12,496,21.56,277,False,False,False,False,False,False,False,True,False,False,False,True,False,False,False,True,False,False,True,False,False
2012,2.24,6.39,3.01,7.76,12.48,4.08,291,85.92,18.45,10504,71.72,75.72,89.88,764,19.49,56,False,False,False,False,False,True,False,False,False,True,False,False,False,False,True,False,False,False,True,False,False
2024,2.83,6.63,4.03,6.79,25.43,4.79,384,77.89,29.73,5153,52.95,59.09,84.36,2934,24.2,125,False,False,False,False,True,False,False,False,False,False,False,False,True,False,False,False,True,False,False,False,True
2012,1.89,6.64,2.62,7.16,18.55,8.76,240,56.63,72.27,2141,45.55,54.04,48.0,1012,26.57,195,False,False,False,False,False,False,True,False,False,False,True,False,False,False,True,False,False,False,False,True,False
2009,1.05,7.07,0.76,8.48,10.37,3.82,9,50.94,57.56,1155,40.78,22.78,43.3,1020,19.92,113,False,False,True,False,False,False,False,False,False,False,False,False,False,False,False,True,False,False,True,False,False
2001,0.87,7.58,1.7,8.7,8.11,0.1,2,94.36,15.33,11897,72.98,82.63,94.73,691,21.06,52,False,False,False,False,False,True,False,False,False,False,False,False,True,False,False,False,True,False,False,True,False
2009,0.93,6.84,0.15,9.37,9.58,3.49,3,95.44,7.57,44601,77.73,77.94,90.74,794,11.86,40,False,False,False,False,False,False,False,False,True,False,False,False,False,False,False,False,False,True,True,False,False
2001,1.62,6.59,1.59,8.88,13.63,3.39,86,55.62,63.96,1182,40.79,26.3,43.56,980,16.23,145,False,False,True,False,False,False,False,False,False,False,True,False,False,False,False,False,True,False,False,False,True
2009,1.88,7.35,2.47,7.69,13.19,4.37,45,94.76,22.3,10022,78.44,90.11,85.62,2193,24.9,34,True,False,False,False,False,False,False,False,False,False,False,True,False,False,False,True,False,False,False,True,False
2008,0.25,7.09,0.15,8.77,7.72,0.47,3,99.0,13.07,9564,69.03,83.62,89.55,690,22.56,45,False,False,False,False,False,True,False,False,False,False,False,True,False,False,False,False,True,False,True,False,False
2024,3.52,7.19,9.18,5.41,25.08,9.61,1607,60.24,82.91,2340,47.85,59.17,53.52,1253,26.59,205,False,False,False,False,False,False,True,False,False,False,False,False,True,True,False,False,False,False,False,False,True
2016,2.07,7.28,4.51,8.0,16.04,7.67,681,62.01,62.87,1225,48.83,25.21,45.54,862,17.0,111,False,False,True,False,False,False,False,False,False,True,False,False,False,True,False,False,False,False,True,False,False
2023,1.37,6.68,1.83,7.96,14.05,5.3,196,95.48,17.92,57290,87.46,77.6,93.4,1002,12.04,43,False,False,False,False,False,False,False,False,True,False,True,False,False,True,False,False,False,False,False,True,False
2015,2.97,6.82,5.03,6.59,23.26,4.59,391,75.25,27.56,4433,60.46,55.07,65.03,2172,27.76,150,False,False,False,False,True,False,False,False,False,True,False,False,False,False,False,False,False,True,False,False,False
2003,1.49,7.17,1.41,7.64,17.87,4.53,43,70.16,31.92,2716,63.22,40.96,79.51,1934,27.64,1183,False,False,False,False,False,False,False,False,False,False,False,True,False,False,False,False,True,False,False,False,False
2002,1.41,6.99,0.82,6.79,23.99,1.72,91,86.38,27.08,4754,62.99,57.91,77.15,2562,28.47,159,False,False,False,False,True,False,False,False,False,False,True,False,False,False,False,False,False,True,True,False,False
2023,2.23,7.12,2.3,6.79,18.07,4.07,213,95.15,19.01,10530,69.21,92.19,83.19,1420,24.34,15,True,False,False,False,False,False,False,False,False,False,False,True,False,False,False,True,False,False,False,False,True
2021,2.17,6.84,3.33,6.77,19.2,3.74,784,91.98,22.22,10181,76.49,95.19,86.04,1566,25.3,24,True,False,False,False,False,False,False,False,False,True,False,False,False,False,True,False,False,False,False,False,False
2007,1.72,6.89,1.45,5.49,15.45,3.5,168,58.28,75.05,1905,44.74,56.42,44.48,952,30.42,373,False,False,False,False,False,False,True,False,False,False,False,False,False,False,False,False,False,True,False,False,False
2015,2.67,6.93,4.43,6.61,18.75,9.13,439,71.92,68.2,2003,56.97,39.52,69.8,597,22.08,341,False,False,False,False,False,False,False,True,False,False,False,False,False,True,False,False,False,False,False,True,False
2009,0.51,7.24,0.15,7.9,10.22,3.99,55,90.57,21.25,8396,77.02,80.86,79.78,884,20.24,50,False,False,False,False,False,True,False,False,False,False,False,True,False,False,False,True,False,False,False,True,False
2020,2.0,7.65,0.67,7.98,14.54,2.9,57,94.11,23.63,8653,66.0,81.25,77.11,1674,23.3,22,True,False,False,False,False,False,False,False,False,False,False,False,False,False,False,False,False,True,False,True,False
2007,1.25,7.04,0.9,8.34,10.96,2.78,107,86.41,5.93,45560,89.61,75.65,99.5,1100,14.97,30,False,False,False,False,False,False,False,False,True,False,True,False,False,False,True,False,False,False,True,False,False
2013,0.49,7.31,0.15,7.93,10.33,3.39,3,77.91,26.71,8705,74.43,89.58,80.71,1782,27.16,20,True,False,False,False,False,False,False,False,False,False,True,False,False,False,False,False,True,False,False,False,False
2011,0.38,6.19,0.15,9.63,11.51,0.05,3,96.16,9.03,14251,80.53,68.06,94.06,917,12.87,221,False,True,False,False,False,False,False,False,False,True,False,False,False,False,False,False,True,False,False,False,False
2007,0.59,6.7,0.15,8.54,7.76,0.05,3,71.52,69.6,1490,42.85,37.91,62.87,448,25.95,311,False,False,False,False,False,False,False,True,False,True,False,False,False,False,False,False,True,False,True,False,False
2009,0.64,6.83,0.63,7.99,13.16,0.83,113,91.77,16.3,10829,77.87,77.52,74.75,785,25.21,109,False,False,False,False,False,True,False,False,False,True,False,False,False,False,False,True,False,False,False,True,False
2008,1.6,7.25,2.34,7.96,12.38,3.35,360,88.19,14.97,46186,89.26,89.09,88.25,714,10.7,37,False,False,False,False,False,False,False,False,True,False,True,False,False,False,False,False,False,False,False,False,False
2004,0.83,7.01,1.44,8.89,11.63,2.35,3,50.7,62.67,1136,45.36,22.05,39.44,976,20.0,203,False,False,True,False,False,False,False,False,False,False,False,False,True,False,False,False,True,False,True,False,False
2010,2.61,6.71,3.47,6.86,24.9,6.19,454,82.29,31.58,5154,52.81,54.33,77.41,2534,24.53,141,False,False,False,False,True,False,False,False,False,False,False,False,False,False,False,False,False,False,False,True,False
2007,2.17,7.04,2.24,8.47,8.66,4.63,279,91.79,11.14,44618,82.1,80.71,93.64,837,9.01,33,False,False,False,False,False,False,False,False,True,False,True,False,False,True,False,False,False,False,False,True,False
2010,0.66,7.54,0.15,9.32,8.08,0.05,3,99.7,11.4,11671,72.0,81.89,89.12,732,20.28,57,False,False,False,False,False,True,False,False,False,False,False,False,True,False,False,False,True,False,True,False,False
2009,1.95,7.85,1.9,8.79,13.25,4.36,131,96.83,8.46,12416,81.09,56.12,95.06,873,17.62,132,False,True,False,False,False,False,False,False,False,False,False,True,False,False,False,False,False,True,False,False,False
2002,2.77,7.14,3.33,6.28,22.83,4.31,328,66.22,72.62,1872,52.99,51.06,44.38,1230,28.69,261,False,False,False,False,False,False,True,False,False,False,False,True,False,False,False,False,False,True,False,False,False
2019,0.92,7.04,0.68,8.17,11.72,2.76,3,99.7,15.39,10799,74.99,83.68,84.96,811,21.05,72,False,False,False,False,False,True,False,False,False,True,False,False,False,False,False,False,True,False,False,True,False
2014,1.67,6.97,0.45,7.95,23.8,2.54,114,70.83,42.88,3053,59.21,41.53,79.03,1658,31.29,1336,False,False,False,False,False,False,False,False,False,False,False,True,False,False,False,True,False,False,True,False,False
2019,1.35,6.61,0.59,8.4,20.66,3.93,35,63.61,39.17,2665,52.56,36.35,73.96,1867,24.61,1700,False,False,False,False,False,False,False,False,False,False,True,False,False,False,False,True,False,False,False,False,False
2005,4.13,6.47,10.42,4.58,22.48,9.62,2356,64.31,75.27,2284,47.28,56.18,51.11,1051,28.86,148,False,False,False,False,False,False,True,False,False,False,False,False,True,True,False,False,False,False,False,False,True
2001,3.1,7.05,3.96,7.08,19.7,8.56,376,60.41,74.9,2027,45.85,54.1,46.47,1329,27.51,233,False,False,False,False,False,False,True,False,False,False,False,False,True,False,True,False,False,False,False,True,False
2020,3.61,6.93,6.12,5.88,27.64,9.52,1279,76.45,29.07,5304,72.89,62.32,80.03,2068,27.38,103,False,False,False,False,True,False,False,False,False,False,False,False,False,False,False,False,False,False,False,False,True
2016,1.39,7.22,0.94,7.4,10.93,5.09,138,68.92,61.98,1749,57.42,38.4,71.07,593,22.24,325,False,False,False,False,False,False,False,True,False,False,False,True,False,False,False,False,False,True,False,False,False
2001,4.5,6.88,11.06,5.77,30.31,8.18,1235,68.67,40.91,2772,64.23,37.53,71.66,2052,25.48,1550,False,False,False,False,False,False,False,False,False,False,True,False,False,True,False,False,False,False,False,False,True
2016,2.52,6.89,3.2,8.07,18.45,5.72,213,79.96,29.2,4695,74.37,58.11,73.81,2169,25.48,164,False,False,False,False,True,False,False,False,False,False,False,False,False,False,False,False,False,True,False,False,False
2000,1.12,6.86,1.15,7.0,11.19,3.57,101,87.31,19.75,8968,77.73,88.92,88.09,1498,24.82,22,True,False,False,False,False,False,False,False,False,True,False,False,False,False,False,False,False,True,False,False,False
2000,1.49,7.29,1.12,7.38,20.67,1.38,114,67.17,37.12,2955,61.53,40.35,71.48,2332,23.96,1631,False,False,False,False,False,False,False,False,False,False,True,False,False,False,False,True,False,False,False,False,False
2009,0.15,6.87,1.17,9.61,8.12,0.31,3,86.76,8.31,46387,86.71,88.09,87.4,1015,12.86,35,False,False,False,False,False,False,False,False,True,False,False,False,True,False,False,False,True,False,False,True,False
2004,1.72,6.82,2.58,8.0,25.55,3.75,292,78.68,29.58,4376,66.25,52.85,79.9,3109,25.36,152,False,False,False,False,True,False,False,False,False,True,False,False,False,False,False,False,False,True,False,False,False
2023,0.59,7.33,0.59,8.15,6.08,3.7,81,91.89,8.61,53787,86.22,86.39,98.08,663,12.35,35,False,False,False,False,False,False,False,False,True,False,True,False,False,False,False,False,False,True,False,False,False
2024,2.2,7.03,0.73,7.32,15.29,6.18,146,51.54,78.42,2886,54.15,60.3,52.67,1152,25.96,305,False,False,False,False,False,False,True,False,False,True,False,False,False,False,False,True,False,False,False,False,False
2015,3.97,7.01,8.2,5.67,23.76,11.47,1455,89.94,30.97,8239,63.41,84.72,84.51,1723,24.42,26,True,False,False,False,False,False,False,False,False,False,False,False,False,True,False,False,False,False,False,False,True
2007,0.6,7.31,1.02,9.24,7.58,1.37,3,96.29,8.89,52631,82.79,83.0,92.67,1177,13.32,56,False,False,False,False,False,False,False,False,True,False,False,True,False,False,False,True,False,False,False,True,False
2021,0.19,7.48,0.69,7.85,9.35,0.05,3,91.44,15.95,9497,71.99,82.9,83.36,1301,24.26,21,True,False,False,False,False,False,False,False,False,True,False,False,False,False,False,False,True,False,False,True,False
2016,0.56,7.65,1.39,7.24,15.28,1.31,18,82.61,28.41,5147,71.39,57.11,79.25,2367,25.0,226,False,False,False,False,True,False,False,False,False,False,False,True,False,False,False,False,True,False,False,True,False
2009,2.9,6.93,4.79,7.5,15.48,5.07,434,48.87,64.04,1269,35.34,28.05,44.02,815,17.03,162,False,False,True,False,False,False,False,False,False,False,False,False,True,True,False,False,False,False,False,False,False
2023,1.64,7.21,0.87,7.77,22.14,2.22,141,86.57,23.1,5881,75.15,65.76,83.48,2652,29.31,177,False,False,False,False,True,False,False,False,False,False,False,True,False,False,False,False,False,True,True,False,False
2012,2.46,6.87,4.01,6.94,19.97,7.86,333,85.18,26.25,9457,70.66,84.16,72.95,1981,17.09,23,True,False,False,False,False,False,False,False,False,False,False,False,False,True,False,False,False,False,False,True,False
2006,0.66,7.18,0.15,8.87,11.16,4.4,3,75.6,35.28,2591,59.9,40.81,70.32,988,26.46,463,False,False,False,True,False,False,False,False,False,True,False,False,False,False,False,False,True,False,True,False,False
2019,2.09,6.72,3.51,7.43,14.02,3.83,262,94.18,16.65,10327,63.76,79.63,87.0,983,21.0,64,False,False,False,False,False,True,False,False,False,False,False,True,False,False,False,False,False,True,False,False,True
2024,2.12,7.66,2.82,7.49,14.52,4.82,141,67.08,65.29,2497,51.58,64.13,45.66,1284,26.23,204,False,False,False,False,False,False,True,False,False,False,True,False,False,False,False,False,True,False,False,False,True
2019,2.8,6.86,3.69,5.89,19.07,8.25,652,59.64,81.23,2240,52.0,52.63,52.28,1653,26.08,215,False,False,False,False,False,False,True,False,False,False,True,False,False,False,True,False,False,False,True,False,False
2015,3.32,6.57,3.98,7.64,19.44,5.84,731,93.93,28.57,8681,67.49,94.83,81.19,1910,21.96,29,True,False,False,False,False,False,False,False,False,False,False,False,True,False,True,False,False,False,False,False,False
2004,1.71,6.58,1.22,8.25,18.27,3.19,208,99.11,7.8,13108,82.5,65.33,88.82,1155,14.13,150,False,True,False,False,False,False,False,False,False,False,False,False,True,False,True,False,False,False,False,False,False
2008,0.58,7.29,1.55,8.27,11.27,3.42,27,87.18,15.15,9680,73.39,86.77,89.5,1497,21.9,26,True,False,False,False,False,False,False,False,False,True,False,False,False,False,False,True,False,False,False,False,False
2017,1.67,7.09,1.73,7.64,9.33,2.57,56,75.37,34.82,2777,65.75,43.06,77.87,1059,26.54,664,False,False,False,True,False,False,False,False,False,True,False,False,False,False,False,True,False,False,False,True,False
2004,1.2,6.91,0.98,7.7,15.03,1.97,5,72.65,35.04,2605,60.31,37.92,65.01,1161,21.47,462,False,False,False,True,False,False,False,False,False,False,False,False,True,False,False,False,True,False,False,False,False
2019,2.42,6.63,1.28,7.74,15.73,4.79,257,56.13,67.11,1231,37.18,32.83,43.75,877,17.47,98,False,False,True,False,False,False,False,False,False,False,False,False,True,False,False,False,False,False,False,True,False
2010,2.99,6.41,3.63,7.14,26.35,7.13,942,79.65,37.27,2948,56.39,48.33,75.22,2721,23.89,1517,False,False,False,False,False,False,False,False,False,True,False,False,False,False,True,False,False,False,False,False,False
2011,1.2,7.1,2.47,7.08,11.15,5.64,195,67.86,74.56,1300,54.37,36.96,58.64,440,26.79,290,False,False,False,False,False,False,False,True,False,False,False,True,False,False,False,False,True,False,False,False,True
2005,1.61,6.71,1.29,7.68,12.98,4.07,52,73.3,65.6,1686,50.25,38.12,69.57,513,23.33,334,False,False,False,False,False,False,False,True,False,False,False,False,True,False,False,False,False,True,False,True,False
2005,1.48,7.2,1.3,7.92,9.16,5.03,63,92.32,12.63,12590,76.99,65.9,94.31,745,19.23,123,False,True,False,False,False,False,False,False,False,False,False,True,False,False,False,True,False,False,False,False,True
2003,3.24,6.91,4.58,5.48,28.01,9.46,410,74.12,34.67,3254,69.76,51.18,74.12,2198,27.11,1340,False,False,False,False,False,False,False,False,False,False,False,False,True,False,False,True,False,False,False,False,True
2014,0.82,7.7,1.49,9.07,12.24,0.83,6,95.11,11.46,13344,74.66,66.89,90.0,1041,9.93,160,False,True,False,False,False,False,False,False,False,False,False,False,True,False,False,True,False,False,False,False,False
2015,2.36,7.97,2.73,6.54,20.13,6.35,418,66.97,33.17,2818,58.32,41.02,63.5,1859,24.57,1700,False,False,False,False,False,False,False,False,False,False,False,True,False,False,True,False,False,False,False,False,False
2010,0.99,7.22,0.45,9.11,7.39,1.91,4,90.53,10.22,53706,85.57,88.32,97.79,1136,11.26,44,False,False,False,False,False,False,False,False,True,False,True,False,False,False,False,True,False,False,False,False,False
2018,2.13,7.32,3.28,6.53,17.43,4.24,340,68.72,73.94,2628,60.1,54.59,49.48,1140,28.1,165,False,False,False,False,False,False,True,False,False,True,False,False,False,False,True,False,False,False,True,False,False
2000,1.98,6.89,2.84,7.22,18.77,7.17,366,85.59,32.16,3118,62.09,32.96,79.16,1099,25.39,323,False,False,False,True,False,False,False,False,False,False,True,False,False,False,False,True,False,False,False,False,True
2010,1.82,7.63,4.26,7.62,9.42,5.43,264,97.82,12.45,53469,87.67,80.71,83.38,803,15.72,37,False,False,False,False,False,False,False,False,True,False,False,True,False,False,True,False,False,False,False,False,False
2006,1.42,7.0,1.2,7.59,16.35,0.36,53,95.91,12.67,10186,76.72,62.34,85.77,1183,16.24,156,False,True,False,False,False,False,False,False,False,False,False,False,False,False,False,False,True,False,False,False,True
2010,1.18,7.57,0.79,8.38,13.79,2.3,3,65.36,76.04,2237,45.01,53.55,57.91,1123,25.33,124,False,False,False,False,False,False,True,False,False,False,False,False,False,False,False,False,True,False,False,False,False
2020,3.97,6.8,4.07,6.65,26.04,6.06,638,73.31,32.31,3444,63.97,44.8,81.69,2013,25.74,1423,False,False,False,False,False,False,False,False,False,False,False,True,False,False,False,False,False,True,False,False,True
2010,3.01,7.54,4.47,5.48,26.59,7.87,883,75.95,39.93,4531,61.57,55.38,68.66,2461,27.04,131,False,False,False,False,True,False,False,False,False,False,False,True,False,False,False,False,False,False,False,False,False
2016,2.08,7.37,1.27,6.47,18.38,3.51,494,90.27,24.81,11261,79.84,93.93,90.17,1839,20.82,22,True,False,False,False,False,False,False,False,False,False,False,True,False,False,False,False,False,False,True,False,False
2009,1.54,7.66,0.15,8.11,16.32,3.79,95,60.89,77.69,2144,46.52,56.46,53.56,1387,22.3,225,False,False,False,False,False,False,True,False,False,False,True,False,False,False,False,False,False,True,True,False,False
2006,0.42,7.05,1.28,8.05,8.38,5.29,17,46.97,61.79,1158,38.1,22.5,48.31,801,15.56,144,False,False,True,False,False,False,False,False,False,False,True,False,False,False,False,True,False,False,False,False,False
2009,1.14,7.53,1.08,7.75,16.9,2.18,23,71.79,35.84,2638,59.14,37.71,68.03,2073,24.26,1033,False,False,False,False,False,False,False,False,False,False,False,False,False,False,False,False,True,False,False,True,False
2009,3.24,6.67,5.64,5.62,20.82,9.66,1001,66.37,79.35,1585,50.59,40.69,60.01,513,28.89,363,False,False,False,False,False,False,False,True,False,False,False,True,False,True,False,False,False,False,False,False,False
2019,1.94,7.97,1.17,6.02,21.25,4.81,180,83.69,38.52,2730,58.62,41.99,72.7,1474,26.72,522,False,False,False,True,False,False,False,False,False,False,True,False,False,False,False,False,False,True,False,True,False
2013,1.5,7.74,2.35,7.56,18.98,2.47,211,90.82,21.48,9375,77.43,86.27,80.25,1347,23.38,24,True,False,False,False,False,False,False,False,False,False,True,False,False,False,True,False,False,False,False,False,False
2007,2.13,7.36,3.5,6.46,16.96,6.79,345,65.5,65.91,1697,50.62,37.3,67.87,503,27.85,286,False,False,False,False,False,False,False,True,False,False,False,False,True,True,False,False,False,False,True,False,False
2011,1.43,7.42,2.86,6.1,13.52,5.75,285,89.73,28.31,8929,59.83,88.12,78.04,1940,26.01,17,True,False,False,False,False,False,False,False,False,False,False,False,False,False,False,True,False,False,False,False,True
2015,3.43,6.94,4.35,5.82,22.51,7.49,729,76.49,36.96,4847,58.95,60.13,68.96,1601,26.84,189,False,False,False,False,True,False,False,False,False,True,False,False,False,False,False,False,False,True,False,False,True
2002,3.71,7.86,7.68,6.35,20.4,11.66,1797,51.57,61.55,1251,50.37,22.18,40.7,783,18.57,86,False,False,True,False,False,False,False,False,False,False,False,False,False,False,True,False,False,False,False,False,True
2016,1.58,7.08,1.76,7.5,12.02,3.97,61,87.97,18.47,9483,74.69,79.95,86.74,620,23.91,35,False,False,False,False,False,True,False,False,False,False,False,False,False,False,False,False,False,False,True,False,False
2005,2.44,7.45,4.07,6.41,21.89,5.38,1182,76.46,41.96,2828,47.26,42.02,64.74,1947,25.33,944,False,False,False,False,False,False,False,False,False,False,False,False,True,True,False,False,False,False,True,False,False
2011,2.55,6.93,2.54,7.29,18.5,6.3,570,78.87,40.46,2859,60.71,42.0,76.76,806,21.61,473,False,False,False,True,False,False,False,False,False,False,True,False,False,False,False,False,False,False,False,False,True
2010,1.68,7.94,2.69,7.75,16.92,6.02,186,94.2,14.63,11384,87.81,65.78,95.32,811,14.65,152,False,True,False,False,False,False,False,False,False,False,False,False,True,True,False,False,False,False,False,True,False
2020,3.6,6.29,6.93,5.43,19.74,9.8,1303,69.69,72.27,1989,57.92,34.73,70.02,451,25.58,429,False,False,False,False,False,False,False,True,False,False,False,False,True,False,True,False,False,False,False,False,True
2015,1.42,6.68,1.41,7.08,17.65,3.79,99,81.48,38.86,2413,61.66,33.45,69.49,1296,24.93,677,False,False,False,True,False,False,False,False,False,True,False,False,False,False,False,False,False,True,False,True,False
2011,2.52,6.35,4.04,7.21,21.63,5.71,341,90.88,24.28,8419,67.26,86.9,80.58,1707,23.79,37,True,False,False,False,False,False,False,False,False,False,True,False,False,False,False,True,False,False,False,False,True
2011,0.86,7.31,1.92,7.14,11.62,2.82,69,89.65,16.42,10176,74.48,85.32,92.37,730,17.88,84,False,False,False,False,False,True,False,False,False,False,False,False,True,False,False,False,False,False,False,False,False
2002,2.46,7.06,4.29,6.51,16.85,5.7,394,97.44,20.72,9183,79.7,82.02,86.76,710,22.84,65,False,False,False,False,False,True,False,False,False,False,False,True,False,True,False,False,False,False,False,True,False
2023,0.02,6.63,1.3,9.43,7.4,0.6,15,90.7,9.01,46784,81.5,84.86,96.07,793,13.48,34,False,False,False,False,False,False,False,False,True,False,False,True,False,False,False,False,True,False,False,False,True
2016,2.0,7.2,0.65,8.16,16.88,5.14,130,88.14,17.13,10080,58.47,93.53,87.17,1577,22.82,32,True,False,False,False,False,False,False,False,False,False,False,False,True,False,False,False,True,False,False,False,True
2024,0.77,7.19,0.15,8.09,8.23,4.31,36,91.62,16.3,11547,71.95,85.12,86.86,596,21.1,81,False,False,False,False,False,True,False,False,False,False,False,False,False,False,False,False,False,True,False,False,False
2011,1.34,7.64,1.51,6.69,15.09,5.79,158,82.68,25.12,7437,66.14,90.1,78.6,1452,25.53,31,True,False,False,False,False,False,False,False,False,True,False,False,False,False,False,False,False,True,False,False,False
2014,1.14,6.95,2.08,7.23,19.02,1.57,142,92.2,12.61,9480,72.93,89.73,76.01,1986,19.64,30,True,False,False,False,False,False,False,False,False,False,False,False,True,False,False,False,False,True,False,True,False
2024,1.45,7.09,1.32,7.98,11.44,5.15,145,65.96,63.61,2181,63.21,48.35,62.98,460,26.08,394,False,False,False,False,False,False,False,True,False,False,True,False,False,False,False,False,False,True,False,True,False
2010,0.83,6.79,1.24,8.49,10.26,3.82,104,91.01,13.28,12084,81.77,70.71,87.95,834,14.86,171,False,True,False,False,False,False,False,False,False,False,False,True,False,False,False,False,False,False,False,True,False
2024,1.11,7.03,0.15,7.86,10.37,2.83,40,97.14,15.37,12693,74.29,84.04,92.25,722,19.73,64,False,False,False,False,False,True,False,False,False,False,False,False,False,False,False,True,False,False,False,False,False
2020,2.39,7.51,1.9,8.43,16.22,5.45,168,98.12,11.03,54665,90.29,80.56,88.36,928,10.37,47,False,False,False,False,False,False,False,False,True,False,False,True,False,False,False,True,False,False,False,False,True
2016,2.05,7.19,2.16,6.9,25.91,2.78,172,69.95,34.11,2878,52.52,37.09,72.69,2406,24.15,717,False,False,False,False,False,False,False,False,False,True,False,False,False,False,False,True,False,False,False,False,False
2015,1.96,6.77,1.27,7.83,18.47,4.54,48,81.53,31.37,2755,58.83,43.66,73.86,994,25.56,309,False,False,False,True,False,False,False,False,False,False,False,False,False,False,False,False,True,False,False,False,False
2008,2.97,7.31,4.7,5.99,20.72,4.34,890,77.31,41.14,2845,59.46,33.21,73.12,1362,23.29,550,False,False,False,True,False,False,False,False,False,False,True,False,False,False,False,False,False,False,False,False,True
2000,1.64,7.64,2.27,8.0,14.37,5.87,89,58.1,62.95,1140,30.89,25.68,39.89,761,18.21,110,False,False,True,False,False,False,False,False,False,False,False,True,False,False,False,False,False,False,False,True,False
2000,2.71,6.93,4.19,5.76,24.76,5.72,726,78.34,30.9,4187,52.62,60.08,69.25,2512,28.16,137,False,False,False,False,True,False,False,False,False,False,False,False,True,False,False,False,False,False,False,False,False
2004,2.48,6.42,2.45,7.07,15.28,6.47,207,57.42,76.34,2160,41.39,51.81,39.93,1587,26.48,339,False,False,False,False,False,False,True,False,False,False,False,True,False,False,False,False,False,True,True,False,False
2005,0.95,7.75,0.22,7.7,13.99,1.89,93,70.11,62.91,1562,52.29,39.22,64.31,559,24.5,456,False,False,False,False,False,False,False,True,False,False,False,False,False,False,False,False,True,False,False,False,True
2005,1.24,7.38,0.22,7.29,23.0,3.66,137,78.11,29.14,4245,57.97,52.21,78.3,2770,25.97,145,False,False,False,False,True,False,False,False,False,True,False,False,False,False,False,True,False,False,False,False,False
2015,2.79,7.18,2.37,6.63,15.23,7.29,569,94.81,22.13,11025,73.39,84.54,89.12,641,18.69,61,False,False,False,False,False,True,False,False,False,True,False,False,False,True,False,False,False,False,False,False,False
2007,2.84,7.14,5.26,6.1,21.4,4.13,544,87.42,23.75,8508,66.53,83.03,86.48,1970,25.57,21,True,False,False,False,False,False,False,False,False,True,False,False,False,True,False,False,False,False,False,False,False
2003,4.17,6.75,8.43,6.67,24.24,11.74,1518,61.48,61.84,1202,43.85,25.3,33.9,918,17.82,199,False,False,True,False,False,False,False,False,False,False,False,False,False,True,False,False,False,False,False,False,True
2006,1.67,7.55,0.4,8.06,19.49,2.92,33,74.67,28.79,4319,61.95,50.27,78.8,2627,22.41,116,False,False,False,False,True,False,False,False,False,False,False,False,False,False,False,False,True,False,True,False,False
2006,2.29,6.89,2.02,7.5,16.3,7.29,158,43.48,61.6,1075,33.96,24.27,33.67,1025,17.81,118,False,False,True,False,False,False,False,False,False,False,False,False,True,False,False,False,False,True,False,False,False
2012,1.39,7.41,1.14,7.44,10.92,5.21,82,65.88,66.27,1781,56.14,41.61,63.57,473,20.93,200,False,False,False,False,False,False,False,True,False,True,False,False,False,False,False,True,False,False,True,False,False
2016,2.09,7.24,1.79,7.55,21.35,5.1,238,72.78,38.31,2814,67.03,40.45,72.92,1447,23.14,458,False,False,False,True,False,False,False,False,False,False,False,False,True,False,False,False,False,False,True,False,False
2021,4.01,6.48,8.51,6.64,27.33,10.82,1346,77.95,35.08,4751,70.28,53.88,74.38,1847,29.97,140,False,False,False,False,True,False,False,False,False,False,False,True,False,True,False,False,False,False,False,False,True
2010,1.76,6.62,0.26,8.0,16.64,2.52,56,80.48,23.64,4895,61.07,54.75,82.11,2424,26.42,150,False,False,False,False,True,False,False,False,False,False,False,False,False,False,False,True,False,False,True,False,False
2012,0.32,7.4,1.77,6.57,13.1,1.39,71,97.96,18.23,8302,73.35,86.51,74.16,2148,25.41,29,True,False,False,False,False,False,False,False,False,False,False,False,True,False,False,False,False,True,True,False,False
2017,2.15,7.01,3.87,8.51,16.63,1.03,418,92.26,20.15,11044,79.92,67.08,83.17,1197,12.88,107,False,True,False,False,False,False,False,False,False,False,False,False,False,True,False,False,False,False,False,True,False
2011,3.38,6.66,7.21,5.7,17.04,9.59,1634,74.66,69.47,1887,50.83,39.98,73.3,421,21.75,302,False,False,False,False,False,False,False,True,False,False,True,False,False,True,False,False,False,False,False,False,True
2006,2.7,6.77,3.73,5.9,16.3,6.45,818,95.48,21.37,8085,68.32,81.05,84.02,1777,28.26,22,True,False,False,False,False,False,False,False,False,False,False,True,False,True,False,False,False,False,False,True,False
2014,3.21,6.67,5.42,6.61,21.6,8.56,966,62.6,82.51,2442,46.17,55.84,55.31,1276,24.9,267,False,False,False,False,False,False,True,False,False,True,False,False,False,True,False,False,False,False,False,False,False
2019,2.76,6.75,4.82,7.65,17.09,6.34,1343,55.82,57.81,1180,40.19,25.4,29.95,1214,15.73,122,False,False,True,False,False,False,False,False,False,False,False,False,False,False,False,False,False,False,False,False,True
2019,2.07,7.19,0.51,7.33,16.24,6.13,175,67.38,74.99,2646,43.44,56.1,59.07,1282,25.64,198,False,False,False,False,False,False,True,False,False,False,False,False,True,False,False,True,False,False,False,False,False
2005,3.7,6.55,7.18,4.93,23.32,8.52,1656,96.7,26.52,9476,77.46,72.56,87.95,1012,23.95,40,False,False,False,False,False,True,False,False,False,True,False,False,False,True,False,False,False,False,False,False,True
2012,1.91,7.06,4.41,7.39,19.17,3.66,403,91.0,18.82,9499,80.24,86.71,95.38,1966,28.4,25,True,False,False,False,False,False,False,False,False,False,False,False,True,True,False,False,False,False,True,False,False
2000,2.15,6.8,4.25,5.2,25.1,4.94,749,68.18,41.65,2450,55.04,37.3,73.21,2015,23.41,1498,False,False,False,False,False,False,False,False,False,False,False,False,True,False,True,False,False,False,True,False,False
2018,1.48,7.19,1.04,6.55,11.86,4.29,46,76.34,66.17,1681,53.3,35.07,62.39,495,25.71,232,False,False,False,False,False,False,False,True,False,False,False,False,True,False,False,True,False,False,True,False,False
2001,3.07,7.08,4.85,6.33,20.92,6.61,962,82.04,39.49,2338,53.31,33.49,77.48,1156,24.02,531,False,False,False,True,False,False,False,False,False,True,False,False,False,False,False,False,False,True,False,False,True
2002,0.97,6.91,1.43,8.0,11.47,0.85,5,88.09,14.01,11493,69.95,64.76,84.12,1027,14.88,106,False,True,False,False,False,False,False,False,False,False,False,True,False,False,False,True,False,False,False,True,False
2013,3.01,7.2,5.44,5.78,25.9,6.92,700,67.21,40.26,2293,57.24,35.88,62.96,2106,29.66,1214,False,False,False,False,False,False,False,False,False,False,False,True,False,True,False,False,False,False,True,False,False
2017,0.05,7.13,1.18,8.53,8.17,1.67,20,87.82,6.87,55407,83.05,79.53,98.28,779,13.2,36,False,False,False,False,False,False,False,False,True,True,False,False,False,False,False,False,True,False,False,False,True
2014,2.69,7.4,4.91,6.84,23.44,6.62,403,82.04,29.74,5058,68.47,69.87,77.17,2238,28.95,144,False,False,False,False,True,False,False,False,False,False,False,True,False,True,False,False,False,False,True,False,False
2024,3.08,6.91,8.48,4.78,20.51,8.97,1415,85.85,20.69,8731,77.92,80.04,75.62,1524,27.44,35,True,False,False,False,False,False,False,False,False,False,False,False,True,False,True,False,False,False,False,False,True
2005,0.67,7.98,0.97,7.87,14.5,1.77,3,77.73,33.1,2247,59.92,31.25,71.19,1084,20.67,520,False,False,False,True,False,False,False,False,False,False,True,False,False,False,False,False,False,True,True,False,False
2004,4.17,6.37,9.44,5.49,22.08,14.2,1971,56.93,85.55,1940,34.96,48.83,45.64,1089,26.02,216,False,False,False,False,False,False,True,False,False,True,False,False,False,True,False,False,False,False,False,False,True
2011,1.65,7.12,0.81,7.41,20.11,4.77,114,79.18,31.83,4644,64.04,62.65,66.12,2504,23.66,157,False,False,False,False,True,False,False,False,False,False,False,False,True,False,False,True,False,False,False,True,False
2018,0.66,7.41,0.73,9.05,10.97,2.57,34,99.7,6.51,13515,71.31,68.02,99.5,1139,10.34,182,False,True,False,False,False,False,False,False,False,False,False,False,True,False,False,False,False,True,False,True,False
2004,0.64,7.82,1.57,8.9,8.04,2.51,63,92.75,12.31,48076,87.11,82.01,94.28,889,8.8,33,False,False,False,False,False,False,False,False,True,False,False,False,False,False,False,True,False,False,False,False,True
2011,2.04,7.33,4.32,7.0,23.94,6.91,414,78.08,34.72,4720,64.37,55.27,81.37,1859,26.94,169,False,False,False,False,True,False,False,False,False,False,False,False,False,True,False,False,False,False,True,False,False
2005,3.94,6.98,5.52,5.55,31.82,9.27,1609,81.61,37.72,2657,57.13,38.58,72.84,2342,27.0,1361,False,False,False,False,False,False,False,False,False,True,False,False,False,True,False,False,False,False,True,False,False
2000,2.0,7.69,3.83,7.36,11.76,7.05,550,58.1,61.46,1094,37.93,19.93,35.58,835,17.23,84,False,False,True,False,False,False,False,False,False,False,False,False,True,False,True,False,False,False,False,False,False
2021,0.6,7.65,2.01,9.16,10.08,1.14,3,93.32,4.91,13372,78.94,65.94,90.11,1215,12.5,185,False,True,False,False,False,False,False,False,False,False,True,False,False,False,False,False,True,False,True,False,False
2013,2.56,7.01,4.14,7.07,18.59,7.82,586,69.36,63.57,1655,54.88,35.23,72.7,659,27.02,264,False,False,False,False,False,False,False,True,False,False,False,False,True,True,False,False,False,False,False,False,False
2016,2.69,6.98,4.31,6.69,17.4,6.04,354,65.92,73.2,2339,46.4,61.39,41.55,961,28.6,286,False,False,False,False,False,False,True,False,False,False,False,False,True,False,True,False,False,False,False,True,False
2011,2.65,6.88,2.43,7.51,19.82,5.77,279,54.01,72.39,2138,49.77,55.51,46.84,1224,27.88,220,False,False,False,False,False,False,True,False,False,False,True,False,False,False,False,False,False,False,False,False,False
2024,2.03,7.45,2.55,6.65,15.78,6.75,568,76.54,34.86,2697,55.7,32.01,74.2,730,26.4,515,False,False,False,True,False,False,False,False,False,False,False,True,False,False,True,False,False,False,True,False,False
2014,1.17,6.97,1.43,8.39,11.82,2.63,146,95.64,6.11,57537,94.06,82.4,97.65,1106,14.41,50,False,False,False,False,False,False,False,False,True,True,False,False,False,False,False,False,False,False,False,False,False
2016,2.09,7.38,2.87,7.02,13.6,4.68,394,64.88,75.62,1671,54.44,31.97,58.8,450,23.01,209,False,False,False,False,False,False,False,True,False,False,True,False,False,True,False,False,False,False,True,False,False
2003,3.31,6.51,3.98,6.0,30.37,9.8,852,69.73,34.46,2911,55.93,47.73,75.1,2397,31.14,1386,False,False,False,False,False,False,False,False,False,False,False,False,False,False,True,False,False,False,False,True,False
2020,1.55,7.16,3.43,7.52,16.23,4.52,316,63.81,78.51,2602,34.75,60.98,54.1,965,25.89,204,False,False,False,False,False,False,True,False,False,False,False,False,False,False,True,False,False,False,False,False,False
2017,1.59,6.99,2.16,7.52,13.35,4.71,139,93.28,14.3,11280,75.78,75.97,95.53,614,22.5,57,False,False,False,False,False,True,False,False,False,False,False,False,True,False,True,False,False,False,False,True,False
2016,2.42,7.03,4.04,6.52,22.27,6.45,338,75.95,31.74,2846,57.58,48.51,65.8,2207,29.43,910,False,False,False,False,False,False,False,False,False,False,False,True,False,False,True,False,False,False,False,True,False
2006,1.35,7.22,1.09,8.1,12.5,2.09,40,93.13,18.21,9204,69.52,82.63,86.08,1580,25.28,29,True,False,False,False,False,False,False,False,False,False,True,False,False,False,False,True,False,False,False,True,False
2011,3.32,6.68,6.14,6.09,27.81,4.09,965,75.98,27.72,4933,62.31,54.86,84.4,2669,27.5,101,False,False,False,False,True,False,False,False,False,False,True,False,False,True,False,False,False,False,False,False,False
2012,0.49,7.12,0.72,8.82,7.09,0.05,16,93.23,10.82,13467,84.68,65.57,94.56,912,13.87,87,False,True,False,False,False,False,False,False,False,False,False,True,False,False,False,False,False,True,False,False,False
2015,0.22,7.23,0.15,8.77,8.84,0.05,3,97.63,10.64,12174,65.96,59.88,89.95,863,14.94,184,False,True,False,False,False,False,False,False,False,True,False,False,False,False,False,False,True,False,True,False,False
2011,1.25,7.48,0.4,7.9,16.22,1.55,37,72.11,35.14,2707,70.5,37.94,77.85,1064,21.9,489,False,False,False,True,False,False,False,False,False,False,False,True,False,False,False,True,False,False,True,False,False
2002,1.33,6.79,1.47,8.13,7.83,6.99,112,42.75,62.46,971,38.5,20.0,42.35,860,18.88,99,False,False,True,False,False,False,False,False,False,False,True,False,False,False,False,False,False,True,False,False,False
2012,3.05,7.05,5.75,5.41,24.24,6.09,1106,76.79,31.37,2921,51.72,31.09,76.68,1686,22.6,706,False,False,False,True,False,False,False,False,False,False,False,False,False,True,False,False,False,False,False,True,False
2013,3.67,7.03,5.42,5.99,26.42,7.71,483,75.08,37.09,2704,49.67,44.1,64.68,2006,26.14,1639,False,False,False,False,False,False,False,False,False,False,False,False,False,False,True,False,False,False,False,False,False
2010,0.15,7.08,0.15,9.83,6.86,2.01,3,60.01,58.36,1367,49.61,33.16,37.35,943,17.88,134,False,False,True,False,False,False,False,False,False,False,False,True,False,False,False,False,True,False,False,False,False
2022,2.49,7.18,3.13,6.25,26.37,4.95,701,90.69,20.12,9710,74.81,82.02,82.65,3257,26.94,21,True,False,False,False,False,False,False,False,False,False,False,True,False,False,True,False,False,False,False,True,False
2015,0.81,7.06,1.37,7.31,16.71,2.02,11,86.5,21.22,8027,79.19,90.96,77.95,2092,26.97,36,True,False,False,False,False,False,False,False,False,False,False,False,False,False,False,False,True,False,False,False,False
2003,0.02,7.8,0.48,7.77,8.93,0.05,3,83.15,21.92,7614,71.93,86.29,86.85,1770,23.85,31,True,False,False,False,False,False,False,False,False,False,False,True,False,False,False,False,True,False,True,False,False
2000,2.7,6.88,5.09,6.72,20.16,6.99,469,56.76,78.08,1916,46.9,62.0,53.67,1286,27.48,279,False,False,False,False,False,False,True,False,False,False,False,False,True,False,False,True,False,False,False,False,True
2019,1.35,7.45,1.71,7.47,18.06,4.59,75,78.91,24.39,5886,63.58,62.21,77.79,2092,23.13,110,False,False,False,False,True,False,False,False,False,False,False,False,False,False,False,False,False,True,False,True,False
2011,2.32,6.95,5.3,5.39,16.19,8.58,421,56.01,57.89,1392,45.59,29.42,41.18,799,20.96,96,False,False,True,False,False,False,False,False,False,False,False,True,False,True,False,False,False,False,False,True,False
2009,2.52,7.31,2.6,8.31,13.71,7.95,467,85.61,12.3,46928,93.69,80.91,88.44,741,10.32,45,False,False,False,False,False,False,False,False,True,False,False,True,False,True,False,False,False,False,False,False,False
2007,4.33,7.1,8.84,5.62,29.23,11.7,2074,81.63,27.13,4922,65.07,52.51,73.11,2283,24.25,152,False,False,False,False,True,False,False,False,False,False,False,False,False,False,True,False,False,False,False,False,True
2008,1.08,7.31,2.1,7.65,13.7,5.53,145,75.11,41.2,2583,54.25,37.21,70.18,1326,26.47,448,False,False,False,True,False,False,False,False,False,True,False,False,False,False,False,True,False,False,False,True,False
2005,3.12,6.62,3.27,7.07,18.58,4.28,406,66.49,67.31,1491,46.68,34.04,63.15,647,24.34,382,False,False,False,False,False,False,False,True,False,False,False,False,False,False,False,False,False,True,False,False,True
2004,2.79,6.95,5.04,6.88,16.34,6.63,425,97.91,12.69,45558,88.22,77.13,90.47,738,17.21,25,False,False,False,False,False,False,False,False,True,False,False,True,False,True,False,False,False,False,False,False,False
2013,3.09,6.93,4.6,5.9,24.43,6.76,841,74.59,31.33,4163,71.1,60.69,71.11,2466,28.1,84,False,False,False,False,True,False,False,False,False,True,False,False,False,False,True,False,False,False,False,False,False
2016,2.44,6.65,2.96,6.47,19.95,4.82,318,90.07,19.55,9221,69.14,84.81,78.42,1931,20.9,33,True,False,False,False,False,False,False,False,False,False,False,False,True,False,False,False,False,True,False,False,True
2000,0.35,6.92,0.52,9.06,9.48,3.29,3,92.49,14.4,10380,63.85,64.02,81.71,842,13.07,184,False,True,False,False,False,False,False,False,False,False,False,False,True,False,False,True,False,False,False,True,False
2006,1.51,6.19,2.28,7.86,19.73,3.14,167,75.57,32.52,2821,61.46,48.21,65.64,2266,27.3,950,False,False,False,False,False,False,False,False,False,False,True,False,False,False,False,False,False,True,True,False,False
2023,2.49,7.35,5.47,7.24,15.8,7.42,747,98.19,8.88,54721,82.62,82.6,96.46,682,10.39,44,False,False,False,False,False,False,False,False,True,False,False,False,False,True,False,False,False,False,False,False,True
2008,1.2,7.72,1.84,9.18,15.11,2.15,106,93.01,9.58,12091,67.82,61.64,92.97,940,13.43,129,False,True,False,False,False,False,False,False,False,True,False,False,False,False,False,False,False,False,True,False,False
2017,3.71,7.0,6.32,5.44,34.78,9.3,951,70.65,40.66,2781,59.0,49.38,63.23,2637,28.91,994,False,False,False,False,False,False,False,False,False,False,False,True,False,False,False,False,False,True,False,False,True
2009,0.64,6.71,1.37,8.1,6.96,0.2,3,94.47,6.13,57375,86.03,85.33,99.5,711,17.3,37,False,False,False,False,False,False,False,False,True,False,False,False,False,False,False,False,True,False,True,False,False
2009,4.34,6.38,9.06,5.9,23.12,10.73,1731,62.08,66.29,1452,49.38,21.31,44.71,1334,22.62,122,False,False,True,False,False,False,False,False,False,False,False,False,False,True,False,False,False,False,False,False,True
2004,1.12,6.83,0.15,6.79,5.39,0.75,12,93.34,15.86,9692,71.51,79.98,89.63,612,20.63,78,False,False,False,False,False,True,False,False,False,True,False,False,False,False,False,True,False,False,False,False,False
2006,1.69,7.25,3.1,7.1,15.73,7.01,384,58.17,76.47,2045,41.11,53.69,44.17,995,25.52,333,False,False,False,False,False,False,True,False,False,False,True,False,False,False,False,False,True,False,False,False,True
2024,1.73,6.63,3.32,7.14,21.23,4.54,259,76.94,34.04,2660,62.99,34.03,77.75,1221,27.04,497,False,False,False,True,False,False,False,False,False,False,True,False,False,False,False,True,False,False,False,False,True
2003,2.75,7.45,5.49,4.89,25.51,9.75,960,75.53,39.45,2819,60.95,35.55,68.92,1955,25.01,1275,False,False,False,False,False,False,False,False,False,False,True,False,False,False,False,False,False,False,False,False,True
2008,4.38,6.73,9.93,4.75,27.98,7.71,1578,77.42,43.64,2434,61.02,37.16,78.92,905,27.07,558,False,False,False,True,False,False,False,False,False,False,False,False,False,True,False,False,False,False,False,False,True
2016,2.36,7.43,3.84,7.2,14.62,4.74,420,70.48,70.05,1671,50.1,39.77,70.33,735,22.63,261,False,False,False,False,False,False,False,True,False,False,True,False,False,False,False,False,False,False,False,False,False
2018,1.3,6.46,0.15,8.32,11.64,5.72,7,59.76,77.52,2150,51.21,58.21,41.67,1085,25.96,271,False,False,False,False,False,False,True,False,False,False,False,False,False,False,False,False,True,False,True,False,False
2015,2.69,6.14,5.38,5.86,18.33,4.2,707,95.16,13.32,13981,76.82,72.56,99.5,795,15.79,203,False,True,False,False,False,False,False,False,False,False,True,False,False,True,False,False,False,False,False,False,True
2000,2.93,6.34,4.33,6.05,19.66,7.22,384,68.88,67.28,1723,50.27,34.93,69.92,484,23.13,309,False,False,False,False,False,False,False,True,False,False,False,False,True,False,True,False,False,False,True,False,False
2023,2.57,6.89,6.86,5.27,30.0,8.53,853,73.57,36.34,3320,64.46,44.83,69.24,2227,27.07,905,False,False,False,False,False,False,False,False,False,False,True,False,False,False,False,False,False,False,False,False,True
2013,2.09,7.01,2.92,7.57,14.14,4.79,267,90.26,16.61,9556,74.62,88.08,86.25,2110,23.8,36,True,False,False,False,False,False,False,False,False,True,False,False,False,False,False,False,False,True,False,True,False
2002,3.0,6.27,5.5,5.6,22.61,8.34,610,66.05,69.42,1570,51.48,37.31,63.81,442,21.7,313,False,False,False,False,False,False,False,True,False,True,False,False,False,False,False,False,False,False,False,False,True
2022,2.33,7.3,3.4,7.22,18.94,6.21,319,86.5,13.1,13302,72.56,66.5,92.3,973,13.28,141,False,True,False,False,False,False,False,False,False,False,False,False,False,True,False,False,False,False,False,False,False
2009,2.18,6.77,2.18,7.76,21.64,5.94,577,75.65,34.04,2476,55.36,37.99,72.15,1086,25.0,515,False,False,False,True,False,False,False,False,False,True,False,False,False,False,True,False,False,False,False,False,False
2021,3.52,7.46,5.1,6.41,25.26,5.56,675,73.01,40.38,2633,53.64,42.19,71.04,1982,24.61,916,False,False,False,False,False,False,False,False,False,False,False,True,False,False,True,False,False,False,False,False,False
2017,1.7,7.7,1.63,7.02,15.38,3.7,363,78.62,34.38,2738,54.49,42.8,81.72,1561,24.28,641,False,False,False,True,False,False,False,False,False,False,False,True,False,False,False,False,False,True,False,False,False
2006,2.33,7.23,3.17,7.7,26.83,8.17,278,68.73,35.31,2672,52.35,46.75,76.4,2622,29.68,1035,False,False,False,False,False,False,False,False,False,True,False,False,False,False,False,False,False,False,True,False,False
2014,0.92,6.71,1.09,8.67,12.33,0.99,3,97.55,16.75,12017,81.67,77.12,92.11,690,19.62,77,False,False,False,False,False,True,False,False,False,True,False,False,False,False,False,False,True,False,False,True,False
2015,2.83,7.2,4.14,6.12,23.37,6.31,367,70.44,65.86,1819,58.83,39.32,75.05,398,26.72,285,False,False,False,False,False,False,False,True,False,True,False,False,False,False,False,False,False,True,False,False,True
2021,1.38,6.92,0.15,7.39,16.32,2.6,21,49.58,60.82,1254,35.65,22.48,43.46,813,19.97,108,False,False,True,False,False,False,False,False,False,False,False,True,False,False,False,True,False,False,False,True,False
2003,4.08,7.26,9.82,5.96,22.27,6.45,2359,68.97,66.67,1666,52.09,39.81,63.21,607,23.38,269,False,False,False,False,False,False,False,True,False,False,True,False,False,True,False,False,False,False,False,False,True
2020,1.95,6.72,2.79,6.64,13.53,5.8,482,68.35,70.78,1880,48.08,35.93,65.49,584,24.78,324,False,False,False,False,False,False,False,True,False,True,False,False,False,False,True,False,False,False,False,False,False
2007,0.54,6.88,1.53,8.27,10.69,0.05,45,98.06,12.83,10998,70.42,75.02,92.81,831,16.32,62,False,False,False,False,False,True,False,False,False,True,False,False,False,False,True,False,False,False,False,True,False
2020,1.46,6.63,1.16,7.1,12.82,3.27,59,73.49,62.7,1803,53.67,35.18,72.89,507,19.75,329,False,False,False,False,False,False,False,True,False,False,True,False,False,False,False,False,False,True,True,False,False
2009,2.3,7.16,1.24,7.22,15.57,7.7,247,66.79,73.43,1593,51.29,37.5,73.62,478,22.06,284,False,False,False,False,False,False,False,True,False,False,False,False,True,False,True,False,False,False,False,True,False
2020,0.25,7.3,0.15,8.34,10.25,3.29,4,89.26,16.42,9711,65.09,82.2,85.76,795,20.62,63,False,False,False,False,False,True,False,False,False,False,True,False,False,False,False,False,True,False,False,False,False
2004,3.16,6.87,3.47,6.12,21.75,8.56,538,96.28,18.83,9559,73.12,90.35,91.52,1886,21.3,20,True,False,False,False,False,False,False,False,False,False,True,False,False,False,True,False,False,False,False,False,True
2010,1.69,6.88,1.79,7.4,11.69,5.33,87,56.82,58.88,1127,44.5,22.64,33.04,826,16.88,159,False,False,True,False,False,False,False,False,False,False,False,True,False,False,False,False,False,True,False,True,False
2013,2.82,6.69,4.69,7.1,20.73,6.24,900,66.67,72.72,1658,50.99,35.09,64.82,471,25.88,452,False,False,False,False,False,False,False,True,False,True,False,False,False,True,False,False,False,False,True,False,False
2003,1.91,6.95,1.81,7.49,15.94,4.29,209,59.4,76.95,1354,48.75,28.34,62.66,336,25.56,295,False,False,False,False,False,False,False,True,False,True,False,False,False,False,False,False,False,True,False,False,False
2015,2.48,6.83,1.44,7.23,17.88,5.37,232,71.56,38.42,2767,61.27,41.16,70.28,954,25.98,440,False,False,False,True,False,False,False,False,False,False,False,True,False,False,False,False,True,False,False,False,True
2023,1.59,6.91,2.03,8.47,14.6,2.62,102,93.09,13.72,12363,71.76,60.12,88.03,965,14.87,149,False,True,False,False,False,False,False,False,False,False,False,True,False,False,False,False,False,False,True,False,False
2001,2.7,6.96,4.44,6.93,22.12,6.89,604,51.43,63.77,1241,45.34,22.43,45.14,666,20.12,104,False,False,True,False,False,False,False,False,False,True,False,False,False,False,True,False,False,False,False,False,False
2018,0.76,6.96,0.15,7.84,9.33,0.94,7,92.24,18.4,12205,68.67,82.9,99.5,529,19.78,73,False,False,False,False,False,True,False,False,False,True,False,False,False,False,False,True,False,False,False,False,False
2020,2.46,6.49,3.76,6.56,21.7,6.02,499,68.83,77.94,2182,49.63,51.49,49.42,1643,29.95,388,False,False,False,False,False,False,True,False,False,False,True,False,False,False,True,False,False,False,False,False,False
2011,0.54,7.33,0.63,9.57,8.14,4.47,5,48.89,61.37,1217,35.35,21.63,41.69,752,16.38,151,False,False,True,False,False,False,False,False,False,False,False,False,False,False,False,False,True,False,False,True,False
2020,1.03,7.09,0.92,6.89,10.5,6.41,63,54.47,64.72,1151,47.54,18.37,39.17,907,20.73,134,False,False,True,False,False,False,False,False,False,True,False,False,False,False,False,True,False,False,False,False,False
2010,2.38,6.47,4.08,6.89,26.95,6.39,473,74.21,37.96,2701,59.76,42.63,68.13,2439,26.67,976,False,False,False,False,False,False,False,False,False,False,False,True,False,False,False,False,False,True,False,True,False
2003,0.51,7.25,1.06,9.06,11.56,2.58,3,90.06,8.64,12540,82.7,71.2,86.39,699,13.6,206,False,True,False,False,False,False,False,False,False,False,True,False,False,False,False,False,True,False,True,False,False
2024,1.05,7.17,3.45,7.25,12.73,4.91,357,99.7,13.57,57610,87.64,85.11,94.02,880,10.43,33,False,False,False,False,False,False,False,False,True,False,False,False,False,False,False,True,False,False,False,False,True
2016,3.64,7.25,7.47,6.14,23.13,10.12,912,59.6,81.85,2069,53.24,54.53,48.79,948,28.87,257,False,False,False,False,False,False,True,False,False,False,True,False,False,False,True,False,False,False,False,False,True
2017,2.22,6.8,3.38,6.94,23.68,2.45,440,86.5,22.28,8651,69.69,90.88,79.46,2573,25.1,32,True,False,False,False,False,False,False,False,False,False,False,False,True,False,False,False,False,False,False,True,False
2018,0.71,7.55,0.51,8.88,9.56,2.99,3,99.7,8.19,15783,79.05,63.36,95.5,1295,13.37,175,False,True,False,False,False,False,False,False,False,False,False,False,True,False,False,False,True,False,False,False,False
2001,3.68,6.89,7.49,5.26,24.64,9.58,1347,76.64,39.36,2609,61.03,43.27,66.91,916,27.72,570,False,False,False,True,False,False,False,False,False,True,False,False,False,False,True,False,False,False,False,False,True
2003,2.33,7.16,3.56,6.49,22.33,4.99,326,75.06,37.74,3795,58.12,52.86,72.71,2607,28.55,100,False,False,False,False,True,False,False,False,False,True,False,False,False,False,False,False,False,False,False,False,False
2006,2.8,6.71,4.05,6.21,23.55,7.11,1453,90.48,22.91,9988,70.07,94.25,88.73,1749,23.41,33,True,False,False,False,False,False,False,False,False,False,False,False,True,False,False,False,False,False,False,False,True
2004,1.69,6.32,0.72,6.4,22.04,3.23,97,78.13,28.61,4572,65.22,54.44,77.43,2322,25.99,253,False,False,False,False,True,False,False,False,False,False,False,False,False,False,False,False,False,True,False,False,False
2006,3.19,7.3,4.67,7.02,27.99,5.79,851,86.52,27.4,4521,59.99,61.61,82.59,2612,27.51,145,False,False,False,False,True,False,False,False,False,True,False,False,False,False,False,False,False,True,False,False,True
2013,3.13,6.46,5.98,6.56,23.07,7.22,501,77.89,36.81,2380,52.64,32.1,74.88,1232,25.55,313,False,False,False,True,False,False,False,False,False,False,False,False,False,True,False,False,False,False,False,True,False
2017,2.66,6.5,4.34,5.34,22.06,5.23,490,76.7,39.53,2806,58.01,37.98,60.39,1705,23.63,1478,False,False,False,False,False,False,False,False,False,False,False,False,True,True,False,False,False,False,True,False,False
2007,4.55,6.75,8.16,5.96,27.09,9.88,2011,68.97,39.56,3024,57.69,40.14,70.78,2325,26.3,1069,False,False,False,False,False,False,False,False,False,False,False,False,True,True,False,False,False,False,False,False,True
2013,2.46,7.05,3.76,8.31,14.21,6.75,271,47.35,67.86,1190,50.97,20.44,40.32,717,18.97,161,False,False,True,False,False,False,False,False,False,False,False,False,True,False,False,False,False,False,False,False,False
2013,4.23,7.46,8.99,4.96,21.82,8.98,2192,63.32,69.88,2414,49.77,63.03,58.28,1104,23.64,297,False,False,False,False,False,False,True,False,False,False,False,True,False,False,True,False,False,False,False,False,True
2018,0.65,7.18,1.25,6.87,10.83,3.06,24,76.13,33.69,2852,65.66,34.62,75.7,1290,29.08,726,False,False,False,True,False,False,False,False,False,False,False,True,False,False,False,False,True,False,False,False,False
2020,1.71,8.14,2.74,7.18,14.8,4.33,164,65.02,70.37,2639,50.26,56.02,55.77,1335,23.77,218,False,False,False,False,False,False,True,False,False,True,False,False,False,False,False,True,False,False,True,False,False
2001,0.98,7.34,0.15,9.38,4.73,2.44,3,96.51,12.4,51094,90.6,87.37,92.25,1215,14.23,45,False,False,False,False,False,False,False,False,True,True,False,False,False,False,False,False,True,False,True,False,False
2012,2.63,7.54,4.34,7.35,16.13,6.55,445,89.58,20.24,7752,63.72,80.47,77.73,1580,20.64,21,True,False,False,False,False,False,False,False,False,False,False,False,True,True,False,False,False,False,True,False,False
2002,1.74,6.5,2.53,7.78,14.44,4.92,129,47.41,61.12,1113,50.58,18.89,40.33,902,19.21,79,False,False,True,False,False,False,False,False,False,False,False,True,False,False,False,False,False,True,False,True,False
2004,3.11,6.65,8.5,5.96,23.52,4.69,2048,68.66,72.83,1649,51.76,35.68,60.02,558,23.24,238,False,False,False,False,False,False,False,True,False,False,False,False,False,True,False,False,False,False,False,False,True
2015,2.33,7.08,2.54,6.67,21.56,2.26,193,80.53,34.08,5120,62.62,56.39,77.82,2374,28.32,166,False,False,False,False,True,False,False,False,False,False,False,True,False,False,False,False,False,False,True,False,False
2023,1.83,6.91,0.67,6.93,10.84,3.76,100,66.09,73.91,1553,51.54,32.28,65.07,723,25.34,319,False,False,False,False,False,False,False,True,False,False,False,True,False,False,False,False,True,False,False,False,True
2023,1.59,7.05,2.85,7.07,17.0,4.83,228,96.0,10.45,15249,82.69,65.23,85.96,912,15.72,173,False,True,False,False,False,False,False,False,False,False,False,True,False,False,True,False,False,False,False,False,False
2013,3.29,7.08,4.15,6.67,28.73,8.11,602,80.7,37.06,3276,53.7,40.91,78.41,2685,24.28,1514,False,False,False,False,False,False,False,False,False,False,False,False,False,True,False,False,False,False,True,False,False
2017,0.88,6.82,0.61,7.71,9.55,0.05,3,98.73,10.16,8721,60.05,77.91,88.9,765,25.43,47,False,False,False,False,False,True,False,False,False,False,False,False,True,False,False,True,False,False,True,False,False
2008,2.13,7.3,3.21,6.35,15.79,4.57,288,89.23,22.53,8759,70.81,92.72,78.96,1550,25.24,26,True,False,False,False,False,False,False,False,False,False,True,False,False,False,False,False,False,True,False,False,True
2016,2.27,7.97,4.08,8.05,12.58,3.7,500,90.74,21.86,9307,75.07,84.89,82.14,665,19.77,53,False,False,False,False,False,True,False,False,False,False,False,False,True,False,True,False,False,False,False,False,False
2010,0.19,7.24,1.11,8.83,10.41,1.74,6,90.58,7.14,12086,76.26,65.51,91.7,1109,14.8,126,False,True,False,False,False,False,False,False,False,True,False,False,False,False,False,True,False,False,False,True,False
2017,2.02,7.33,2.88,7.74,14.84,3.8,262,74.77,67.39,1914,50.25,37.11,74.32,495,19.87,321,False,False,False,False,False,False,False,True,False,False,False,False,False,False,False,True,False,False,False,False,True
2011,1.96,6.75,1.31,7.89,12.18,4.0,221,91.36,15.43,9795,63.28,83.71,88.13,713,23.41,44,False,False,False,False,False,True,False,False,False,False,False,False,True,False,False,False,False,False,True,False,False
2024,1.49,7.22,1.79,8.45,12.35,2.54,344,95.59,10.7,54839,94.63,81.07,93.43,855,19.21,47,False,False,False,False,False,False,False,False,True,False,False,True,False,False,True,False,False,False,True,False,False
2010,1.86,7.05,2.55,7.28,16.0,4.75,175,66.72,67.43,1730,60.65,42.47,60.98,541,21.22,184,False,False,False,False,False,False,False,True,False,True,False,False,False,False,False,False,False,False,False,True,False
2012,1.83,7.34,3.71,7.22,19.99,8.89,140,70.96,74.27,1569,46.87,40.19,57.66,382,25.03,352,False,False,False,False,False,False,False,True,False,False,False,True,False,False,False,False,True,False,False,False,True
2006,2.61,7.67,2.94,5.66,21.64,7.53,364,69.71,63.16,1717,55.99,31.06,65.34,538,24.17,381,False,False,False,False,False,False,False,True,False,True,False,False,False,True,False,False,False,False,False,True,False
2005,3.16,7.25,4.27,6.64,17.86,9.0,818,84.03,20.55,4877,61.41,64.74,79.89,2078,28.67,100,False,False,False,False,True,False,False,False,False,True,False,False,False,False,True,False,False,False,False,True,False
2008,0.78,6.94,1.3,8.03,6.15,0.13,4,83.87,21.98,7337,61.85,90.47,81.4,1551,20.81,24,True,False,False,False,False,False,False,False,False,False,False,True,False,False,False,True,False,False,True,False,False
2022,4.08,6.63,8.73,5.3,31.82,9.39,1464,73.53,42.03,2682,60.5,36.71,77.25,2617,23.84,1423,False,False,False,False,False,False,False,False,False,False,False,False,False,False,True,False,False,False,False,False,True
2006,2.82,7.47,4.04,6.98,18.87,4.9,574,41.2,63.68,1143,40.32,20.45,40.91,643,20.61,91,False,False,True,False,False,False,False,False,False,False,False,True,False,True,False,False,False,False,False,True,False
2005,3.02,7.06,5.05,6.78,17.72,6.14,886,58.82,76.7,1749,46.26,51.07,35.07,1036,27.48,156,False,False,False,False,False,False,True,False,False,False,False,False,False,True,False,False,False,False,False,False,False
2023,2.22,7.48,4.41,6.9,20.75,2.2,697,74.0,41.74,2664,54.75,33.08,78.23,859,25.01,577,False,False,False,True,False,False,False,False,False,False,False,True,False,False,True,False,False,False,False,True,False
2015,3.92,7.11,7.89,5.77,30.16,9.52,1697,75.85,35.42,4933,53.6,63.22,75.47,2554,29.14,136,False,False,False,False,True,False,False,False,False,False,False,False,True,True,False,False,False,False,False,False,False
2004,0.54,7.14,0.93,8.22,9.13,4.1,3,50.04,58.42,1134,32.06,23.91,40.59,1185,16.08,119,False,False,True,False,False,False,False,False,False,False,False,False,True,False,False,False,True,False,False,True,False
2005,1.71,7.74,1.19,6.96,13.6,6.13,80,58.2,58.15,1180,49.83,28.75,38.68,857,17.92,118,False,False,True,False,False,False,False,False,False,False,False,True,False,False,True,False,False,False,True,False,False
2017,3.41,7.33,4.86,5.82,23.6,10.48,864,80.76,40.89,2671,52.2,31.58,70.27,1158,24.15,263,False,False,False,True,False,False,False,False,False,False,False,False,False,False,True,False,False,False,False,False,True
2011,0.58,7.44,1.95,8.59,9.98,3.38,3,52.05,54.8,1157,39.92,17.38,46.95,802,16.06,102,False,False,True,False,False,False,False,False,False,False,True,False,False,False,False,False,True,False,True,False,False
2023,1.84,6.81,1.74,7.5,17.85,2.07,130,64.56,75.99,2287,47.72,59.74,48.39,1143,24.77,260,False,False,False,False,False,False,True,False,False,True,False,False,False,False,False,True,False,False,False,True,False
2016,1.61,7.02,0.29,7.74,20.26,2.32,131,92.87,16.22,10180,84.05,87.1,79.81,2506,24.3,15,True,False,False,False,False,False,False,False,False,False,False,False,False,False,False,False,False,True,False,False,False
2023,0.84,6.93,1.63,7.63,13.63,4.06,69,97.14,16.32,10241,73.51,83.41,83.34,1685,22.82,24,True,False,False,False,False,False,False,False,False,False,False,False,False,False,False,False,False,False,False,True,False
2019,0.54,6.97,0.46,8.23,13.76,6.93,45,59.46,60.57,1275,47.42,18.12,45.04,829,20.36,89,False,False,True,False,False,False,False,False,False,False,False,False,True,False,False,True,False,False,True,False,False
2011,1.61,6.28,1.35,8.89,7.45,6.79,37,78.38,62.2,1540,54.63,34.59,61.57,502,26.03,192,False,False,False,False,False,False,False,True,False,False,False,True,False,False,False,False,False,True,True,False,False
2024,0.68,7.63,0.15,8.77,12.08,1.73,13,58.96,61.58,1483,50.74,23.9,42.98,871,16.46,108,False,False,True,False,False,False,False,False,False,False,False,False,True,False,False,True,False,False,True,False,False
2022,2.61,6.82,1.28,7.88,26.51,4.53,175,73.11,32.77,3051,48.33,45.75,70.17,2802,28.85,1167,False,False,False,False,False,False,False,False,False,True,False,False,False,False,False,True,False,False,False,False,False
2022,1.16,6.58,1.47,6.93,12.88,3.83,163,76.69,34.86,2684,64.49,40.54,76.18,925,23.42,447,False,False,False,True,False,False,False,False,False,False,False,True,False,False,False,False,False,False,True,False,False
2007,1.65,6.65,2.07,8.43,12.87,3.78,158,88.68,12.74,12214,73.63,67.67,83.24,1397,12.45,150,False,True,False,False,False,False,False,False,False,False,False,False,True,False,True,False,False,False,True,False,False
2006,2.56,6.47,2.72,6.76,16.7,4.83,419,95.38,20.7,7546,67.11,80.83,86.3,2155,21.7,25,True,False,False,False,False,False,False,False,False,True,False,False,False,False,False,False,False,False,False,False,False
2008,2.05,6.21,4.86,6.2,18.99,7.56,619,60.02,68.85,2065,45.66,52.75,47.51,1277,31.88,242,False,False,False,False,False,False,True,False,False,False,True,False,False,False,True,False,False,False,False,True,False
2022,1.29,7.11,1.53,7.83,15.06,7.29,91,90.86,31.03,5702,68.73,64.67,75.05,2411,21.87,130,False,False,False,False,True,False,False,False,False,False,False,True,False,False,False,True,False,False,True,False,False
2004,1.42,7.11,1.92,6.9,17.29,4.56,166,77.06,36.36,2475,47.47,38.16,69.89,1163,22.92,444,False,False,False,True,False,False,False,False,False,True,False,False,False,False,False,False,False,True,False,True,False
2020,2.23,7.43,2.66,7.12,14.26,5.69,478,73.09,40.79,2438,54.38,41.05,68.49,667,20.82,384,False,False,False,True,False,False,False,False,False,False,False,False,True,False,False,True,False,False,False,False,True
2016,2.81,7.34,3.24,6.66,25.15,7.14,308,72.34,28.12,4716,69.76,60.39,80.69,3007,28.93,115,False,False,False,False,True,False,False,False,False,False,False,False,False,False,False,True,False,False,True,False,False
2015,1.2,6.86,1.47,6.77,12.57,3.26,147,65.67,70.93,2338,56.44,51.69,52.49,949,30.77,316,False,False,False,False,False,False,True,False,False,False,False,False,True,False,False,False,False,True,True,False,False
2015,1.8,7.15,0.92,7.23,15.72,3.81,111,95.02,15.75,9352,62.86,89.62,83.45,825,22.32,55,False,False,False,False,False,True,False,False,False,False,False,True,False,False,False,False,False,True,False,False,False
2018,2.33,6.83,2.13,6.42,19.26,3.51,347,85.65,19.69,9019,70.35,92.0,86.73,1614,26.39,39,True,False,False,False,False,False,False,False,False,False,False,False,True,False,True,False,False,False,False,True,False
2010,2.75,6.66,3.2,7.01,24.35,4.9,354,70.2,34.51,2528,55.65,44.06,61.62,2011,23.33,1227,False,False,False,False,False,False,False,False,False,False,True,False,False,False,False,False,False,False,True,False,False
2024,0.16,7.34,0.15,9.57,8.51,0.05,5,99.7,2.89,51447,96.19,83.76,99.5,1401,11.81,46,False,False,False,False,False,False,False,False,True,False,True,False,False,False,False,False,False,True,True,False,False
2020,1.82,6.79,0.28,6.61,13.41,5.05,45,54.57,57.74,1306,47.14,30.81,42.85,689,20.16,86,False,False,True,False,False,False,False,False,False,False,False,True,False,False,False,True,False,False,False,True,False
2012,4.23,6.91,7.43,6.45,26.11,9.26,1088,61.5,81.57,2073,41.76,58.96,46.12,1185,28.12,184,False,False,False,False,False,False,True,False,False,False,False,False,False,False,False,False,False,False,False,False,True
2011,0.34,7.71,0.17,9.35,8.19,0.63,3,88.98,2.0,55116,88.97,84.05,92.17,921,11.33,36,False,False,False,False,False,False,False,False,True,False,True,False,False,False,False,False,True,False,True,False,False
2022,2.54,7.55,1.57,6.63,13.66,4.98,562,97.53,18.19,11332,74.38,88.33,89.6,690,21.82,58,False,False,False,False,False,True,False,False,False,False,True,False,False,True,False,False,False,False,False,True,False
2007,2.58,6.81,4.05,6.68,17.03,6.73,674,64.93,69.48,2546,45.32,55.82,48.9,1160,29.05,208,False,False,False,False,False,False,True,False,False,False,False,True,False,False,False,True,False,False,False,False,True
2021,0.51,6.69,0.6,7.86,14.47,2.91,3,81.74,27.28,5015,65.33,61.2,74.41,1857,26.45,142,False,False,False,False,True,False,False,False,False,False,False,False,False,False,False,False,True,False,True,False,False
2004,0.12,7.32,0.54,9.12,4.53,0.05,5,95.91,17.01,11381,79.3,82.04,90.45,885,23.73,38,False,False,False,False,False,True,False,False,False,False,False,False,False,False,False,True,False,False,False,False,False
2022,0.86,7.01,0.83,9.52,12.78,2.36,3,97.61,6.16,13883,72.92,67.81,89.34,1102,12.28,92,False,True,False,False,False,False,False,False,False,False,False,False,True,False,False,False,True,False,False,False,True
2000,1.81,7.24,2.59,7.88,13.64,6.15,165,71.52,69.93,1734,52.99,41.51,67.77,455,27.28,225,False,False,False,False,False,False,False,True,False,False,False,True,False,False,False,False,False,False,False,True,False
2007,1.85,7.41,2.38,6.38,13.22,5.94,286,60.96,75.45,2492,46.37,61.69,47.89,979,25.97,213,False,False,False,False,False,False,True,False,False,True,False,False,False,False,False,False,False,False,False,True,False
2000,2.7,7.13,5.13,7.27,16.52,5.31,655,91.59,9.62,43679,95.3,80.18,87.24,782,9.14,44,False,False,False,False,False,False,False,False,True,False,False,False,True,False,True,False,False,False,False,False,True
2022,3.23,7.17,4.51,5.88,22.04,9.43,792,87.31,26.58,8997,78.71,86.83,69.15,1560,26.35,41,True,False,False,False,False,False,False,False,False,False,False,True,False,False,False,False,False,False,False,False,True
2022,2.18,6.99,1.88,9.33,27.43,6.68,293,79.25,36.0,2837,65.09,36.78,70.63,3400,21.86,1632,False,False,False,False,False,False,False,False,False,False,False,False,True,False,False,True,False,False,False,False,False
2017,2.64,6.5,1.9,7.48,24.17,5.65,277,69.2,42.1,2477,47.38,38.54,64.38,2479,26.38,1555,False,False,False,False,False,False,False,False,False,False,False,False,False,False,False,False,False,True,False,True,False
2007,3.1,7.27,3.76,7.51,28.48,9.41,317,73.69,34.43,2866,63.09,41.11,67.29,2811,29.33,999,False,False,False,False,False,False,False,False,False,False,False,False,False,False,False,False,False,True,True,False,False
2019,0.02,7.22,0.95,9.64,12.52,0.05,3,99.37,2.0,51962,91.34,88.6,99.5,848,13.71,42,False,False,False,False,False,False,False,False,True,False,False,True,False,False,False,True,False,False,False,True,False
2018,2.08,6.85,5.28,7.11,14.55,5.08,1004,95.54,14.74,47225,86.73,82.85,94.93,946,13.83,42,False,False,False,False,False,False,False,False,True,True,False,False,False,False,False,False,False,False,False,False,True
2006,2.24,7.06,2.83,7.41,16.75,3.64,207,59.77,78.76,1922,43.7,51.25,50.16,1292,29.38,358,False,False,False,False,False,False,True,False,False,False,False,False,False,False,False,False,False,False,True,False,False
2016,0.81,6.87,0.15,8.97,9.43,3.19,23,47.63,57.8,1223,49.22,23.68,46.53,843,18.9,126,False,False,True,False,False,False,False,False,False,True,False,False,False,False,False,False,True,False,False,False,False
2013,1.31,7.17,0.84,7.84,10.45,2.11,46,92.37,7.74,49351,84.51,88.13,86.77,802,12.69,50,False,False,False,False,False,False,False,False,True,False,True,False,False,False,False,False,False,False,False,True,False
2014,3.22,7.39,5.16,6.93,14.53,7.34,837,90.26,12.99,52702,87.62,86.12,99.5,1004,14.55,33,False,False,False,False,False,False,False,False,True,False,False,True,False,False,True,False,False,False,False,False,True
2003,0.82,6.94,1.4,8.42,6.17,0.05,32,99.3,10.81,11078,70.75,80.65,91.73,654,19.75,69,False,False,False,False,False,True,False,False,False,False,False,False,True,False,False,True,False,False,True,False,False
2016,1.76,7.19,2.56,6.41,19.14,6.73,453,78.69,29.51,5161,69.3,63.53,78.07,2174,26.88,155,False,False,False,False,True,False,False,False,False,False,False,False,True,False,True,False,False,False,True,False,False
2012,2.25,6.56,1.74,6.32,19.64,4.43,287,80.86,34.95,2963,71.21,43.53,76.13,894,25.49,671,False,False,False,True,False,False,False,False,False,True,False,False,False,False,True,False,False,False,False,False,False
2009,0.69,7.27,0.23,8.79,6.62,0.05,3,92.08,13.46,11531,76.92,82.31,88.56,747,20.37,67,False,False,False,False,False,True,False,False,False,False,False,False,True,False,False,False,True,False,False,True,False
2014,2.21,6.71,2.67,7.19,16.76,4.24,288,85.88,20.54,9285,67.74,91.24,80.3,1267,22.8,33,True,False,False,False,False,False,False,False,False,False,False,True,False,False,True,False,False,False,False,True,False
2012,3.94,7.34,7.74,5.53,17.79,9.2,1626,76.61,65.18,1736,45.1,40.73,59.36,610,21.96,293,False,False,False,False,False,False,False,True,False,False,False,False,False,True,False,False,False,False,False,False,True
2020,1.16,6.98,1.25,8.36,7.97,0.84,16,85.89,12.3,10683,68.84,60.89,80.14,772,17.08,166,False,True,False,False,False,False,False,False,False,False,False,True,False,False,False,True,False,False,True,False,False
2012,2.49,7.07,4.68,7.2,19.01,8.72,583,90.31,17.13,12688,83.5,58.24,91.89,1197,13.46,132,False,True,False,False,False,False,False,False,False,False,False,True,False,True,False,False,False,False,True,False,False
2008,2.03,7.31,2.05,7.26,16.1,7.46,397,64.15,65.74,1634,54.59,42.76,61.54,428,25.19,213,False,False,False,False,False,False,False,True,False,False,True,False,False,True,False,False,False,False,True,False,False
2022,1.08,7.43,0.15,7.06,14.38,2.29,15,82.96,32.29,3288,65.34,41.82,75.72,1247,27.99,714,False,False,False,True,False,False,False,False,False,False,False,False,True,False,False,True,False,False,True,False,False
2011,3.23,6.71,6.22,5.51,25.86,8.22,1051,83.83,35.35,3042,72.52,41.36,81.75,1414,21.98,391,False,False,False,True,False,False,False,False,False,False,False,True,False,True,False,False,False,False,False,False,True
2018,2.44,7.09,2.77,6.54,27.16,6.49,1226,70.15,36.0,3096,64.95,40.16,68.56,2117,25.37,1321,False,False,False,False,False,False,False,False,False,False,False,False,True,False,False,False,False,False,True,False,False
2000,0.83,7.12,0.15,8.51,4.74,4.05,3,87.99,16.32,10793,73.12,86.92,89.3,682,18.99,73,False,False,False,False,False,True,False,False,False,False,False,False,False,False,False,True,False,False,True,False,False
2021,0.61,7.04,0.15,9.29,12.94,1.63,3,49.46,58.57,1029,29.64,23.04,36.72,901,18.29,127,False,False,True,False,False,False,False,False,False,False,False,False,True,False,False,False,True,False,True,False,False
2014,2.0,7.74,3.58,6.98,19.07,8.68,534,58.51,65.99,1223,45.43,22.35,42.56,880,18.48,134,False,False,True,False,False,False,False,False,False,False,True,False,False,False,True,False,False,False,True,False,False
2000,1.97,8.07,3.0,7.09,16.53,6.79,218,66.54,64.91,1480,48.99,37.22,65.44,429,24.67,351,False,False,False,False,False,False,False,True,False,True,False,False,False,False,False,True,False,False,False,False,True
2020,0.23,6.64,1.63,10.26,3.6,1.14,5,99.7,8.52,56811,95.87,78.42,88.0,980,11.52,47,False,False,False,False,False,False,False,False,True,True,False,False,False,False,False,True,False,False,False,False,False
2007,2.3,6.78,4.19,7.4,16.5,7.42,335,70.51,75.28,1656,48.81,38.32,64.45,470,19.36,267,False,False,False,False,False,False,False,True,False,False,False,True,False,False,False,True,False,False,False,False,True
2001,2.06,6.98,4.28,6.95,16.28,7.38,953,67.4,70.95,1700,52.71,34.55,56.42,499,25.72,316,False,False,False,False,False,False,False,True,False,False,False,True,False,False,False,False,False,True,False,False,True
2010,3.87,6.85,9.68,5.87,23.05,10.13,1527,80.68,32.4,5076,66.75,61.99,84.44,1826,28.63,131,False,False,False,False,True,False,False,False,False,False,True,False,False,True,False,False,False,False,False,False,True
2017,1.16,7.08,0.15,8.97,9.72,4.96,4,55.27,57.72,1051,39.96,18.05,39.31,639,18.75,133,False,False,True,False,False,False,False,False,False,False,True,False,False,False,False,False,True,False,False,False,False
2002,2.67,6.89,7.56,5.3,25.93,6.2,1264,78.59,28.9,4558,62.73,56.36,71.95,2522,24.46,131,False,False,False,False,True,False,False,False,False,False,False,False,False,True,False,False,False,False,False,True,False
2012,2.84,7.29,6.47,6.52,22.68,8.91,1314,85.79,22.08,12553,74.75,58.32,91.33,945,10.88,106,False,True,False,False,False,False,False,False,False,False,False,False,True,True,False,False,False,False,False,False,True
2021,3.1,6.92,4.27,7.38,21.63,6.8,460,75.55,34.58,5036,68.61,54.74,75.28,2272,26.43,192,False,False,False,False,True,False,False,False,False,False,True,False,False,False,False,True,False,False,False,False,True
2016,3.24,7.26,8.56,5.93,24.99,9.52,1146,66.5,77.32,2284,40.63,62.2,46.36,1071,26.64,250,False,False,False,False,False,False,True,False,False,False,False,True,False,False,True,False,False,False,False,False,True
2018,1.83,7.68,1.51,6.29,22.01,3.89,198,75.31,35.02,2999,62.07,35.84,65.87,1912,28.89,1025,False,False,False,False,False,False,False,False,False,False,True,False,False,False,False,True,False,False,False,False,False
2021,0.72,7.19,1.27,7.63,11.5,3.92,102,70.38,68.14,1795,50.08,41.12,67.34,376,22.26,272,False,False,False,False,False,False,False,True,False,False,False,False,True,False,False,False,True,False,False,False,True
2024,4.12,7.16,8.63,6.27,24.88,10.29,1288,58.85,71.89,1181,44.7,25.19,38.69,893,17.41,125,False,False,True,False,False,False,False,False,False,True,False,False,False,True,False,False,False,False,False,False,True
2006,1.45,6.66,0.26,6.84,20.74,2.24,136,80.46,29.66,4738,64.43,59.74,70.74,2372,27.89,189,False,False,False,False,True,False,False,False,False,False,False,False,False,False,False,True,False,False,False,True,False
2019,3.76,7.13,3.4,5.83,31.57,5.14,691,76.45,32.01,5301,71.94,59.19,85.04,3393,25.95,164,False,False,False,False,True,False,False,False,False,False,False,True,False,False,True,False,False,False,True,False,False
2007,2.19,7.76,2.31,7.64,19.48,5.04,172,85.08,15.08,13037,77.58,68.83,83.42,1184,15.1,122,False,True,False,False,False,False,False,False,False,False,False,True,False,True,False,False,False,False,False,False,False
2001,2.82,7.43,4.43,6.38,21.06,5.01,561,76.89,31.65,4565,59.56,56.8,75.16,2050,27.25,110,False,False,False,False,True,False,False,False,False,True,False,False,False,True,False,False,False,False,False,True,False
2009,2.23,6.92,1.99,7.54,17.79,4.03,200,71.5,40.19,2284,44.38,34.48,68.16,920,25.28,442,False,False,False,True,False,False,False,False,False,False,True,False,False,False,False,False,False,True,True,False,False
2000,2.6,6.86,4.02,6.97,18.09,5.57,639,63.15,76.96,1389,46.2,36.79,64.36,520,20.36,286,False,False,False,False,False,False,False,True,False,True,False,False,False,True,False,False,False,False,True,False,False
2002,1.47,6.46,0.47,8.61,17.29,4.05,57,79.09,31.73,4622,64.23,66.21,72.83,2036,26.1,123,False,False,False,False,True,False,False,False,False,True,False,False,False,False,False,True,False,False,False,True,False
2018,2.06,7.1,1.48,7.78,19.07,3.99,248,65.71,75.73,2560,40.8,58.44,56.54,1440,27.06,364,False,False,False,False,False,False,True,False,False,True,False,False,False,False,False,False,False,True,False,False,False
2021,0.63,7.33,0.62,8.37,8.76,2.46,17,53.06,58.82,1267,43.57,27.55,47.5,934,15.74,116,False,False,True,False,False,False,False,False,False,False,True,False,False,False,False,False,True,False,False,False,False
2012,1.08,7.53,0.95,8.55,22.7,3.04,4,73.89,36.88,2520,55.19,39.67,69.75,2758,23.37,1494,False,False,False,False,False,False,False,False,False,False,False,True,False,False,False,False,True,False,True,False,False
2014,0.73,7.04,0.15,8.65,10.14,0.05,3,89.42,24.87,9769,72.8,93.01,81.85,1774,18.76,32,True,False,False,False,False,False,False,False,False,True,False,False,False,False,False,False,True,False,True,False,False
2012,0.86,7.13,1.49,7.63,13.01,1.6,3,88.04,6.47,12503,73.87,64.52,94.46,1274,13.98,203,False,True,False,False,False,False,False,False,False,False,True,False,False,False,False,False,True,False,False,False,False
2022,0.45,6.71,1.46,8.54,8.97,0.05,31,99.7,11.13,54135,90.97,89.02,86.18,1077,9.68,39,False,False,False,False,False,False,False,False,True,False,False,True,False,False,False,False,False,True,False,False,False
2005,2.0,6.67,2.38,7.32,14.38,4.35,206,63.24,71.07,1591,57.05,42.8,63.63,447,23.08,198,False,False,False,False,False,False,False,True,False,False,False,False,True,False,True,False,False,False,False,True,False
2018,3.44,7.07,5.7,6.37,17.82,9.31,697,55.15,63.6,1206,45.48,28.62,38.06,945,18.5,140,False,False,True,False,False,False,False,False,False,False,False,False,True,False,True,False,False,False,False,False,True
2014,3.01,7.16,3.25,5.94,24.31,6.24,342,74.67,37.03,2629,59.87,38.14,70.3,1163,25.23,489,False,False,False,True,False,False,False,False,False,False,True,False,False,False,False,False,False,False,False,False,False
2008,0.3,7.34,1.98,9.26,6.33,1.62,3,88.01,14.93,43251,73.84,83.67,95.67,865,12.82,49,False,False,False,False,False,False,False,False,True,False,False,False,False,False,False,False,False,True,True,False,False
2024,0.46,7.23,0.72,8.4,14.65,1.82,3,71.0,61.0,1818,49.5,38.11,69.42,504,23.6,347,False,False,False,False,False,False,False,True,False,False,False,False,False,False,False,False,True,False,False,True,False
2008,3.68,6.85,8.99,4.98,26.84,8.33,715,67.81,39.9,2016,49.87,40.29,62.16,1719,24.23,1700,False,False,False,False,False,False,False,False,False,False,False,True,False,False,False,False,False,False,False,False,True
2002,1.19,7.45,0.15,9.15,9.78,1.99,5,99.6,6.51,50683,88.72,81.17,87.57,1053,16.85,38,False,False,False,False,False,False,False,False,True,False,False,False,True,False,False,False,True,False,False,False,False
2023,1.47,7.2,1.89,7.65,16.72,2.29,81,85.87,22.82,8918,68.82,90.85,66.09,1728,23.84,21,True,False,False,False,False,False,False,False,False,False,False,False,False,False,False,True,False,False,False,True,False
2016,2.63,6.95,3.62,6.54,20.45,9.19,265,69.76,39.26,2523,58.64,36.74,78.68,1000,24.8,439,False,False,False,True,False,False,False,False,False,False,False,False,False,True,False,False,False,False,True,False,False
2005,2.37,6.71,3.33,6.78,14.62,5.06,509,91.79,20.73,12053,63.65,60.67,76.78,843,11.5,177,False,True,False,False,False,False,False,False,False,False,False,False,False,True,False,False,False,False,True,False,False
2011,2.36,6.61,3.57,6.7,25.97,3.38,241,78.32,35.6,3262,58.32,32.3,79.51,2307,23.68,949,False,False,False,False,False,False,False,False,False,True,False,False,False,False,True,False,False,False,True,False,False
2019,1.05,6.97,0.15,7.99,9.6,2.67,4,92.49,9.41,49107,84.82,83.3,99.5,892,11.45,42,False,False,False,False,False,False,False,False,True,False,False,True,False,False,False,True,False,False,False,True,False
2022,0.93,6.93,0.58,8.21,14.62,3.1,87,92.08,9.66,15212,73.05,71.89,93.99,1160,13.18,140,False,True,False,False,False,False,False,False,False,False,False,False,False,False,False,False,False,False,False,True,False
2000,2.69,7.33,3.21,5.78,17.63,6.22,533,49.35,65.22,1155,40.21,15.15,45.73,614,24.16,175,False,False,True,False,False,False,False,False,False,True,False,False,False,True,False,False,False,False,False,True,False
2022,2.49,6.95,5.47,6.2,21.14,5.88,585,92.43,15.53,12022,76.21,61.01,82.09,932,14.59,141,False,True,False,False,False,False,False,False,False,False,False,True,False,True,False,False,False,False,False,False,False
2023,0.65,6.98,0.74,8.99,8.15,4.35,3,99.7,9.0,55328,95.36,86.42,94.0,931,14.66,22,False,False,False,False,False,False,False,False,True,False,False,False,True,False,False,True,False,False,True,False,False
2001,1.47,7.34,0.59,8.54,14.77,2.93,20,74.7,27.66,4651,69.02,57.21,65.83,1814,25.35,129,False,False,False,False,True,False,False,False,False,True,False,False,False,False,False,False,True,False,False,True,False
2006,0.8,6.8,0.15,8.02,9.18,0.36,3,96.48,9.24,12059,74.31,61.64,94.13,766,13.96,110,False,True,False,False,False,False,False,False,False,False,False,True,False,False,False,True,False,False,True,False,False
2000,2.54,6.73,2.72,7.54,16.07,6.47,515,65.42,66.5,1580,42.66,42.67,65.17,502,22.06,317,False,False,False,False,False,False,False,True,False,False,False,True,False,False,True,False,False,False,True,False,False
2001,2.2,6.72,3.28,8.29,13.28,4.36,875,98.29,10.4,49652,87.4,76.27,87.66,814,12.2,53,False,False,False,False,False,False,False,False,True,False,False,True,False,True,False,False,False,False,False,False,False
2000,2.4,6.14,5.81,6.21,20.89,7.36,505,72.65,72.69,1668,56.55,35.69,64.54,622,23.66,256,False,False,False,False,False,False,False,True,False,False,False,False,False,False,True,False,False,False,False,False,True
2017,3.58,6.82,5.47,5.7,32.95,8.16,959,76.04,33.14,4424,63.48,57.08,73.31,3600,24.91,222,False,False,False,False,True,False,False,False,False,False,False,False,True,True,False,False,False,False,False,False,False
2001,1.27,6.31,1.2,6.62,14.82,6.08,59,59.49,71.7,2254,49.88,57.83,50.63,1010,27.97,242,False,False,False,False,False,False,True,False,False,False,False,False,False,False,False,False,True,False,False,False,False
2018,1.83,7.08,2.03,7.57,23.11,4.65,266,80.27,32.07,4642,70.77,60.12,75.16,2623,24.44,121,False,False,False,False,True,False,False,False,False,False,False,False,False,False,False,False,True,False,False,False,True
2011,2.64,6.75,3.18,7.12,27.27,6.12,297,76.64,37.97,2676,56.51,46.14,64.82,2473,25.19,1627,False,False,False,False,False,False,False,False,False,False,False,False,False,False,True,False,False,False,True,False,False
2018,1.65,7.52,3.49,6.62,14.54,4.7,383,68.24,71.62,1824,52.65,39.33,66.63,438,26.86,220,False,False,False,False,False,False,False,True,False,False,False,False,False,False,False,False,False,False,False,True,False
2014,2.39,6.62,3.31,6.76,22.26,6.3,417,77.32,29.96,4783,70.66,64.21,72.19,2532,25.51,137,False,False,False,False,True,False,False,False,False,False,True,False,False,False,False,False,False,True,False,False,True
2021,2.29,6.83,3.53,7.96,10.8,4.35,255,99.7,9.84,57353,97.74,81.72,95.88,770,12.59,46,False,False,False,False,False,False,False,False,True,False,False,False,False,False,True,False,False,False,False,False,False
2000,0.96,6.86,1.4,8.19,17.05,4.05,34,77.48,25.64,4166,63.28,61.29,74.51,2678,25.68,92,False,False,False,False,True,False,False,False,False,False,True,False,False,False,False,True,False,False,True,False,False
2006,2.32,7.17,2.11,7.5,16.49,3.72,248,84.44,20.32,4886,67.52,53.62,74.98,1890,24.02,141,False,False,False,False,True,False,False,False,False,False,False,False,False,False,True,False,False,False,True,False,False
2021,1.27,7.07,1.83,9.5,14.48,2.4,43,52.35,63.54,1169,34.07,28.64,38.68,979,17.34,144,False,False,True,False,False,False,False,False,False,False,True,False,False,False,False,True,False,False,True,False,False
2010,1.88,6.88,1.83,6.92,12.97,4.23,189,64.11,75.74,1986,34.97,51.7,51.31,1038,26.83,218,False,False,False,False,False,False,True,False,False,False,False,False,True,False,False,True,False,False,False,True,False
2022,2.58,7.53,4.34,7.98,23.95,7.16,298,79.65,33.24,3091,45.94,42.59,72.14,1829,22.8,1337,False,False,False,False,False,False,False,False,False,False,False,True,False,False,True,False,False,False,False,True,False
2015,2.8,6.25,3.11,6.53,27.17,7.43,332,78.93,27.83,5032,70.64,50.86,69.86,2873,25.07,122,False,False,False,False,True,False,False,False,False,False,False,True,False,False,False,True,False,False,False,False,True
2016,2.33,6.4,3.52,6.38,14.24,8.55,542,64.77,70.63,1842,53.86,39.56,72.8,589,24.54,322,False,False,False,False,False,False,False,True,False,False,True,False,False,False,False,False,False,False,True,False,False
2012,2.73,6.78,6.11,7.05,16.48,4.25,727,70.02,65.08,1631,58.06,37.27,68.01,400,25.36,288,False,False,False,False,False,False,False,True,False,False,False,False,True,False,False,False,False,False,False,False,True
2012,2.95,7.1,3.8,5.99,21.53,6.27,467,65.23,72.77,1623,60.36,32.19,62.62,522,25.24,399,False,False,False,False,False,False,False,True,False,False,False,False,True,True,False,False,False,False,False,True,False
2019,2.53,6.96,1.86,7.33,12.36,6.11,150,54.43,64.45,1178,42.02,18.08,41.53,769,17.38,106,False,False,True,False,False,False,False,False,False,False,False,True,False,False,False,False,False,True,False,False,False
2011,2.05,6.33,2.0,6.51,14.09,3.74,265,90.54,26.63,8162,60.44,85.1,86.1,1821,22.44,18,True,False,False,False,False,False,False,False,False,False,True,False,False,False,False,False,False,True,False,False,True
2018,1.8,7.55,3.23,7.2,18.89,5.16,328,62.19,74.02,1835,62.7,35.81,65.67,700,27.23,366,False,False,False,False,False,False,False,True,False,True,False,False,False,False,False,False,False,True,False,False,False
2011,0.88,7.18,0.15,8.42,8.14,3.05,14,96.32,9.49,56472,83.58,81.91,98.8,1116,14.89,34,False,False,False,False,False,False,False,False,True,False,True,False,False,False,False,False,False,True,True,False,False
2001,1.75,7.5,2.28,6.98,12.06,4.07,239,82.3,22.4,8878,71.67,80.13,92.04,633,22.84,64,False,False,False,False,False,True,False,False,False,False,False,True,False,False,False,True,False,False,False,False,True
2020,4.49,7.18,8.95,5.98,22.43,12.53,1938,51.14,66.24,1333,49.66,34.84,38.89,1003,19.44,112,False,False,True,False,False,False,False,False,False,True,False,False,False,True,False,False,False,False,False,False,True
2004,1.8,7.8,0.45,8.84,16.21,1.87,42,85.73,8.19,11900,72.49,69.34,91.47,1159,13.24,133,False,True,False,False,False,False,False,False,False,False,False,False,False,False,False,True,False,False,False,False,False
2022,1.76,7.05,3.0,7.93,17.06,5.59,320,60.42,77.33,2303,49.98,54.47,40.99,778,26.52,348,False,False,False,False,False,False,True,False,False,True,False,False,False,False,False,False,True,False,False,False,True
2016,1.52,7.42,2.66,6.68,21.91,3.05,249,66.88,37.8,2558,59.06,38.83,76.03,2603,28.89,1245,False,False,False,False,False,False,False,False,False,True,False,False,False,False,False,True,False,False,True,False,False
2014,2.63,7.04,3.45,7.12,15.73,5.86,526,64.09,71.13,1748,57.21,38.71,69.98,543,24.7,329,False,False,False,False,False,False,False,True,False,False,True,False,False,False,True,False,False,False,False,False,False
2017,2.47,7.03,3.31,7.32,17.02,7.6,500,98.04,17.49,12123,71.62,78.14,99.5,1142,22.08,55,False,False,False,False,False,True,False,False,False,False,True,False,False,True,False,False,False,False,False,True,False
2015,3.98,6.28,7.11,5.84,23.04,6.97,1836,64.6,83.63,2101,40.39,56.4,52.43,748,26.34,237,False,False,False,False,False,False,True,False,False,False,False,True,False,True,False,False,False,False,False,False,True
2001,0.92,6.42,2.31,7.3,15.44,3.33,193,93.88,15.13,40859,88.21,75.14,89.46,1037,16.42,45,False,False,False,False,False,False,False,False,True,False,False,False,False,False,True,False,False,False,True,False,False
2001,4.21,7.19,10.78,5.14,30.14,8.42,1389,70.86,39.15,2662,50.6,37.88,70.07,2460,25.1,1700,False,False,False,False,False,False,False,False,False,False,False,False,True,True,False,False,False,False,False,False,True
2009,2.15,7.25,2.04,7.64,23.51,4.21,195,77.48,32.16,4870,71.81,55.39,75.14,2314,22.8,147,False,False,False,False,True,False,False,False,False,True,False,False,False,False,False,False,False,False,True,False,False
2021,1.7,7.53,0.57,8.12,7.33,4.48,130,90.01,14.36,11413,72.48,80.5,90.1,769,17.66,59,False,False,False,False,False,True,False,False,False,False,False,False,False,False,False,False,True,False,False,False,True
2007,2.84,7.58,3.57,6.79,21.03,6.98,488,79.64,25.72,4561,61.06,53.84,74.35,1618,25.94,132,False,False,False,False,True,False,False,False,False,False,False,False,True,False,True,False,False,False,False,False,False
2001,2.77,6.65,4.32,5.59,28.59,10.96,726,69.45,36.59,2420,56.38,43.28,66.49,1723,24.62,1462,False,False,False,False,False,False,False,False,False,False,True,False,False,True,False,False,False,False,False,True,False
2017,2.0,7.08,5.2,6.69,15.99,3.71,673,95.89,14.69,11027,72.53,84.78,90.22,858,21.88,50,False,False,False,False,False,True,False,False,False,False,False,False,False,False,True,False,False,False,False,False,True
2002,0.88,7.21,1.18,8.1,7.6,4.01,40,56.54,64.86,1362,55.24,32.93,65.47,548,20.44,280,False,False,False,False,False,False,False,True,False,False,False,True,False,False,False,False,False,True,False,True,False
2024,2.71,7.01,6.53,5.35,20.14,6.05,1313,66.65,81.46,2452,57.0,47.06,51.46,836,26.61,213,False,False,False,False,False,False,True,False,False,False,False,False,True,False,False,False,False,True,False,False,True
2015,2.65,6.9,5.33,6.81,16.3,8.36,416,59.63,83.1,1961,42.82,49.01,53.42,1198,25.4,136,False,False,False,False,False,False,True,False,False,False,True,False,False,False,True,False,False,False,False,True,False
2012,3.58,6.85,6.27,6.8,24.09,7.47,846,63.98,69.29,1505,42.83,41.26,64.79,510,25.73,326,False,False,False,False,False,False,False,True,False,False,False,True,False,False,True,False,False,False,False,False,True
2008,3.57,6.91,5.96,6.89,30.4,6.91,1071,76.2,36.25,4166,56.7,53.6,65.56,3173,25.91,156,False,False,False,False,True,False,False,False,False,False,False,True,False,True,False,False,False,False,False,False,False
2002,3.59,7.01,5.87,5.7,30.55,6.77,1072,71.2,46.12,2628,58.84,35.15,72.23,2105,29.03,1088,False,False,False,False,False,False,False,False,False,True,False,False,False,False,True,False,False,False,False,False,True
2002,2.73,7.33,4.39,6.43,22.72,7.59,504,58.07,76.82,2385,50.91,61.14,43.18,1186,20.26,365,False,False,False,False,False,False,True,False,False,False,True,False,False,True,False,False,False,False,False,False,False
2024,0.54,7.19,0.93,8.72,6.52,2.99,3,95.14,15.41,9934,69.69,82.0,85.51,551,20.67,63,False,False,False,False,False,True,False,False,False,False,True,False,False,False,False,False,True,False,False,True,False
2001,0.73,6.75,0.73,9.18,10.99,1.59,3,99.49,2.0,61452,94.39,82.14,99.5,789,13.1,49,False,False,False,False,False,False,False,False,True,False,True,False,False,False,False,False,False,True,False,True,False
2000,1.38,6.45,1.38,8.31,9.84,4.32,256,99.7,12.61,43381,93.9,78.99,90.87,893,12.0,24,False,False,False,False,False,False,False,False,True,False,True,False,False,False,True,False,False,False,True,False,False
2011,1.65,7.27,3.26,8.62,16.72,6.86,248,92.28,11.49,13261,70.9,70.61,92.3,1077,13.02,170,False,True,False,False,False,False,False,False,False,True,False,False,False,False,False,False,False,False,False,False,False
2019,4.31,6.4,8.81,5.61,25.83,8.15,2574,70.39,40.2,2403,60.18,37.01,64.55,1012,23.69,445,False,False,False,True,False,False,False,False,False,True,False,False,False,True,False,False,False,False,False,False,True
2013,1.85,7.12,1.3,7.74,17.57,3.7,126,82.23,29.2,4683,71.88,55.17,78.96,2086,26.69,164,False,False,False,False,True,False,False,False,False,False,False,True,False,False,False,True,False,False,False,True,False
2004,2.33,7.8,2.67,7.33,17.99,5.83,505,89.59,9.35,13192,75.29,67.09,90.07,843,13.58,112,False,True,False,False,False,False,False,False,False,False,False,False,False,False,True,False,False,False,False,False,False
2002,2.56,7.49,3.24,7.61,23.25,2.98,440,76.67,26.97,4493,62.34,54.48,77.89,2809,25.02,192,False,False,False,False,True,False,False,False,False,False,False,False,True,False,False,False,False,True,False,False,False
2016,2.19,7.18,3.84,6.81,14.66,5.15,333,90.86,9.68,10903,69.37,65.51,81.31,1001,14.89,147,False,True,False,False,False,False,False,False,False,False,True,False,False,True,False,False,False,False,True,False,False
2004,2.9,7.67,4.32,6.44,22.31,6.33,617,63.45,81.74,2015,44.3,54.57,53.75,1139,28.57,178,False,False,False,False,False,False,True,False,False,True,False,False,False,False,True,False,False,False,False,True,False
2009,2.56,6.98,3.0,5.52,23.45,4.92,398,81.15,28.96,4714,62.25,59.58,72.46,2600,24.9,126,False,False,False,False,True,False,False,False,False,False,False,False,False,True,False,False,False,False,False,False,False
2001,2.12,7.43,1.09,6.75,20.76,3.5,113,74.4,37.24,2967,56.3,35.92,68.88,1718,24.68,949,False,False,False,False,False,False,False,False,False,False,True,False,False,False,False,False,False,True,True,False,False
2013,3.34,6.66,3.95,6.79,23.01,5.9,524,83.5,21.31,7540,75.23,84.32,76.69,1841,26.38,28,True,False,False,False,False,False,False,False,False,False,False,False,False,False,False,False,False,True,False,False,True
2001,3.24,7.0,8.99,5.32,27.52,8.32,1585,74.46,45.44,2538,53.31,38.51,64.15,1267,24.55,590,False,False,False,True,False,False,False,False,False,False,True,False,False,True,False,False,False,False,False,False,True
2015,0.74,7.17,0.46,8.97,4.55,1.8,20,97.15,11.2,12242,80.24,77.09,94.63,710,18.15,74,False,False,False,False,False,True,False,False,False,False,True,False,False,False,False,False,False,True,False,True,False
2003,1.43,6.53,1.0,7.38,17.55,4.29,126,85.45,24.61,9082,76.22,86.31,83.92,1743,27.73,22,True,False,False,False,False,False,False,False,False,False,False,False,True,False,False,False,False,True,False,False,False
2023,1.22,6.14,0.15,8.4,10.11,0.05,88,98.53,13.33,51992,91.27,83.89,98.63,787,13.94,50,False,False,False,False,False,False,False,False,True,False,True,False,False,False,True,False,False,False,False,True,False
2024,3.08,6.51,6.2,5.81,23.68,7.37,840,92.99,19.81,9551,71.85,87.27,88.08,899,21.12,47,False,False,False,False,False,True,False,False,False,False,False,False,True,True,False,False,False,False,False,False,True
2004,3.2,7.06,4.36,6.13,26.14,7.4,790,77.73,41.75,2432,51.26,46.06,67.02,955,30.64,577,False,False,False,True,False,False,False,False,False,False,False,True,False,True,False,False,False,False,True,False,False
2001,3.56,6.91,7.71,6.1,26.51,6.53,1758,77.59,35.0,4014,67.33,48.0,73.55,2118,28.18,149,False,False,False,False,True,False,False,False,False,False,False,True,False,True,False,False,False,False,False,False,True
2021,2.81,7.72,5.06,5.96,18.14,7.21,1688,63.97,78.87,2679,54.42,57.28,47.92,759,23.73,270,False,False,False,False,False,False,True,False,False,False,True,False,False,True,False,False,False,False,False,False,False
2021,0.55,6.94,0.67,9.52,9.4,1.6,3,91.31,10.25,11438,75.1,58.24,92.04,1009,9.51,225,False,True,False,False,False,False,False,False,False,False,False,True,False,False,False,False,True,False,False,True,False
2001,0.94,7.17,1.49,8.56,12.04,1.51,16,52.24,61.78,1167,43.26,27.75,48.53,797,17.48,113,False,False,True,False,False,False,False,False,False,False,False,False,True,False,False,True,False,False,False,False,False
2011,3.55,7.04,6.78,5.98,29.36,9.92,635,69.98,40.69,2730,47.48,41.8,69.59,2687,31.75,1700,False,False,False,False,False,False,False,False,False,False,False,False,True,False,False,True,False,False,False,False,True
2016,3.44,7.01,6.7,5.55,17.97,6.91,659,98.1,17.06,11660,78.13,80.42,91.05,801,25.12,63,False,False,False,False,False,True,False,False,False,False,False,True,False,True,False,False,False,False,False,False,True
2023,2.53,7.04,2.98,6.42,15.37,6.79,302,74.11,65.81,1810,45.68,39.69,63.75,450,25.17,380,False,False,False,False,False,False,False,True,False,False,True,False,False,False,False,False,False,False,False,False,False
2022,2.44,6.92,2.67,6.42,19.21,2.15,240,91.87,18.64,9296,71.78,84.78,86.84,2038,25.3,29,True,False,False,False,False,False,False,False,False,False,False,False,False,False,False,False,False,False,False,True,False
2016,4.13,6.32,5.95,5.92,21.83,12.09,1003,57.06,82.13,2202,43.71,47.21,42.64,1264,26.9,172,False,False,False,False,False,False,True,False,False,False,False,False,False,True,False,False,False,False,False,False,False
2017,1.71,7.04,0.61,8.46,24.69,2.42,63,81.26,26.03,4669,55.82,64.18,74.06,2488,21.32,161,False,False,False,False,True,False,False,False,False,False,False,False,False,False,False,True,False,False,True,False,False
2017,3.07,7.1,3.66,8.39,18.34,5.64,268,93.63,11.35,13262,70.87,60.42,92.19,1422,14.52,162,False,True,False,False,False,False,False,False,False,False,True,False,False,False,False,False,False,False,False,False,True
2024,1.33,7.47,0.15,7.46,14.79,4.39,22,73.17,26.06,4731,62.87,61.99,78.21,1580,26.19,120,False,False,False,False,True,False,False,False,False,False,False,False,False,False,False,False,True,False,True,False,False
2007,1.98,7.26,2.64,7.07,13.2,5.57,383,93.66,17.97,9564,81.81,78.39,82.48,688,17.0,53,False,False,False,False,False,True,False,False,False,False,False,False,True,True,False,False,False,False,False,False,False
2005,2.36,7.25,3.39,7.43,14.88,5.37,472,89.42,22.39,9926,69.8,86.15,90.31,531,21.12,83,False,False,False,False,False,True,False,False,False,False,True,False,False,False,False,False,False,True,False,False,True
2007,2.58,7.04,2.85,7.56,16.49,6.26,531,93.56,23.55,9181,62.44,85.53,82.83,1740,24.12,21,True,False,False,False,False,False,False,False,False,False,False,True,False,False,True,False,False,False,False,False,False
2005,1.79,7.11,0.35,6.82,13.19,4.47,118,69.02,67.38,1659,60.79,38.34,65.12,404,28.53,263,False,False,False,False,False,False,False,True,False,False,False,False,True,False,False,False,False,True,False,False,False
2009,0.83,6.5,0.15,9.36,8.27,2.33,3,96.17,16.28,12065,63.36,61.97,81.23,882,12.38,210,False,True,False,False,False,False,False,False,False,False,False,False,True,False,False,False,True,False,True,False,False
2007,3.02,7.21,4.51,6.58,21.18,7.76,472,70.56,38.42,2779,63.2,39.24,76.54,977,26.74,418,False,False,False,True,False,False,False,False,False,True,False,False,False,False,False,True,False,False,False,False,True
2014,2.92,6.71,5.25,6.85,18.99,4.88,914,75.1,33.83,4637,68.79,63.24,78.7,2126,27.31,167,False,False,False,False,True,False,False,False,False,False,False,False,True,False,True,False,False,False,False,False,False
2013,2.69,7.04,4.41,6.44,21.66,5.6,394,73.68,39.8,2453,63.52,36.74,66.85,1193,20.07,422,False,False,False,True,False,False,False,False,False,False,False,False,False,False,True,False,False,False,False,False,False
2006,2.41,6.66,2.65,6.29,27.25,4.51,270,67.45,45.94,2733,58.17,37.23,70.03,2156,30.47,1491,False,False,False,False,False,False,False,False,False,False,False,False,True,False,False,False,False,False,True,False,False
2017,1.96,7.37,1.37,7.04,19.85,3.64,389,79.62,40.56,2590,50.18,35.41,75.47,1438,23.19,398,False,False,False,True,False,False,False,False,False,False,False,False,True,False,False,True,False,False,False,False,True
2012,0.96,7.03,0.59,7.92,13.08,3.73,19,61.06,74.04,2184,48.37,59.98,50.66,1186,26.61,182,False,False,False,False,False,False,True,False,False,False,False,False,False,False,False,False,True,False,True,False,False
2016,1.21,7.02,0.52,9.09,20.82,4.56,40,69.63,37.04,3272,60.32,45.09,70.07,2123,24.25,1335,False,False,False,False,False,False,False,False,False,False,False,False,True,False,False,False,True,False,False,True,False
2018,1.84,6.94,1.03,7.52,13.96,5.53,137,57.21,60.15,1328,46.77,23.16,36.53,880,21.78,135,False,False,True,False,False,False,False,False,False,False,False,False,True,False,False,False,False,True,False,True,False
2015,1.29,7.19,0.35,8.98,9.84,3.99,3,81.76,37.81,2372,59.46,42.66,75.45,762,24.0,428,False,False,False,True,False,False,False,False,False,False,True,False,False,False,False,False,True,False,False,True,False
2004,1.49,6.85,1.42,8.61,19.69,3.78,85,73.72,39.9,3923,60.68,49.54,76.06,2848,22.5,179,False,False,False,False,True,False,False,False,False,False,True,False,False,False,False,True,False,False,False,True,False
2001,2.44,7.11,3.26,6.04,22.19,3.91,335,78.34,32.43,2340,55.77,38.94,74.59,1286,23.17,692,False,False,False,True,False,False,False,False,False,False,False,False,False,False,False,False,False,False,False,False,False
2014,2.16,7.74,3.07,7.07,24.16,3.88,352,84.0,23.51,5146,65.07,63.63,72.0,2072,27.74,98,False,False,False,False,True,False,False,False,False,True,False,False,False,False,False,True,False,False,False,False,True
2018,1.37,6.55,1.72,7.96,13.21,2.2,50,59.6,58.89,1268,42.39,23.4,54.11,883,22.12,216,False,False,True,False,False,False,False,False,False,False,False,False,True,False,False,False,False,True,True,False,False
2015,1.08,7.48,0.21,8.24,10.26,2.05,29,92.43,22.48,10216,78.21,83.04,97.06,725,25.55,45,False,False,False,False,False,True,False,False,False,True,False,False,False,False,False,False,False,True,False,True,False
2018,3.55,7.07,7.85,5.28,25.34,8.55,1160,71.74,72.62,2394,52.41,60.99,54.24,1393,29.22,260,False,False,False,False,False,False,True,False,False,False,False,False,False,True,False,False,False,False,False,False,True
2021,2.01,6.42,2.28,7.1,15.48,4.7,417,90.81,17.97,10180,74.92,90.87,80.21,1820,26.15,20,True,False,False,False,False,False,False,False,False,False,False,True,False,False,False,False,False,False,False,True,False
2018,1.89,6.74,1.77,7.18,15.0,4.77,297,92.06,12.85,13621,78.17,69.1,81.91,943,15.02,185,False,True,False,False,False,False,False,False,False,False,True,False,False,False,False,True,False,False,False,False,True
2014,2.36,7.76,2.0,7.39,14.94,7.74,305,86.17,13.45,11267,72.19,68.86,79.61,728,13.07,157,False,True,False,False,False,False,False,False,False,True,False,False,False,False,True,False,False,False,False,True,False
2005,2.72,6.61,3.98,7.27,21.59,5.55,640,77.21,32.51,4045,58.11,56.5,69.51,2546,23.94,137,False,False,False,False,True,False,False,False,False,False,False,True,False,False,False,False,False,False,False,True,False
2019,0.39,7.04,0.37,8.24,11.88,3.35,30,95.34,15.04,10066,73.75,90.27,87.54,670,21.49,66,False,False,False,False,False,True,False,False,False,False,False,False,True,False,False,True,False,False,False,False,False
2005,0.92,6.64,0.15,7.73,16.23,1.25,5,89.04,16.72,7878,69.47,90.25,71.76,1920,27.52,18,True,False,False,False,False,False,False,False,False,False,True,False,False,False,False,False,True,False,False,False,False
2016,3.71,7.14,7.76,5.69,26.8,6.81,1454,60.87,77.96,2083,43.02,63.86,49.79,1316,29.78,231,False,False,False,False,False,False,True,False,False,True,False,False,False,False,True,False,False,False,False,False,True
2013,0.19,8.0,0.66,8.38,6.57,1.07,3,99.7,10.22,54518,86.45,77.98,84.73,808,13.34,37,False,False,False,False,False,False,False,False,True,False,True,False,False,False,False,False,True,False,True,False,False
2002,2.46,6.95,3.66,6.57,25.36,4.2,351,75.95,31.47,5125,67.05,58.29,86.65,3433,23.17,102,False,False,False,False,True,False,False,False,False,False,False,False,True,False,False,False,False,False,True,False,False
2007,2.19,7.07,0.56,7.99,16.16,5.33,88,71.51,34.76,2548,54.51,37.65,74.27,1259,27.19,586,False,False,False,True,False,False,False,False,False,False,False,False,True,False,False,False,False,True,True,False,False
2018,1.57,7.39,0.48,7.02,16.87,2.71,102,84.29,29.57,5549,63.85,52.83,83.72,2530,26.65,153,False,False,False,False,True,False,False,False,False,False,False,False,True,False,False,False,False,True,True,False,False
2019,3.28,6.77,6.44,6.77,20.16,5.65,672,70.36,71.75,1647,42.8,31.83,73.56,447,22.37,293,False,False,False,False,False,False,False,True,False,False,False,False,True,False,False,False,False,False,False,False,True
2024,0.89,6.78,0.4,7.69,12.1,3.48,42,63.34,74.16,2078,39.65,46.99,53.86,1175,26.18,343,False,False,False,False,False,False,True,False,False,True,False,False,False,False,False,False,True,False,False,False,False
2012,1.04,6.62,0.87,8.33,11.85,1.47,6,56.39,59.49,1286,43.77,20.37,45.01,924,18.11,140,False,False,True,False,False,False,False,False,False,True,False,False,False,False,False,False,True,False,False,True,False
2005,0.46,7.09,0.15,9.34,6.55,0.05,10,94.96,17.7,9357,71.23,77.97,86.29,654,18.07,79,False,False,False,False,False,True,False,False,False,False,False,False,False,False,False,False,False,True,True,False,False
2008,1.66,6.85,1.19,8.2,12.27,5.17,66,96.9,13.67,13138,80.83,59.9,84.52,1049,16.52,183,False,True,False,False,False,False,False,False,False,False,False,False,True,False,False,False,False,False,False,False,False
2000,3.48,7.04,7.16,5.99,19.85,6.57,1799,85.62,17.94,10778,83.4,61.99,78.87,1021,14.4,130,False,True,False,False,False,False,False,False,False,False,False,False,False,True,False,False,False,False,False,False,True
2019,2.81,6.42,3.97,6.15,21.52,5.58,365,75.89,25.89,4555,59.13,61.87,70.16,1982,25.82,203,False,False,False,False,True,False,False,False,False,False,False,True,False,False,False,False,False,False,False,False,True
2024,1.8,7.18,2.61,5.26,14.73,6.49,191,82.55,21.03,9893,60.27,89.21,85.56,873,26.71,67,False,False,False,False,False,True,False,False,False,True,False,False,False,False,True,False,False,False,False,True,False
2020,1.33,7.46,1.1,7.47,10.06,2.57,99,99.66,5.2,50066,86.13,86.75,99.5,745,14.63,29,False,False,False,False,False,False,False,False,True,True,False,False,False,True,False,False,False,False,False,True,False
2021,1.42,6.58,1.99,6.41,27.79,1.53,169,72.25,39.37,3014,59.46,36.89,55.11,2251,25.56,1157,False,False,False,False,False,False,False,False,False,True,False,False,False,False,False,False,False,True,True,False,False
2023,1.02,6.83,0.58,7.98,11.92,1.3,47,98.76,11.57,48742,86.39,75.2,94.47,898,14.09,24,False,False,False,False,False,False,False,False,True,False,True,False,False,False,False,False,False,True,False,True,False
2005,2.06,7.29,3.63,7.39,16.99,5.71,277,95.4,14.56,50792,79.42,81.2,94.93,848,15.04,37,False,False,False,False,False,False,False,False,True,False,False,False,False,True,False,False,False,False,False,True,False
2014,2.0,7.07,3.35,6.49,12.79,6.66,525,68.12,75.95,2229,41.44,56.61,48.03,891,28.21,162,False,False,False,False,False,False,True,False,False,False,False,True,False,False,False,True,False,False,False,False,True
2020,1.81,7.02,1.76,7.11,17.59,5.78,191,62.94,68.3,1887,53.4,32.72,70.0,429,21.81,311,False,False,False,False,False,False,False,True,False,False,False,False,False,False,False,True,False,False,False,False,True
2004,2.07,7.12,4.12,7.37,15.54,4.79,847,94.24,17.3,42734,86.67,82.59,87.55,1162,18.43,42,False,False,False,False,False,False,False,False,True,False,True,False,False,False,True,False,False,False,False,False,True
2020,2.14,7.38,2.46,6.75,22.88,6.49,221,82.44,21.06,8578,64.09,88.32,83.96,2621,23.84,26,True,False,False,False,False,False,False,False,False,False,False,False,False,False,False,True,False,False,True,False,False
2002,1.97,7.41,1.66,7.35,14.27,5.4,375,89.53,18.52,9253,65.54,80.74,90.5,594,23.25,46,False,False,False,False,False,True,False,False,False,False,False,False,True,False,True,False,False,False,False,True,False
2008,1.29,7.06,0.82,6.83,17.03,2.21,158,78.35,37.06,2516,65.64,36.98,64.67,1005,26.18,381,False,False,False,True,False,False,False,False,False,False,False,False,True,False,False,False,False,True,False,False,False
2021,1.87,7.8,0.62,8.62,13.77,0.85,97,99.7,9.42,58957,92.05,89.17,91.89,891,13.92,57,False,False,False,False,False,False,False,False,True,False,False,True,False,False,False,False,False,False,True,False,False
2002,1.91,7.14,3.41,5.42,18.73,6.08,413,94.56,27.4,8525,66.34,92.4,76.51,1877,23.34,20,True,False,False,False,False,False,False,False,False,False,False,False,True,False,False,False,False,False,False,False,False
2005,1.48,7.83,2.1,7.65,19.9,3.94,135,79.29,33.21,2976,53.4,38.4,66.62,1875,24.3,1117,False,False,False,False,False,False,False,False,False,False,False,False,False,False,False,True,False,False,True,False,False
2023,1.17,6.86,1.8,8.77,10.75,3.07,34,49.71,64.03,1171,34.25,20.97,36.17,835,13.61,122,False,False,True,False,False,False,False,False,False,False,False,False,True,False,False,False,False,True,True,False,False
2007,1.51,6.63,2.78,7.59,12.24,5.15,323,99.7,5.72,53951,89.96,79.98,96.97,712,14.29,57,False,False,False,False,False,False,False,False,True,True,False,False,False,True,False,False,False,False,False,True,False
2024,0.02,7.37,0.57,8.84,8.98,1.53,4,96.1,7.23,56533,93.15,84.69,99.5,938,13.81,34,False,False,False,False,False,False,False,False,True,True,False,False,False,False,False,False,True,False,False,False,False
2021,0.5,7.5,0.15,8.76,10.0,2.71,13,99.7,4.16,53274,91.63,78.13,93.12,988,12.24,38,False,False,False,False,False,False,False,False,True,True,False,False,False,False,False,False,False,True,False,True,False
2003,3.11,7.18,4.73,7.5,23.06,6.4,431,84.7,27.32,4442,68.98,61.13,75.61,2042,26.13,219,False,False,False,False,True,False,False,False,False,False,False,False,False,False,False,False,False,False,False,False,False
2019,1.27,7.23,0.61,7.37,12.14,4.08,4,72.67,37.22,2939,55.86,35.53,73.2,1156,28.04,523,False,False,False,True,False,False,False,False,False,False,False,False,False,False,False,False,True,False,False,True,False
2007,1.76,7.38,3.0,7.46,12.74,2.26,253,86.78,10.92,9619,69.48,68.91,85.77,986,12.99,222,False,True,False,False,False,False,False,False,False,False,False,True,False,False,False,True,False,False,False,False,True
2003,1.49,7.56,1.52,8.29,8.29,1.47,48,99.7,10.88,11412,76.42,56.27,80.79,727,13.44,184,False,True,False,False,False,False,False,False,False,False,False,False,True,False,False,False,False,True,False,True,False
2009,2.05,7.18,2.05,8.23,16.41,5.72,192,89.39,18.97,10338,64.95,79.39,90.21,924,20.69,55,False,False,False,False,False,True,False,False,False,True,False,False,False,False,False,False,False,False,False,False,False
2022,1.39,8.21,1.29,8.35,12.82,3.45,108,54.49,65.94,1172,42.19,25.62,34.82,1044,15.67,127,False,False,True,False,False,False,False,False,False,False,False,False,True,False,False,False,False,True,True,False,False
2023,0.76,7.36,0.71,9.22,8.09,1.04,3,93.61,7.95,53909,87.53,73.14,99.5,1078,12.27,47,False,False,False,False,False,False,False,False,True,True,False,False,False,False,False,False,True,False,False,False,False
2005,1.16,7.54,0.83,8.22,13.21,2.59,3,62.41,71.51,1535,47.3,38.27,69.2,420,24.28,319,False,False,False,False,False,False,False,True,False,False,False,False,True,False,False,False,True,False,True,False,False
2006,0.59,7.19,1.55,8.56,10.99,1.47,3,87.48,12.45,12703,81.91,61.69,95.91,1204,8.22,143,False,True,False,False,False,False,False,False,False,False,False,False,False,False,False,True,False,False,False,False,False
2005,1.59,7.24,1.39,8.03,20.37,1.36,98,75.74,41.92,2619,54.01,40.21,61.06,1884,29.36,1293,False,False,False,False,False,False,False,False,False,False,False,True,False,False,False,True,False,False,False,True,False
2003,3.6,7.09,7.66,7.18,23.98,10.4,1073,75.89,46.86,2427,58.33,33.55,79.22,1018,21.5,439,False,False,False,True,False,False,False,False,False,False,True,False,False,True,False,False,False,False,False,False,True
2022,2.31,6.53,2.44,7.87,16.91,5.7,325,94.99,12.66,11046,76.99,65.52,83.24,836,14.52,102,False,True,False,False,False,False,False,False,False,True,False,False,False,False,False,False,False,True,False,False,True
2012,2.82,6.85,7.21,6.48,18.48,5.93,886,99.7,10.4,50294,93.27,83.65,94.19,850,15.55,40,False,False,False,False,False,False,False,False,True,False,False,True,False,True,False,False,False,False,False,False,True
2014,2.75,6.77,3.2,7.04,24.07,4.99,464,81.44,25.97,4603,64.65,58.9,74.77,2686,26.06,192,False,False,False,False,True,False,False,False,False,False,False,False,True,False,False,False,False,False,False,True,False
2006,0.85,7.19,0.59,8.61,11.34,0.38,39,88.48,17.25,11167,71.69,67.32,81.39,965,13.35,283,False,True,False,False,False,False,False,False,False,False,False,False,False,False,False,False,False,True,True,False,False
2021,0.98,7.25,2.13,7.38,15.16,2.53,140,79.59,69.83,1835,50.76,51.19,68.93,374,24.71,157,False,False,False,False,False,False,False,True,False,True,False,False,False,False,False,False,False,True,False,True,False
2015,0.44,7.65,0.48,8.52,10.25,1.09,3,73.06,67.23,2021,51.9,38.31,75.74,400,24.99,241,False,False,False,False,False,False,False,True,False,False,False,True,False,False,False,True,False,False,True,False,False
2013,1.16,6.87,1.5,6.99,21.69,3.33,219,80.14,26.99,5059,60.03,58.24,80.15,2391,25.11,200,False,False,False,False,True,False,False,False,False,True,False,False,False,False,False,False,True,False,False,False,True
2012,3.58,7.29,4.41,6.12,29.48,10.77,703,65.73,45.02,3215,64.17,47.3,67.33,2701,27.28,1092,False,False,False,False,False,False,False,False,False,False,True,False,False,False,True,False,False,False,True,False,False
2000,2.79,7.12,4.64,5.32,15.54,7.91,318,65.18,68.17,1499,49.77,41.58,65.87,500,25.14,302,False,False,False,False,False,False,False,True,False,False,True,False,False,False,True,False,False,False,False,False,False
2012,2.66,7.4,5.96,5.06,21.93,8.59,469,75.5,32.22,4208,59.31,55.68,69.83,2274,27.14,146,False,False,False,False,True,False,False,False,False,False,False,False,False,False,False,False,False,False,False,True,False
2012,1.95,7.56,3.6,7.29,19.18,2.9,625,91.63,24.84,9962,68.72,81.06,87.7,1853,24.37,29,True,False,False,False,False,False,False,False,False,False,False,False,False,True,False,False,False,False,False,False,False
2019,0.71,7.35,0.21,7.91,9.89,2.2,5,64.28,75.49,2260,44.85,52.47,41.66,1034,27.41,266,False,False,False,False,False,False,True,False,False,False,False,True,False,False,False,False,True,False,True,False,False
2009,1.82,6.89,2.3,7.72,19.63,2.92,186,80.91,20.39,8922,65.32,86.39,80.16,2055,20.63,21,True,False,False,False,False,False,False,False,False,True,False,False,False,False,False,False,False,False,False,False,False
2023,1.0,6.82,1.34,8.41,8.16,3.7,21,95.97,18.27,10193,71.97,82.33,88.59,672,18.8,69,False,False,False,False,False,True,False,False,False,True,False,False,False,False,False,False,True,False,False,False,True
2021,2.87,7.31,3.34,6.21,27.52,7.35,475,75.85,38.38,3314,56.17,44.58,65.13,2849,27.83,1113,False,False,False,False,False,False,False,False,False,False,True,False,False,False,False,False,False,False,True,False,False
2008,2.53,7.02,2.52,5.45,22.14,4.76,520,80.84,27.1,4360,48.77,53.14,69.99,2423,29.31,159,False,False,False,False,True,False,False,False,False,False,False,False,False,False,False,True,False,False,False,False,True
2000,4.13,7.15,7.53,6.02,25.46,7.27,1572,61.26,73.6,1645,61.77,36.52,68.33,429,22.95,352,False,False,False,False,False,False,False,True,False,False,False,False,True,False,True,False,False,False,False,False,True
2023,0.59,6.9,2.23,7.59,10.05,0.51,16,71.74,65.32,1733,55.7,41.7,64.52,724,25.07,258,False,False,False,False,False,False,False,True,False,False,True,False,False,False,False,False,True,False,False,True,False
2000,3.17,6.37,3.77,7.49,20.47,10.53,477,49.12,70.16,1165,41.98,29.05,39.16,1087,19.05,165,False,False,True,False,False,False,False,False,False,False,False,True,False,True,False,False,False,False,True,False,False
2014,1.41,7.29,2.57,7.61,14.52,4.78,239,99.65,18.64,11527,70.13,82.38,87.3,964,20.11,81,False,False,False,False,False,True,False,False,False,True,False,False,False,False,True,False,False,False,True,False,False
2013,2.04,7.49,2.94,6.69,25.5,2.92,566,78.87,23.12,5144,72.67,55.28,77.99,2518,24.93,231,False,False,False,False,True,False,False,False,False,False,False,True,False,False,True,False,False,False,False,True,False
2008,2.6,7.69,4.06,6.68,13.37,9.04,456,60.94,74.11,2564,42.54,55.15,54.93,881,26.01,140,False,False,False,False,False,False,True,False,False,False,False,False,True,True,False,False,False,False,True,False,False
2000,3.25,7.24,6.22,6.36,19.04,10.33,1085,76.99,38.89,2547,49.35,41.01,71.15,959,28.55,480,False,False,False,True,False,False,False,False,False,False,False,False,True,False,True,False,False,False,False,False,False
2020,0.64,7.17,0.74,8.61,7.86,3.27,3,72.96,70.86,1786,52.76,39.98,72.76,435,21.26,246,False,False,False,False,False,False,False,True,False,False,False,False,True,False,False,False,True,False,False,True,False
2015,1.47,6.55,1.79,6.52,17.78,6.06,69,59.15,80.4,2305,51.0,57.77,58.49,1133,29.3,195,False,False,False,False,False,False,True,False,False,False,False,False,False,False,False,False,True,False,False,False,False
2009,1.43,6.6,1.85,8.42,13.45,2.66,92,98.84,9.56,47119,85.58,85.36,94.2,864,16.49,24,False,False,False,False,False,False,False,False,True,False,False,True,False,False,True,False,False,False,False,True,False
2008,2.56,6.55,2.99,7.22,17.65,5.5,470,97.88,12.03,13236,70.5,64.89,86.17,947,15.21,97,False,True,False,False,False,False,False,False,False,True,False,False,False,False,False,False,False,False,False,False,True
2018,4.16,7.5,8.3,6.59,27.73,10.09,2074,92.77,24.49,9729,65.66,94.5,76.13,2071,25.82,29,True,False,False,False,False,False,False,False,False,False,True,False,False,True,False,False,False,False,False,False,True
2013,1.25,7.04,0.59,9.36,9.86,4.07,13,90.28,10.43,11818,79.42,60.9,89.42,638,16.54,171,False,True,False,False,False,False,False,False,False,False,False,False,False,False,False,False,False,True,False,True,False
2024,2.48,7.17,5.31,5.7,21.69,5.16,553,74.7,63.78,2044,53.63,48.13,76.24,422,27.64,163,False,False,False,False,False,False,False,True,False,False,True,False,False,False,False,False,False,False,False,False,True
2022,2.92,7.08,3.61,7.15,24.79,6.3,506,76.6,30.83,5424,62.22,57.66,77.86,2856,21.89,223,False,False,False,False,True,False,False,False,False,False,False,False,True,False,True,False,False,False,False,True,False
2011,2.35,7.31,2.53,8.61,19.23,4.79,164,98.81,15.22,12198,75.34,64.33,86.52,865,15.57,211,False,True,False,False,False,False,False,False,False,False,False,True,False,False,False,True,False,False,False,False,True
2022,3.3,7.15,5.86,5.82,21.98,8.93,955,76.16,42.73,2359,50.58,39.65,68.77,1122,24.94,426,False,False,False,True,False,False,False,False,False,False,False,True,False,False,True,False,False,False,False,False,True
2016,2.06,7.03,1.8,6.96,25.31,4.12,163,84.43,28.78,5004,60.69,57.98,80.72,2638,26.38,110,False,False,False,False,True,False,False,False,False,False,False,True,False,False,False,False,False,True,True,False,False
2004,3.8,6.29,6.18,5.79,24.97,7.14,1204,78.18,47.62,2188,52.1,44.29,62.84,1143,27.39,434,False,False,False,True,False,False,False,False,False,False,False,True,False,True,False,False,False,False,False,False,True
2022,0.94,7.22,1.31,8.85,12.5,0.65,87,95.67,5.24,14182,74.75,63.86,99.5,863,10.31,136,False,True,False,False,False,False,False,False,False,False,True,False,False,False,False,False,False,False,True,False,False
2003,1.28,6.66,0.29,8.28,11.5,4.06,39,55.31,60.09,1107,41.35,27.44,35.98,850,20.26,116,False,False,True,False,False,False,False,False,False,True,False,False,False,False,False,False,True,False,True,False,False
2011,0.98,8.06,0.15,8.43,10.62,2.18,3,99.7,2.0,52895,81.97,85.52,99.5,725,12.35,43,False,False,False,False,False,False,False,False,True,False,False,False,True,False,False,False,True,False,False,False,False
2009,2.4,6.54,4.03,7.04,14.73,6.64,458,99.7,11.46,58482,85.32,81.59,99.5,1171,15.11,30,False,False,False,False,False,False,False,False,True,False,True,False,False,False,True,False,False,False,False,False,True
2010,2.05,7.35,5.25,6.0,19.69,5.06,572,61.11,71.19,2230,35.68,59.59,42.75,1410,24.4,279,False,False,False,False,False,False,True,False,False,False,False,False,True,False,True,False,False,False,True,False,False
2005,0.41,7.4,0.17,8.22,5.76,1.92,3,79.84,14.26,7821,61.32,93.34,74.92,1548,21.45,21,True,False,False,False,False,False,False,False,False,False,False,False,False,False,False,False,True,False,False,True,False
2001,0.78,7.21,2.51,8.43,6.84,1.38,21,89.67,21.67,7891,63.54,75.8,88.46,655,24.2,43,False,False,False,False,False,True,False,False,False,True,False,False,False,False,False,False,False,True,False,False,False
2011,1.8,7.15,1.97,6.48,23.35,2.39,153,67.06,43.15,2368,54.22,29.67,73.53,2251,27.9,1076,False,False,False,False,False,False,False,False,False,False,False,False,False,False,False,True,False,False,True,False,False
2020,3.02,7.22,2.29,7.22,24.49,6.8,562,71.7,34.93,4609,53.3,61.96,80.12,2502,24.06,209,False,False,False,False,True,False,False,False,False,False,True,False,False,False,True,False,False,False,True,False,False
2011,2.34,6.56,2.89,6.63,19.12,5.87,599,59.68,77.44,1992,40.61,53.26,44.9,1279,27.36,222,False,False,False,False,False,False,True,False,False,False,True,False,False,False,False,False,False,True,False,False,True
2019,1.08,7.52,1.08,8.25,9.85,0.05,66,97.08,16.89,10421,70.6,83.12,88.32,660,22.9,88,False,False,False,False,False,True,False,False,False,False,False,False,True,False,True,False,False,False,True,False,False
2004,0.29,6.75,1.18,8.07,13.44,1.65,3,71.24,65.72,2214,47.32,57.41,54.82,1348,28.54,330,False,False,False,False,False,False,True,False,False,True,False,False,False,False,False,False,True,False,True,False,False
2004,1.8,6.83,2.97,7.6,20.23,4.28,71,77.71,34.8,2475,55.62,37.94,66.19,1149,28.16,406,False,False,False,True,False,False,False,False,False,False,False,True,False,False,False,False,False,True,True,False,False
2011,1.16,7.99,0.84,6.95,13.24,2.32,15,58.07,75.66,2046,52.84,59.95,46.05,1172,27.23,314,False,False,False,False,False,False,True,False,False,False,False,False,False,False,False,False,True,False,True,False,False
2024,1.1,6.82,0.67,8.55,10.92,2.7,19,50.47,60.24,1495,48.49,27.37,40.67,712,18.02,160,False,False,True,False,False,False,False,False,False,False,False,False,True,False,False,True,False,False,False,False,False
2012,1.03,7.9,0.77,7.72,10.68,1.95,75,90.03,18.1,9991,67.21,80.61,86.3,927,21.06,71,False,False,False,False,False,True,False,False,False,False,False,True,False,False,False,False,False,True,False,True,False
2017,1.93,7.1,2.44,6.33,17.92,6.92,354,77.85,40.14,2223,49.17,28.67,64.93,1251,26.28,512,False,False,False,True,False,False,False,False,False,False,False,False,True,False,False,True,False,False,False,False,True
2001,0.95,7.18,0.15,7.72,5.76,1.54,11,81.26,17.82,8281,72.44,82.91,87.19,1205,22.84,22,True,False,False,False,False,False,False,False,False,False,False,False,True,False,False,True,False,False,True,False,False
2017,1.22,7.04,0.44,7.07,15.24,3.22,93,81.82,36.09,3138,65.9,39.11,83.62,1221,24.37,390,False,False,False,True,False,False,False,False,False,False,False,False,True,False,False,False,False,True,False,True,False
2000,2.28,6.69,3.42,6.38,18.64,6.76,526,77.17,70.66,1721,55.34,40.5,69.34,387,25.13,249,False,False,False,False,False,False,False,True,False,False,False,False,True,False,False,True,False,False,False,False,True
2022,2.25,7.11,2.39,7.35,16.83,2.51,277,91.38,16.53,9790,78.39,87.69,81.58,1865,23.21,20,True,False,False,False,False,False,False,False,False,False,True,False,False,False,False,False,False,False,False,False,False
2006,2.1,6.74,4.99,7.27,20.43,6.84,590,54.14,72.07,1211,43.85,17.88,38.05,1113,24.14,98,False,False,True,False,False,False,False,False,False,False,True,False,False,True,False,False,False,False,False,True,False
2024,1.07,6.85,0.15,9.29,9.82,0.86,27,99.7,5.59,60366,99.0,78.61,98.08,691,10.94,32,False,False,False,False,False,False,False,False,True,False,False,False,True,False,False,False,False,True,False,False,False
2015,1.69,6.82,3.98,7.05,12.82,5.66,269,87.22,19.32,10251,77.45,80.31,78.7,564,19.82,56,False,False,False,False,False,True,False,False,False,False,True,False,False,False,False,False,False,False,False,False,True
2003,2.43,7.05,1.54,7.37,16.74,4.76,266,94.69,20.25,6987,73.96,83.32,69.5,1813,23.51,26,True,False,False,False,False,False,False,False,False,False,False,False,False,False,True,False,False,False,False,False,False
2004,0.9,7.21,0.99,8.65,14.18,0.31,30,81.47,24.63,8721,73.26,84.77,76.82,1680,22.4,20,True,False,False,False,False,False,False,False,False,False,False,False,True,False,False,True,False,False,True,False,False
2000,0.85,7.25,0.72,7.52,13.75,1.85,13,89.44,10.6,9248,72.1,79.58,98.06,721,22.62,91,False,False,False,False,False,True,False,False,False,True,False,False,False,False,False,False,False,True,False,True,False
2009,3.12,6.52,6.36,6.49,20.99,5.37,1464,65.84,73.33,1504,51.1,28.4,66.79,459,21.86,315,False,False,False,False,False,False,False,True,False,False,False,False,True,False,True,False,False,False,False,False,True
2002,0.88,6.88,2.0,8.84,6.12,0.05,21,91.71,20.27,9657,69.55,82.09,85.27,432,20.35,69,False,False,False,False,False,True,False,False,False,False,True,False,False,False,False,True,False,False,False,True,False
2015,1.34,7.01,0.3,8.85,18.29,1.39,52,92.44,14.2,13190,81.89,63.15,90.92,1261,12.25,144,False,True,False,False,False,False,False,False,False,False,False,False,True,False,False,False,False,False,True,False,False
2011,0.6,7.01,0.41,7.09,16.35,1.62,13,75.83,36.46,3125,67.0,44.17,72.89,1840,27.28,915,False,False,False,False,False,False,False,False,False,False,False,False,False,False,False,False,True,False,False,True,False
2003,2.68,7.21,4.23,5.36,20.61,6.12,404,81.42,33.63,2641,64.52,36.78,80.53,1300,27.77,542,False,False,False,True,False,False,False,False,False,False,False,False,True,False,True,False,False,False,True,False,False
2024,1.59,6.85,1.42,8.16,19.38,5.6,92,77.54,30.52,3072,59.14,40.18,75.4,2011,26.67,1007,False,False,False,False,False,False,False,False,False,False,False,False,True,False,False,False,True,False,False,False,False
2012,2.49,7.66,1.44,6.73,27.06,6.19,141,73.9,38.12,2708,58.69,45.42,68.68,3202,27.64,1145,False,False,False,False,False,False,False,False,False,False,False,False,False,False,False,False,True,False,False,False,True
2000,0.62,6.94,1.26,9.33,3.91,1.42,5,97.0,2.0,52087,91.58,74.77,94.48,731,12.79,38,False,False,False,False,False,False,False,False,True,False,False,False,True,False,False,True,False,False,False,False,False
2018,1.57,6.08,1.43,7.51,15.97,1.23,100,95.13,7.23,50717,90.95,79.26,99.5,734,13.69,45,False,False,False,False,False,False,False,False,True,False,False,False,False,False,False,True,False,False,False,False,True
2017,2.79,7.38,6.23,6.33,18.17,9.18,910,59.54,79.42,2250,44.93,46.27,51.89,1152,26.28,160,False,False,False,False,False,False,True,False,False,False,False,True,False,True,False,False,False,False,False,True,False
2022,2.99,6.87,5.5,7.05,18.08,6.62,708,85.43,20.57,11657,78.42,69.7,87.84,1007,9.56,115,False,True,False,False,False,False,False,False,False,False,False,False,True,True,False,False,False,False,False,False,True
2000,1.23,7.22,1.34,8.1,11.2,2.19,72,98.44,16.99,13181,84.68,57.12,90.84,1005,13.21,187,False,True,False,False,False,False,False,False,False,False,False,False,True,False,False,False,False,True,False,False,False
2003,3.41,7.58,7.3,5.49,31.17,6.7,757,73.21,37.83,3179,56.17,41.12,68.45,2137,25.83,937,False,False,False,False,False,False,False,False,False,True,False,False,False,False,True,False,False,False,False,False,True
2016,2.6,7.03,3.25,6.92,19.87,4.04,240,85.34,26.43,5126,70.57,56.88,78.84,2502,27.31,117,False,False,False,False,True,False,False,False,False,True,False,False,False,False,False,False,False,False,False,False,False
2012,0.49,7.45,1.22,9.32,10.93,2.64,56,99.37,4.41,55896,89.93,86.42,93.09,719,16.53,45,False,False,False,False,False,False,False,False,True,True,False,False,False,False,False,False,True,False,False,False,True
2020,2.69,6.76,2.91,6.64,25.04,4.6,406,70.61,43.23,2746,63.54,37.7,59.13,2472,27.01,980,False,False,False,False,False,False,False,False,False,False,False,False,False,False,False,False,False,True,False,True,False
2022,2.96,6.76,2.49,6.66,21.79,7.21,476,82.75,30.47,5196,61.02,61.43,88.02,3600,26.94,185,False,False,False,False,True,False,False,False,False,True,False,False,False,False,False,False,True,False,False,False,True
2000,1.94,6.76,1.42,8.3,12.38,3.94,150,95.55,11.51,54324,85.04,78.23,91.66,957,9.97,31,False,False,False,False,False,False,False,False,True,False,True,False,False,False,False,True,False,False,False,False,True
2000,2.02,7.03,2.55,7.52,11.77,2.55,308,91.83,14.85,43039,76.95,78.89,93.74,583,12.07,48,False,False,False,False,False,False,False,False,True,True,False,False,False,False,True,False,False,False,False,True,False
2006,1.29,6.98,0.99,8.94,12.41,2.9,43,92.83,9.2,12393,75.38,62.25,93.75,922,13.11,143,False,True,False,False,False,False,False,False,False,False,False,True,False,False,True,False,False,False,True,False,False
2005,0.63,7.24,0.15,7.6,9.05,2.52,31,71.45,64.6,1516,50.14,34.86,65.96,484,22.39,260,False,False,False,False,False,False,False,True,False,False,False,False,False,False,False,False,True,False,False,True,False
2011,0.97,6.84,0.15,8.24,13.31,0.8,28,88.02,19.65,10016,64.76,92.97,83.57,1747,22.35,24,True,False,False,False,False,False,False,False,False,False,False,False,True,False,False,True,False,False,False,False,False
2004,0.27,7.67,1.73,7.75,11.18,2.32,27,66.12,62.96,1574,44.72,31.05,76.27,420,20.97,382,False,False,False,False,False,False,False,True,False,False,False,False,True,False,False,True,False,False,True,False,False
2013,0.66,7.22,0.52,8.6,14.07,3.16,3,92.98,14.15,11840,78.9,75.25,87.33,900,16.07,218,False,True,False,False,False,False,False,False,False,True,False,False,False,False,False,True,False,False,False,True,False
2009,3.82,6.84,6.98,7.19,24.25,8.87,972,75.46,45.65,2328,66.6,41.67,75.11,906,24.8,450,False,False,False,True,False,False,False,False,False,False,False,True,False,True,False,False,False,False,False,False,True
2002,1.49,6.89,1.24,8.49,14.22,5.74,163,94.04,17.8,10253,70.83,69.84,83.35,1124,11.61,185,False,True,False,False,False,False,False,False,False,False,False,False,False,False,False,False,False,False,False,False,False
2002,1.92,6.63,2.66,7.37,19.91,4.42,261,79.03,30.39,4105,69.79,53.89,73.47,2128,27.08,106,False,False,False,False,True,False,False,False,False,False,False,False,True,False,False,False,False,False,False,True,False
2022,2.35,7.15,2.21,7.6,20.69,5.64,426,91.53,17.19,10499,69.12,85.29,82.39,1668,21.57,23,True,False,False,False,False,False,False,False,False,False,True,False,False,True,False,False,False,False,True,False,False
2009,2.68,7.45,4.18,6.07,25.0,6.48,651,69.93,38.97,3042,43.32,38.12,77.7,2059,27.62,1325,False,False,False,False,False,False,False,False,False,False,False,False,False,False,False,False,False,False,False,False,False
2003,3.35,7.1,3.72,6.7,19.84,8.74,624,56.8,78.06,2160,40.84,54.88,46.7,1125,29.36,204,False,False,False,False,False,False,True,False,False,False,True,False,False,False,True,False,False,False,False,True,False
2001,1.48,7.26,2.47,7.96,13.85,1.74,85,99.7,5.11,48637,81.32,87.1,97.55,1045,14.27,42,False,False,False,False,False,False,False,False,True,False,False,False,False,False,False,False,False,False,False,True,False
2013,2.62,6.93,4.37,7.16,16.6,7.79,886,90.25,24.81,9847,70.94,92.22,75.97,1736,22.56,29,True,False,False,False,False,False,False,False,False,False,False,True,False,True,False,False,False,False,False,False,False
2000,1.46,7.56,0.15,7.95,19.78,2.1,7,72.44,33.94,2432,52.17,37.31,60.2,2212,27.41,987,False,False,False,False,False,False,False,False,False,False,False,True,False,False,False,False,True,False,False,True,False
2013,0.45,6.77,0.15,7.86,10.64,0.08,3,84.82,14.69,10558,74.53,85.91,87.99,972,21.53,50,False,False,False,False,False,True,False,False,False,False,True,False,False,False,False,False,True,False,False,True,False
2022,1.65,7.14,2.09,7.45,20.46,3.67,173,78.29,32.26,2881,57.29,41.3,75.05,1646,27.92,1312,False,False,False,False,False,False,False,False,False,False,False,False,True,False,False,False,False,True,True,False,False
2019,1.99,6.7,3.7,7.58,18.41,4.02,625,74.44,42.3,2570,55.36,33.61,73.57,1228,23.57,399,False,False,False,True,False,False,False,False,False,False,False,False,True,False,False,False,False,True,False,False,True
2006,3.64,7.22,7.33,5.32,20.58,7.26,1708,60.98,76.87,2003,43.23,58.53,46.15,833,21.08,198,False,False,False,False,False,False,True,False,False,False,False,False,True,False,True,False,False,False,False,False,True
2006,1.91,6.87,1.49,7.08,16.79,4.69,135,82.86,36.56,2697,52.32,40.57,69.09,1090,25.95,646,False,False,False,True,False,False,False,False,False,False,False,False,True,False,False,False,False,True,True,False,False
2004,1.74,6.57,0.66,7.21,17.17,3.05,120,87.23,21.94,8254,73.59,79.84,69.8,1676,24.33,26,True,False,False,False,False,False,False,False,False,True,False,False,False,False,False,False,False,False,False,True,False
2005,0.88,7.05,0.15,8.23,16.16,2.85,15,94.11,3.67,12413,78.58,63.65,89.03,940,13.19,162,False,True,False,False,False,False,False,False,False,False,False,True,False,False,False,False,False,True,False,True,False
2009,2.26,6.58,3.38,6.85,21.11,5.34,460,76.71,40.65,2488,60.37,41.87,70.26,1076,22.83,587,False,False,False,True,False,False,False,False,False,False,True,False,False,False,True,False,False,False,True,False,False
2011,0.65,7.14,0.15,8.57,13.16,1.44,4,84.44,24.97,7771,64.71,87.27,75.35,1391,26.97,32,True,False,False,False,False,False,False,False,False,False,False,False,True,False,False,False,True,False,False,True,False
2002,0.78,7.6,0.15,9.35,5.61,1.59,3,92.01,7.56,45899,86.83,82.57,95.32,691,11.67,33,False,False,False,False,False,False,False,False,True,False,False,False,True,False,False,False,True,False,False,True,False
2018,2.4,6.9,3.71,7.33,17.23,7.15,762,62.68,66.25,1321,42.97,31.92,44.57,952,18.14,176,False,False,True,False,False,False,False,False,False,True,False,False,False,False,True,False,False,False,False,True,False
2006,2.29,7.71,1.06,7.76,23.67,3.5,43,63.95,41.57,2615,60.86,35.9,67.15,2634,24.46,1184,False,False,False,False,False,False,False,False,False,False,True,False,False,False,False,False,True,False,False,True,False
2013,1.74,6.41,0.64,7.03,26.52,3.59,42,77.78,36.58,3031,67.44,42.81,68.37,2754,22.25,992,False,False,False,False,False,False,False,False,False,False,False,False,True,False,False,True,False,False,False,True,False
2024,0.97,6.84,0.15,8.36,14.0,2.7,24,90.63,9.25,12762,73.06,72.18,84.03,1072,12.77,151,False,True,False,False,False,False,False,False,False,False,True,False,False,False,False,True,False,False,False,False,False
2015,3.1,7.33,4.72,7.22,18.63,10.21,605,55.18,65.95,1315,48.48,28.31,40.23,728,16.66,131,False,False,True,False,False,False,False,False,False,False,False,False,True,True,False,False,False,False,True,False,False
2003,2.1,6.81,3.08,6.89,18.33,3.02,228,77.05,32.29,4350,66.97,53.84,86.67,2468,25.64,194,False,False,False,False,True,False,False,False,False,False,False,True,False,False,False,False,True,False,False,False,True
2013,0.33,6.76,0.54,10.26,11.07,3.38,3,92.48,11.06,12028,70.68,71.05,84.71,804,9.83,197,False,True,False,False,False,False,False,False,False,False,True,False,False,False,False,True,False,False,True,False,False
2008,0.64,7.17,0.15,8.3,17.23,0.05,81,90.39,11.1,12058,81.63,63.47,87.43,1069,13.02,125,False,True,False,False,False,False,False,False,False,False,False,True,False,False,False,False,False,False,False,True,False
2006,2.19,7.76,2.7,6.74,15.89,1.99,210,76.91,66.74,1887,57.23,38.94,69.2,726,23.69,256,False,False,False,False,False,False,False,True,False,False,True,False,False,False,False,True,False,False,False,False,True
2010,3.12,7.22,4.65,7.86,18.36,12.25,550,48.38,70.97,1029,37.86,17.57,34.81,717,18.03,154,False,False,True,False,False,False,False,False,False,False,False,False,True,False,False,False,False,True,False,False,True
2004,1.59,7.04,2.68,6.7,15.71,6.87,146,65.03,71.76,2045,35.7,53.01,42.2,878,26.93,181,False,False,False,False,False,False,True,False,False,False,False,False,True,False,False,True,False,False,False,False,False
2000,2.74,7.23,3.1,7.14,24.85,4.69,236,78.68,28.2,4937,66.61,60.94,81.73,2110,26.19,148,False,False,False,False,True,False,False,False,False,False,False,True,False,False,True,False,False,False,True,False,False
2000,2.43,6.97,2.56,7.96,16.47,8.21,425,69.52,46.05,2194,47.59,33.81,63.05,1276,21.66,600,False,False,False,True,False,False,False,False,False,False,True,False,False,False,False,False,False,False,False,True,False
2016,2.58,7.65,3.69,6.27,17.01,5.25,498,93.22,31.01,9691,68.83,86.53,88.4,1035,21.13,71,False,False,False,False,False,True,False,False,False,False,True,False,False,True,False,False,False,False,False,False,False
2001,1.72,7.33,0.2,6.27,16.49,5.08,108,83.36,37.09,2425,57.43,44.5,71.67,981,24.54,484,False,False,False,True,False,False,False,False,False,True,False,False,False,False,False,False,False,False,True,False,False
2015,1.58,7.04,2.37,8.41,10.35,1.33,99,90.13,10.0,56992,89.85,79.91,99.5,925,11.79,36,False,False,False,False,False,False,False,False,True,False,False,False,False,False,False,False,True,False,False,False,True
2017,3.38,6.67,3.63,5.4,22.13,7.43,750,62.65,74.32,2066,47.92,61.41,55.7,1321,30.15,190,False,False,False,False,False,False,True,False,False,False,False,False,True,True,False,False,False,False,False,True,False
2011,3.19,6.96,4.78,5.81,23.96,5.69,636,68.29,42.33,2691,61.61,32.58,67.16,1350,23.63,528,False,False,False,True,False,False,False,False,False,True,False,False,False,True,False,False,False,False,False,False,False
2011,0.85,7.77,0.27,8.72,14.46,0.05,3,83.16,13.61,11690,73.99,66.36,85.31,1190,14.73,172,False,True,False,False,False,False,False,False,False,False,False,False,False,False,False,False,True,False,True,False,False
2010,2.44,7.5,5.33,7.95,13.82,6.79,399,91.02,14.9,47824,86.39,80.18,89.93,897,14.33,48,False,False,False,False,False,False,False,False,True,False,True,False,False,False,False,False,False,False,False,False,True
2020,1.88,7.07,3.46,6.25,14.44,4.0,209,65.96,68.65,1656,44.3,33.52,69.41,561,24.42,312,False,False,False,False,False,False,False,True,False,False,False,True,False,False,False,False,False,True,False,False,True
2003,3.04,7.1,3.75,7.6,20.13,4.47,464,93.71,12.8,12509,80.7,62.86,85.3,910,16.15,170,False,True,False,False,False,False,False,False,False,False,False,True,False,True,False,False,False,False,False,False,False
2017,3.02,6.82,5.79,6.68,31.76,7.01,1225,68.15,42.09,2768,62.08,42.5,74.02,2306,25.76,1313,False,False,False,False,False,False,False,False,False,True,False,False,False,False,True,False,False,False,False,True,False
2015,1.38,6.68,2.04,7.82,11.79,2.08,160,89.63,9.52,54580,92.67,80.69,94.99,839,10.61,36,False,False,False,False,False,False,False,False,True,False,False,False,True,False,True,False,False,False,False,True,False
2018,2.59,7.26,4.22,6.3,15.7,4.37,848,90.33,21.09,11228,78.9,84.66,99.5,735,22.72,51,False,False,False,False,False,True,False,False,False,False,False,False,False,True,False,False,False,False,True,False,False
2017,2.76,7.19,3.12,7.55,15.36,4.96,431,91.24,24.22,9801,73.38,79.68,93.05,675,21.84,57,False,False,False,False,False,True,False,False,False,True,False,False,False,True,False,False,False,False,False,True,False
2023,1.28,6.69,1.83,8.09,14.21,3.76,77,75.55,36.54,3004,62.16,41.04,75.86,1262,28.73,606,False,False,False,True,False,False,False,False,False,False,False,True,False,False,False,True,False,False,True,False,False
2015,1.18,7.32,1.75,8.49,9.13,3.59,119,99.7,12.06,54137,86.02,85.15,90.9,895,11.55,44,False,False,False,False,False,False,False,False,True,False,False,False,False,False,True,False,False,False,True,False,False
2024,2.51,7.44,5.85,7.34,18.45,7.14,815,52.47,64.61,1201,47.74,29.82,43.37,907,19.31,85,False,False,True,False,False,False,False,False,False,False,False,False,True,True,False,False,False,False,False,False,False
2003,1.62,7.09,2.45,8.39,14.56,4.61,195,91.94,13.2,11527,72.21,66.86,82.43,925,12.95,216,False,True,False,False,False,False,False,False,False,False,False,False,True,False,False,False,False,True,False,False,False
2002,1.49,6.88,2.41,7.09,12.54,3.73,82,71.56,62.97,1794,47.51,38.81,80.47,610,26.18,238,False,False,False,False,False,False,False,True,False,False,False,False,True,False,False,False,False,True,False,False,False
2011,1.07,6.73,0.33,8.01,13.93,1.91,8,60.86,72.62,2372,57.5,53.39,39.1,1532,21.56,204,False,False,False,False,False,False,True,False,False,False,False,False,False,False,False,True,False,False,False,False,False
2000,2.8,6.36,4.15,7.34,20.72,8.53,413,53.53,63.09,1299,45.88,26.31,46.19,854,16.06,94,False,False,True,False,False,False,False,False,False,False,False,False,True,False,True,False,False,False,False,False,False
2001,1.77,6.56,1.33,6.94,20.95,6.1,149,78.16,34.37,2580,53.43,28.93,72.86,1377,26.12,449,False,False,False,True,False,False,False,False,False,True,False,False,False,False,False,False,False,True,True,False,False
2006,2.22,7.34,3.25,5.12,20.16,4.89,490,76.0,42.14,2908,57.28,40.27,77.14,1171,24.64,636,False,False,False,True,False,False,False,False,False,False,False,False,False,False,True,False,False,False,False,True,False
2020,1.77,7.4,1.96,7.1,15.36,4.1,94,58.54,62.61,1107,37.81,21.39,43.22,907,22.81,142,False,False,True,False,False,False,False,False,False,False,False,True,False,False,False,False,False,True,True,False,False
2015,1.62,7.5,1.57,6.69,13.17,4.64,162,93.26,19.36,9280,68.21,78.9,82.75,592,21.84,96,False,False,False,False,False,True,False,False,False,True,False,False,False,False,False,False,False,True,False,False,True
2000,1.84,7.16,3.53,7.89,7.7,6.28,645,85.14,19.62,9349,72.75,81.23,90.09,662,21.23,61,False,False,False,False,False,True,False,False,False,False,False,False,False,True,False,False,False,False,True,False,False
2007,1.51,7.36,0.65,8.44,13.96,1.28,21,88.76,14.09,9973,75.01,60.35,82.56,719,14.22,146,False,True,False,False,False,False,False,False,False,False,False,False,True,False,False,False,False,False,True,False,False
2005,2.24,6.78,1.56,7.43,19.36,2.45,249,79.4,32.48,5078,57.57,63.86,82.02,2637,27.7,191,False,False,False,False,True,False,False,False,False,False,False,False,False,False,False,True,False,False,False,False,False
2002,1.42,7.33,1.42,7.24,12.33,3.89,197,87.75,15.66,9275,72.58,81.22,84.56,616,21.71,49,False,False,False,False,False,True,False,False,False,False,False,True,False,False,True,False,False,False,False,False,False
2007,2.23,7.07,3.76,8.12,14.44,6.61,602,54.13,64.23,1259,42.2,17.28,40.6,705,19.36,135,False,False,True,False,False,False,False,False,False,False,False,False,False,True,False,False,False,False,False,False,False
2010,1.26,7.35,1.33,7.8,20.53,3.45,64,79.21,35.31,5056,62.75,55.4,78.81,2224,27.14,141,False,False,False,False,True,False,False,False,False,False,False,False,True,False,False,False,False,True,True,False,False
2023,0.83,6.97,0.46,7.61,14.14,1.83,19,91.38,14.46,10428,79.09,86.93,79.39,1889,23.18,25,True,False,False,False,False,False,False,False,False,False,False,False,False,False,False,False,True,False,False,False,False
2018,1.54,6.99,2.26,7.25,16.07,3.65,151,63.91,76.69,2275,48.27,61.25,56.55,1214,27.82,203,False,False,False,False,False,False,True,False,False,False,False,False,False,False,False,True,False,False,False,False,False
2000,0.65,7.31,1.76,7.82,10.26,6.46,14,66.32,68.46,1590,50.3,42.16,66.69,529,24.85,315,False,False,False,False,False,False,False,True,False,True,False,False,False,False,False,True,False,False,False,True,False
2016,1.17,7.07,1.07,8.04,9.94,1.39,84,96.46,21.74,10279,80.23,84.01,95.01,850,17.34,71,False,False,False,False,False,True,False,False,False,False,False,True,False,False,False,False,False,False,True,False,False
2020,0.62,8.41,0.66,8.08,14.6,5.36,18,62.3,77.57,2110,47.01,52.64,49.69,1149,27.24,287,False,False,False,False,False,False,True,False,False,False,False,False,True,False,False,False,True,False,False,True,False
2006,2.56,7.31,3.53,7.57,18.65,3.58,401,99.7,10.19,11295,76.91,79.24,92.42,668,19.66,93,False,False,False,False,False,True,False,False,False,True,False,False,False,True,False,False,False,False,False,True,False
2011,1.85,7.22,2.7,8.14,15.64,6.21,276,54.53,69.73,1171,31.69,28.15,39.33,851,16.06,170,False,False,True,False,False,False,False,False,False,False,True,False,False,False,True,False,False,False,False,True,False
2019,2.47,6.03,4.39,6.79,25.86,4.68,490,75.22,38.64,4109,59.37,56.89,71.95,2613,25.24,176,False,False,False,False,True,False,False,False,False,True,False,False,False,False,True,False,False,False,True,False,False
2010,3.57,7.4,7.72,5.28,26.09,7.92,996,74.34,40.74,2339,61.44,36.53,74.91,1210,26.62,657,False,False,False,True,False,False,False,False,False,False,True,False,False,True,False,False,False,False,False,False,True
2010,2.62,6.7,3.02,7.09,17.53,4.81,257,83.12,19.48,9347,76.25,69.17,92.33,959,17.53,78,False,False,False,False,False,True,False,False,False,False,True,False,False,True,False,False,False,False,True,False,False
2014,3.51,7.45,7.55,6.41,19.4,6.04,1582,57.43,65.57,1278,40.57,19.93,42.53,762,17.96,186,False,False,True,False,False,False,False,False,False,False,False,True,False,True,False,False,False,False,False,False,True
2004,1.6,6.52,1.94,6.79,13.81,2.61,270,64.91,64.92,1770,43.84,37.41,67.33,375,24.47,387,False,False,False,False,False,False,False,True,False,False,True,False,False,False,True,False,False,False,False,True,False
2000,1.73,6.68,0.15,7.97,10.42,4.69,109,52.63,59.43,1252,41.89,22.26,46.02,1296,19.22,112,False,False,True,False,False,False,False,False,False,True,False,False,False,False,False,True,False,False,True,False,False
2021,0.54,7.26,0.15,9.12,3.48,1.73,9,94.25,9.89,46574,75.01,78.97,99.06,764,11.78,34,False,False,False,False,False,False,False,False,True,True,False,False,False,False,False,False,True,False,False,False,True
2002,2.17,7.06,2.34,8.41,23.14,5.01,87,71.81,37.04,2610,63.63,42.77,58.89,1445,28.98,1041,False,False,False,False,False,False,False,False,False,True,False,False,False,False,False,False,False,True,False,True,False
2017,2.52,7.03,6.11,6.45,15.63,4.42,829,90.24,21.71,11331,69.92,63.84,84.19,868,15.27,134,False,True,False,False,False,False,False,False,False,False,False,True,False,True,False,False,False,False,False,False,True
2019,1.74,6.99,2.43,6.67,21.15,4.16,265,77.92,24.06,5416,58.98,63.53,72.26,2783,26.62,154,False,False,False,False,True,False,False,False,False,False,False,False,False,False,False,False,False,True,True,False,False
2005,3.55,6.81,6.4,6.2,28.44,5.13,1456,79.12,38.06,2867,52.51,46.23,65.86,2158,30.38,1372,False,False,False,False,False,False,False,False,False,False,True,False,False,True,False,False,False,False,False,False,False
2017,1.77,7.38,2.23,7.33,15.1,5.85,181,60.32,57.11,1315,40.58,27.67,38.03,835,19.65,113,False,False,True,False,False,False,False,False,False,True,False,False,False,False,False,False,False,True,False,True,False
2016,2.14,7.06,3.39,5.93,17.12,6.2,426,74.48,36.2,2758,55.63,36.26,77.19,881,24.16,331,False,False,False,True,False,False,False,False,False,False,False,True,False,False,False,False,False,False,True,False,False
2012,1.85,6.91,3.19,7.64,13.93,6.96,792,96.21,17.87,10694,75.78,84.62,98.84,739,17.37,59,False,False,False,False,False,True,False,False,False,False,True,False,False,False,False,False,False,False,False,False,True
2023,1.93,7.14,0.22,7.88,17.39,5.09,54,78.03,32.46,2800,50.52,34.61,73.31,2163,23.87,1037,False,False,False,False,False,False,False,False,False,False,False,False,False,False,False,True,False,False,False,True,False
2003,2.87,6.9,4.05,6.19,29.31,7.98,411,73.48,37.0,2535,68.04,42.12,68.64,2615,27.9,946,False,False,False,False,False,False,False,False,False,False,False,False,False,False,False,True,False,False,False,False,True
2006,1.09,6.78,1.49,7.41,15.1,2.31,16,99.04,20.22,9468,81.2,96.0,89.76,1580,22.73,37,True,False,False,False,False,False,False,False,False,False,False,False,True,False,False,True,False,False,True,False,False
2017,1.13,7.0,0.99,8.63,9.38,1.0,5,99.7,9.46,15922,82.08,72.47,95.37,824,18.26,189,False,True,False,False,False,False,False,False,False,False,False,True,False,False,False,False,False,True,True,False,False
2008,1.87,6.94,1.84,6.21,10.59,6.35,100,73.22,39.4,2756,57.84,37.7,72.44,974,29.66,448,False,False,False,True,False,False,False,False,False,False,False,False,True,False,False,False,False,False,True,False,False
2022,3.24,6.46,5.54,5.73,18.06,8.87,661,99.41,19.89,10275,67.12,91.34,88.97,668,22.65,65,False,False,False,False,False,True,False,False,False,False,False,False,False,False,True,False,False,False,False,False,True
2006,2.23,6.69,2.18,7.51,14.75,3.87,339,85.68,18.24,9771,75.53,91.76,85.13,1691,27.56,30,True,False,False,False,False,False,False,False,False,False,False,True,False,False,True,False,False,False,True,False,False
2010,0.72,6.7,0.15,7.81,11.06,4.68,9,70.39,71.02,1426,49.47,34.27,62.31,810,24.14,385,False,False,False,False,False,False,False,True,False,False,False,False,True,False,False,True,False,False,False,False,False
2023,1.64,6.47,0.99,7.48,20.14,1.59,141,81.18,29.61,5105,72.2,58.15,87.97,1854,25.79,127,False,False,False,False,True,False,False,False,False,True,False,False,False,False,False,False,False,True,True,False,False
2001,4.02,6.72,4.8,5.16,27.8,8.29,503,69.1,39.1,2908,52.9,36.25,74.4,1585,24.61,1224,False,False,False,False,False,False,False,False,False,False,False,False,True,True,False,False,False,False,True,False,False
2018,2.36,6.52,4.57,5.34,15.77,5.4,326,65.35,68.59,1568,47.04,37.14,59.8,626,22.88,275,False,False,False,False,False,False,False,True,False,False,False,True,False,False,True,False,False,False,False,False,False
2018,3.68,7.2,8.63,6.18,19.65,11.82,767,83.58,40.21,2827,60.86,34.71,69.46,820,22.02,633,False,False,False,True,False,False,False,False,False,False,False,False,False,True,False,False,False,False,False,False,True
2020,2.12,7.83,0.15,7.39,12.35,4.61,103,90.83,17.6,10162,80.88,87.27,85.69,1534,27.47,24,True,False,False,False,False,False,False,False,False,True,False,False,False,False,False,False,False,True,False,True,False
2015,1.88,6.64,1.46,7.06,12.43,9.8,171,70.04,79.77,2468,45.46,62.99,48.52,1522,28.64,307,False,False,False,False,False,False,True,False,False,False,True,False,False,False,False,False,True,False,False,True,False
2022,0.4,7.1,0.15,8.87,10.17,1.11,3,92.48,16.07,12166,77.99,65.02,99.5,1024,14.28,170,False,True,False,False,False,False,False,False,False,False,False,False,True,False,False,False,True,False,False,True,False
2011,1.27,7.54,0.87,7.11,16.14,1.47,50,74.92,42.19,2451,54.41,37.84,62.65,954,24.99,400,False,False,False,True,False,False,False,False,False,False,False,False,True,False,False,True,False,False,False,True,False
2019,1.02,6.99,1.51,7.24,10.7,4.56,70,53.46,58.85,1393,48.35,25.9,43.35,857,21.13,132,False,False,True,False,False,False,False,False,False,False,False,False,False,False,False,False,True,False,False,False,False
2000,2.9,7.48,4.44,6.76,15.07,6.03,510,80.24,18.38,9348,70.99,85.51,90.1,600,22.2,74,False,False,False,False,False,True,False,False,False,False,False,False,False,False,False,False,False,False,False,False,True
2008,1.1,7.18,0.15,7.71,6.65,0.44,45,95.2,9.38,55765,95.51,83.53,99.5,905,17.98,42,False,False,False,False,False,False,False,False,True,True,False,False,False,False,False,False,True,False,False,False,True
2007,2.66,6.34,2.89,5.61,21.98,6.15,443,72.79,41.33,2308,54.74,38.05,67.36,1057,26.18,378,False,False,False,True,False,False,False,False,False,False,False,False,False,False,True,False,False,False,True,False,False
2022,0.85,7.11,0.15,8.24,14.84,1.82,11,96.76,13.44,12339,80.9,69.65,88.72,1164,11.79,166,False,True,False,False,False,False,False,False,False,True,False,False,False,False,False,False,True,False,False,False,True
2000,2.27,7.38,2.55,6.4,20.67,3.28,196,76.84,29.6,4962,59.04,62.17,78.14,2288,24.55,111,False,False,False,False,True,False,False,False,False,False,False,True,False,False,False,False,False,False,False,True,False
2014,1.58,6.87,2.01,8.47,20.45,5.09,111,75.9,27.45,4637,61.06,51.54,72.61,2546,25.95,151,False,False,False,False,True,False,False,False,False,False,False,False,False,False,False,True,False,False,True,False,False
2024,1.75,6.62,2.32,6.78,17.23,4.49,399,89.92,15.72,9621,76.11,90.46,82.36,1630,26.14,15,True,False,False,False,False,False,False,False,False,False,False,True,False,False,True,False,False,False,False,True,False
2009,1.95,7.19,2.61,7.33,17.32,4.79,237,68.97,76.81,2451,42.06,59.95,51.97,1073,25.71,265,False,False,False,False,False,False,True,False,False,False,False,True,False,False,False,False,True,False,False,False,True
2002,3.59,7.03,6.92,6.18,18.34,7.07,968,87.27,23.17,8313,75.25,76.51,82.3,543,19.71,57,False,False,False,False,False,True,False,False,False,False,True,False,False,True,False,False,False,False,False,False,True
2019,2.4,6.41,2.84,6.27,20.94,3.47,276,82.09,39.7,2449,64.44,36.95,71.62,1443,25.48,565,False,False,False,True,False,False,False,False,False,False,False,True,False,False,False,False,False,False,False,False,False
2001,2.48,6.92,4.2,7.56,23.4,5.4,323,80.49,27.97,7650,64.48,85.82,77.57,2638,23.85,35,True,False,False,False,False,False,False,False,False,False,True,False,False,False,False,False,False,False,True,False,False
2009,1.26,7.46,1.53,8.39,10.73,2.99,48,53.26,59.64,1142,50.34,26.49,35.22,743,17.18,129,False,False,True,False,False,False,False,False,False,False,False,False,False,False,False,False,False,True,False,True,False
2001,0.93,7.32,0.15,7.71,7.2,0.05,6,91.57,10.42,9627,65.89,75.66,88.1,815,23.03,55,False,False,False,False,False,True,False,False,False,False,True,False,False,False,False,False,True,False,False,False,False
2017,3.2,6.86,4.22,6.2,20.33,7.89,661,67.87,81.36,2201,44.07,55.75,48.35,1479,27.69,277,False,False,False,False,False,False,True,False,False,False,False,True,False,False,True,False,False,False,False,False,False
2002,2.21,7.17,0.15,6.73,22.22,2.92,80,70.49,37.58,2550,52.36,39.94,70.91,2261,29.33,1386,False,False,False,False,False,False,False,False,False,False,False,True,False,False,False,True,False,False,False,True,False
2023,1.48,7.08,0.59,7.41,17.64,2.04,77,80.87,27.48,5929,67.78,62.37,86.88,2220,27.15,119,False,False,False,False,True,False,False,False,False,False,False,False,True,False,False,False,True,False,False,False,False
2010,3.16,7.15,3.91,7.46,18.46,8.29,429,62.89,74.72,2250,48.11,57.93,50.92,1079,23.63,318,False,False,False,False,False,False,True,False,False,False,True,False,False,False,True,False,False,False,True,False,False
2010,4.27,6.53,7.7,6.26,18.44,9.5,886,51.19,67.5,1373,51.96,23.75,42.76,728,19.95,165,False,False,True,False,False,False,False,False,False,False,False,False,False,True,False,False,False,False,False,False,True
2022,1.34,6.74,1.45,8.48,17.93,2.95,74,75.38,31.99,3286,58.54,42.69,84.76,1756,25.36,999,False,False,False,False,False,False,False,False,False,False,True,False,False,False,False,True,False,False,False,True,False
2014,3.0,7.48,4.43,6.86,29.32,7.54,674,82.36,33.4,4954,67.51,63.67,72.18,2734,24.57,193,False,False,False,False,True,False,False,False,False,False,False,False,False,False,True,False,False,False,False,True,False
2012,3.21,7.6,4.1,6.4,21.19,9.38,574,74.34,40.73,2567,64.24,35.38,74.9,1426,26.3,358,False,False,False,True,False,False,False,False,False,False,False,False,False,False,True,False,False,False,False,True,False
2002,1.44,6.91,1.99,6.62,9.83,5.7,105,69.43,70.35,1426,57.82,41.35,61.08,357,25.55,233,False,False,False,False,False,False,False,True,False,True,False,False,False,False,False,False,False,False,True,False,False
2015,2.65,6.99,2.79,6.12,18.85,7.69,184,58.49,84.53,2488,47.79,51.85,45.37,987,26.0,207,False,False,False,False,False,False,True,False,False,False,False,False,True,False,False,False,False,True,False,False,False
2013,1.33,7.27,0.16,7.33,12.87,2.8,88,65.38,72.46,2250,44.11,51.81,48.35,1173,26.68,259,False,False,False,False,False,False,True,False,False,True,False,False,False,False,False,True,False,False,False,False,False
2003,0.48,6.63,0.48,9.3,9.16,0.2,45,98.32,6.11,58846,86.53,86.52,97.01,763,12.34,27,False,False,False,False,False,False,False,False,True,False,True,False,False,False,False,False,False,True,True,False,False
2024,1.89,7.35,2.41,5.71,21.01,4.5,474,64.62,76.24,2509,52.68,53.73,55.93,1146,24.45,231,False,False,False,False,False,False,True,False,False,False,False,False,False,False,False,False,False,False,True,False,False
2022,1.85,6.98,1.81,7.65,18.0,4.3,58,87.58,26.32,5304,69.05,63.91,80.04,1936,26.49,228,False,False,False,False,True,False,False,False,False,True,False,False,False,False,False,False,True,False,False,False,True
2000,0.94,7.73,1.08,8.56,8.41,6.27,2,44.4,67.32,1052,37.47,23.37,37.26,785,20.02,168,False,False,True,False,False,False,False,False,False,False,False,True,False,False,False,False,True,False,True,False,False
2011,2.69,7.0,3.88,6.63,16.57,4.98,471,95.91,16.8,44029,81.01,75.7,79.3,840,11.67,38,False,False,False,False,False,False,False,False,True,False,True,False,False,True,False,False,False,False,False,False,False
2009,0.44,6.92,0.15,8.16,12.61,2.83,3,70.11,37.25,2409,52.97,34.98,68.45,1386,25.04,374,False,False,False,True,False,False,False,False,False,False,False,True,False,False,False,False,True,False,False,True,False
2015,2.06,6.98,3.62,8.24,16.4,2.59,227,90.32,14.2,11745,79.27,81.05,85.41,996,21.77,54,False,False,False,False,False,True,False,False,False,False,False,False,True,True,False,False,False,False,False,True,False
2007,1.89,7.25,2.02,8.14,11.01,4.88,180,90.16,21.92,8506,72.39,79.54,83.47,624,21.62,55,False,False,False,False,False,True,False,False,False,False,False,False,False,False,False,False,False,False,False,False,False
2023,3.41,6.92,5.47,7.68,20.41,7.88,886,81.61,40.5,2612,53.16,30.45,75.45,964,25.6,323,False,False,False,True,False,False,False,False,False,False,False,True,False,True,False,False,False,False,True,False,False
2022,2.25,7.08,2.95,7.13,18.18,5.07,426,84.9,24.06,5310,63.87,52.02,79.19,1884,26.23,155,False,False,False,False,True,False,False,False,False,False,False,True,False,False,False,False,False,False,True,False,False
2022,2.98,7.01,4.98,6.76,24.45,8.02,799,64.61,79.28,2325,45.06,59.43,47.12,1404,28.98,234,False,False,False,False,False,False,True,False,False,False,False,False,True,True,False,False,False,False,True,False,False
2019,1.01,7.11,1.54,7.84,21.24,1.12,14,79.16,32.4,4588,61.33,58.78,76.47,2256,26.52,171,False,False,False,False,True,False,False,False,False,False,False,False,True,False,False,True,False,False,True,False,False
2016,3.0,6.83,5.36,6.21,23.48,8.61,1160,50.52,81.81,2041,45.04,50.0,42.8,1409,28.7,224,False,False,False,False,False,False,True,False,False,False,False,False,False,False,True,False,False,False,False,False,False
2002,1.04,7.35,1.21,7.68,17.01,1.97,125,88.5,13.64,11254,79.94,57.0,89.97,1258,13.24,218,False,True,False,False,False,False,False,False,False,False,False,False,False,False,False,False,False,False,True,False,False
2009,2.46,6.78,3.68,6.2,22.37,4.75,512,83.97,24.23,4820,77.26,54.75,68.85,2627,23.3,134,False,False,False,False,True,False,False,False,False,False,True,False,False,False,True,False,False,False,False,False,False
2018,0.74,7.03,0.68,9.18,8.2,2.39,71,97.35,9.3,48916,88.15,80.26,98.62,800,12.55,37,False,False,False,False,False,False,False,False,True,False,True,False,False,False,False,False,False,False,False,True,False
2009,2.95,7.25,5.64,7.28,23.11,6.72,1189,69.92,39.42,2378,63.63,40.34,69.33,1214,23.14,344,False,False,False,True,False,False,False,False,False,False,True,False,False,False,False,False,False,False,False,False,True
2004,1.6,7.25,0.91,6.49,18.49,4.27,160,66.41,37.19,2833,47.21,37.3,68.82,1824,27.17,1206,False,False,False,False,False,False,False,False,False,True,False,False,False,False,False,True,False,False,False,True,False
2024,1.41,7.21,0.4,7.61,15.21,4.58,40,68.25,73.71,2456,49.57,61.47,50.69,1175,27.87,280,False,False,False,False,False,False,True,False,False,True,False,False,False,False,False,False,True,False,False,True,False
2001,2.34,6.72,1.91,6.57,23.79,4.31,93,74.52,32.63,2730,65.85,40.23,71.24,2263,27.11,1003,False,False,False,False,False,False,False,False,False,True,False,False,False,False,False,False,False,True,True,False,False
2001,0.63,6.93,1.64,7.38,19.08,1.38,29,76.22,40.77,2465,61.28,42.63,56.72,1686,26.54,1068,False,False,False,False,False,False,False,False,False,False,False,False,False,False,False,False,True,False,False,False,False
2009,2.49,7.49,5.21,7.33,20.42,5.18,239,92.1,14.4,11464,73.23,67.89,88.43,1170,13.81,212,False,True,False,False,False,False,False,False,False,False,True,False,False,False,True,False,False,False,False,True,False
2024,2.36,7.77,2.22,7.06,16.74,6.51,274,62.15,79.95,2718,51.0,58.66,48.29,1113,25.9,248,False,False,False,False,False,False,True,False,False,False,False,False,True,False,False,False,False,True,False,False,False
2016,3.28,7.17,7.84,5.76,25.24,9.2,1585,88.43,24.9,9527,68.26,87.86,87.87,1954,25.51,28,True,False,False,False,False,False,False,False,False,False,True,False,False,False,True,False,False,False,False,False,True
2024,1.67,7.33,3.21,7.07,14.6,4.63,247,92.87,20.04,10849,69.04,81.08,92.06,682,19.34,79,False,False,False,False,False,True,False,False,False,False,False,False,False,False,False,True,False,False,False,False,True
2021,0.56,7.3,0.6,8.4,10.31,1.39,3,74.94,38.97,2504,58.31,35.45,78.38,760,24.01,424,False,False,False,True,False,False,False,False,False,False,False,True,False,False,False,False,True,False,True,False,False
2001,1.45,7.36,1.96,7.92,16.59,4.64,101,61.95,75.03,2093,52.78,54.24,49.28,1007,28.73,249,False,False,False,False,False,False,True,False,False,False,False,True,False,False,False,False,False,True,False,False,False
2010,0.63,6.79,2.11,8.88,9.95,4.57,5,67.61,65.78,1725,51.55,32.37,68.95,645,21.65,289,False,False,False,False,False,False,False,True,False,False,False,False,True,False,False,True,False,False,False,True,False
2012,1.77,7.42,3.97,6.85,14.57,4.91,134,75.53,63.67,2032,53.37,30.11,70.29,471,24.22,194,False,False,False,False,False,False,False,True,False,False,True,False,False,False,True,False,False,False,True,False,False
2022,4.41,7.17,7.75,4.73,27.41,10.42,1037,86.44,37.4,2877,61.23,40.44,63.47,1856,29.43,549,False,False,False,True,False,False,False,False,False,False,False,False,True,False,True,False,False,False,False,False,True
2010,2.89,6.71,7.29,6.18,24.95,5.59,845,71.6,35.48,2819,63.87,42.82,76.94,907,24.67,629,False,False,False,True,False,False,False,False,False,False,False,False,True,False,True,False,False,False,False,False,True
2004,2.43,6.51,4.33,7.33,20.87,3.81,227,82.85,28.1,4518,60.72,60.91,76.98,2811,24.97,187,False,False,False,False,True,False,False,False,False,False,True,False,False,False,False,False,False,False,False,True,False
2014,1.99,6.9,2.79,7.04,20.51,4.48,225,91.17,16.17,11124,69.94,60.68,81.52,1028,15.79,141,False,True,False,False,False,False,False,False,False,False,False,True,False,False,False,False,False,True,False,False,True
2014,3.06,7.02,5.27,5.68,24.78,6.23,748,84.55,29.58,5252,64.12,57.88,75.47,2895,27.67,115,False,False,False,False,True,False,False,False,False,False,False,False,False,False,True,False,False,False,False,True,False
2017,3.31,6.79,5.07,6.28,17.38,6.96,945,99.7,15.79,10507,76.3,82.46,76.39,675,22.99,60,False,False,False,False,False,True,False,False,False,True,False,False,False,False,False,False,False,False,False,False,True
2022,0.42,6.77,0.46,9.03,10.11,1.2,6,93.15,14.07,13036,82.6,69.93,83.83,1219,16.02,137,False,True,False,False,False,False,False,False,False,False,True,False,False,False,False,True,False,False,False,True,False
2022,2.12,6.77,1.8,7.53,24.18,5.65,202,71.57,38.26,2787,61.07,40.22,73.49,2704,27.42,882,False,False,False,False,False,False,False,False,False,True,False,False,False,False,False,False,False,True,False,False,False
2003,1.58,6.93,2.8,8.03,11.66,5.91,427,94.71,13.39,57760,88.1,86.27,99.5,1067,13.15,46,False,False,False,False,False,False,False,False,True,False,False,False,False,True,False,False,False,False,False,True,False
2009,2.17,6.98,1.81,8.24,15.73,8.07,229,54.52,58.32,1182,38.25,23.85,44.03,986,15.26,103,False,False,True,False,False,False,False,False,False,False,False,True,False,False,True,False,False,False,True,False,False
2016,0.53,7.08,0.15,8.81,12.27,3.46,6,92.07,11.33,12770,69.39,62.15,80.48,1089,16.43,264,False,True,False,False,False,False,False,False,False,False,False,False,True,False,False,True,False,False,True,False,False
2015,3.25,6.77,5.95,5.48,14.28,4.41,1016,88.24,21.69,9867,84.85,82.26,89.41,545,25.47,60,False,False,False,False,False,True,False,False,False,False,False,False,False,False,False,False,False,False,False,False,True
2008,1.52,7.28,2.82,6.62,23.36,3.23,169,79.74,34.29,4472,61.29,57.99,77.92,2809,29.05,104,False,False,False,False,True,False,False,False,False,False,False,False,True,False,False,False,True,False,False,False,True
2001,1.03,6.88,0.35,8.87,5.74,3.3,24,97.02,6.85,51357,89.61,80.86,89.69,748,16.76,29,False,False,False,False,False,False,False,False,True,False,False,False,True,False,False,False,False,True,True,False,False
2008,2.98,7.06,4.87,6.72,17.08,9.23,1087,46.82,64.72,1198,40.22,23.0,40.41,718,21.61,138,False,False,True,False,False,False,False,False,False,False,False,False,False,False,False,False,False,True,False,False,True
2009,0.87,7.08,0.15,8.84,16.4,2.85,5,78.31,35.15,4621,60.98,60.16,75.61,2312,23.48,169,False,False,False,False,True,False,False,False,False,False,False,False,False,False,False,False,True,False,False,False,False
2005,2.2,7.45,2.53,7.01,12.48,5.34,257,91.65,18.52,11341,69.31,78.49,88.78,639,22.19,64,False,False,False,False,False,True,False,False,False,False,True,False,False,False,True,False,False,False,True,False,False
2012,3.08,6.17,6.72,6.51,24.39,4.81,900,87.55,19.19,8251,78.55,82.68,76.11,2266,23.98,31,True,False,False,False,False,False,False,False,False,False,False,True,False,False,False,False,False,True,False,False,True
2006,2.52,7.4,5.47,6.51,22.57,5.26,650,83.49,34.96,2730,66.84,45.83,76.74,1223,24.07,556,False,False,False,True,False,False,False,False,False,False,False,True,False,True,False,False,False,False,False,False,False
2008,2.04,7.42,2.48,8.33,14.16,3.46,329,99.18,9.02,53263,86.57,87.08,96.51,770,12.22,34,False,False,False,False,False,False,False,False,True,True,False,False,False,False,False,False,False,False,False,False,True
2023,3.16,6.84,3.07,6.57,27.09,7.21,1133,81.13,25.83,5219,56.36,63.36,80.73,2715,26.95,172,False,False,False,False,True,False,False,False,False,False,False,False,False,False,True,False,False,False,False,True,False
2023,2.04,6.87,4.38,7.32,17.1,6.38,534,67.21,69.8,1767,55.61,34.49,62.77,381,24.35,308,False,False,False,False,False,False,False,True,False,False,False,False,False,False,True,False,False,False,False,True,False
2015,1.57,6.73,1.55,9.28,13.14,3.28,266,98.11,9.02,55521,87.21,89.93,93.69,1051,11.77,39,False,False,False,False,False,False,False,False,True,True,False,False,False,False,False,False,False,False,False,True,False
2001,1.88,6.95,0.96,7.58,10.86,2.98,142,91.74,12.99,9809,65.26,88.07,96.43,667,24.83,78,False,False,False,False,False,True,False,False,False,False,False,False,True,False,False,False,False,False,False,False,False
2014,0.47,6.84,0.15,8.74,12.8,0.58,3,91.07,5.74,12642,75.68,66.45,91.98,1030,12.03,164,False,True,False,False,False,False,False,False,False,False,False,False,True,False,False,False,False,True,True,False,False
2023,2.12,6.66,1.6,8.12,17.84,6.19,181,95.59,9.81,13314,76.92,71.48,87.11,942,11.09,208,False,True,False,False,False,False,False,False,False,False,False,False,True,False,False,False,False,False,False,False,False
2004,0.87,7.72,2.09,7.73,21.13,0.05,33,76.81,28.85,3329,63.53,44.82,72.9,2865,21.45,1005,False,False,False,False,False,False,False,False,False,False,False,False,False,False,False,False,True,False,False,False,False
2020,2.73,7.15,4.76,5.3,21.3,4.28,584,66.34,79.3,1960,50.22,48.61,55.88,804,25.98,226,False,False,False,False,False,False,True,False,False,True,False,False,False,True,False,False,False,False,False,False,False
2009,0.08,6.99,0.16,9.42,7.25,0.72,3,93.5,5.82,49268,89.21,82.44,92.21,752,10.72,49,False,False,False,False,False,False,False,False,True,True,False,False,False,False,False,False,True,False,False,False,False
2008,0.1,7.34,0.15,7.93,7.74,0.75,3,96.04,13.17,10260,67.03,73.96,85.48,582,17.73,37,False,False,False,False,False,True,False,False,False,True,False,False,False,False,False,False,True,False,True,False,False
2023,2.55,7.88,2.12,7.41,26.48,7.6,322,76.4,37.68,3088,53.33,49.98,64.84,1750,24.07,1172,False,False,False,False,False,False,False,False,False,False,False,True,False,False,False,True,False,False,False,False,True
2024,1.16,7.25,1.03,8.86,19.3,2.97,5,71.11,32.39,3128,48.49,38.77,68.43,1635,24.05,956,False,False,False,False,False,False,False,False,False,False,False,False,True,False,False,False,True,False,False,False,False
2014,1.75,7.03,2.06,8.43,14.41,3.5,32,67.26,64.41,1693,53.12,42.78,64.14,422,26.22,203,False,False,False,False,False,False,False,True,False,False,False,False,False,False,False,True,False,False,False,False,False
2009,0.54,7.01,1.05,9.22,13.56,2.87,51,88.85,9.59,12283,82.43,63.15,89.16,834,14.7,230,False,True,False,False,False,False,False,False,False,False,False,True,False,False,True,False,False,False,True,False,False
2021,1.98,7.76,3.87,6.37,16.68,2.55,301,90.68,16.71,12106,72.68,60.02,81.63,1002,16.85,141,False,True,False,False,False,False,False,False,False,False,False,True,False,False,False,False,False,False,False,True,False
2003,2.0,6.86,3.11,5.56,21.8,2.14,428,76.19,32.96,2671,59.33,45.1,76.72,1014,26.14,288,False,False,False,True,False,False,False,False,False,False,False,True,False,False,True,False,False,False,False,True,False
2020,2.25,6.94,1.9,7.47,23.95,5.77,225,72.44,38.18,2728,59.98,46.62,72.84,2446,24.68,1316,False,False,False,False,False,False,False,False,False,False,False,True,False,False,False,False,False,False,True,False,False
2012,2.62,6.34,2.36,7.45,19.41,6.42,375,69.45,36.37,2432,51.89,40.92,66.69,930,23.2,751,False,False,False,True,False,False,False,False,False,False,False,True,False,False,True,False,False,False,True,False,False
2012,1.38,6.91,0.64,8.91,10.16,0.28,46,99.7,5.89,58585,82.79,89.14,98.23,1154,13.42,36,False,False,False,False,False,False,False,False,True,False,False,False,True,False,False,True,False,False,False,False,False
2000,1.17,7.4,1.58,8.37,9.66,0.05,25,91.68,14.27,11906,74.34,64.4,86.9,1051,14.33,130,False,True,False,False,False,False,False,False,False,False,False,False,False,False,False,True,False,False,False,True,False
2015,2.96,7.14,4.08,7.15,13.97,9.55,499,95.2,19.43,10135,75.06,78.5,88.62,655,16.76,79,False,False,False,False,False,True,False,False,False,True,False,False,False,False,True,False,False,False,False,False,True
2022,2.31,6.01,2.52,8.16,15.69,7.02,289,96.06,17.63,12323,69.99,62.69,84.07,1226,15.42,111,False,True,False,False,False,False,False,False,False,True,False,False,False,False,True,False,False,False,False,False,False
2024,4.2,7.0,6.09,5.57,21.72,7.5,781,69.19,74.62,2406,44.25,58.18,49.39,831,29.33,219,False,False,False,False,False,False,True,False,False,False,False,False,False,False,True,False,False,False,False,False,True
2016,2.04,7.19,1.03,7.76,23.68,5.37,107,70.81,35.46,2895,62.95,42.36,66.28,2599,21.28,1200,False,False,False,False,False,False,False,False,False,False,True,False,False,False,False,True,False,False,False,False,False
2002,0.4,6.85,0.49,9.84,11.57,2.01,3,95.96,19.32,11894,80.34,67.65,81.01,1297,12.15,160,False,True,False,False,False,False,False,False,False,False,False,False,False,False,False,False,True,False,True,False,False
2005,0.72,7.76,0.61,8.08,10.09,5.96,4,51.77,63.91,1025,34.06,20.46,38.45,781,18.28,136,False,False,True,False,False,False,False,False,False,False,False,False,False,False,False,False,True,False,False,True,False
2004,2.58,6.78,4.19,6.49,19.69,3.88,297,77.43,38.1,2410,64.7,41.87,72.72,949,26.01,560,False,False,False,True,False,False,False,False,False,False,False,False,False,False,False,True,False,False,False,False,True
2022,2.1,6.78,3.41,7.28,13.3,6.06,382,70.89,68.09,1620,56.96,39.47,59.37,471,23.55,199,False,False,False,False,False,False,False,True,False,False,True,False,False,False,True,False,False,False,False,True,False
2004,2.4,6.75,2.57,5.82,18.9,3.93,317,78.98,37.93,3169,64.15,41.95,72.78,1214,23.81,301,False,False,False,True,False,False,False,False,False,True,False,False,False,False,False,False,False,False,True,False,False
2019,2.83,6.57,4.96,7.37,24.38,6.78,418,73.89,36.6,3226,60.97,39.86,81.73,1938,29.08,1533,False,False,False,False,False,False,False,False,False,True,False,False,False,False,False,True,False,False,False,False,True
2001,1.94,6.98,2.29,7.34,22.83,6.66,310,85.3,26.64,4516,53.12,57.78,73.66,1880,28.31,202,False,False,False,False,True,False,False,False,False,False,False,False,False,False,False,False,False,True,False,True,False
2017,3.3,6.94,4.93,7.0,16.77,5.99,1226,91.04,9.28,51945,94.25,83.47,98.48,1103,14.29,42,False,False,False,False,False,False,False,False,True,False,False,True,False,False,True,False,False,False,False,False,True
2006,2.54,6.33,4.85,6.74,27.53,7.45,513,71.87,39.41,2469,56.85,40.5,64.21,2284,25.22,1355,False,False,False,False,False,False,False,False,False,True,False,False,False,False,True,False,False,False,False,True,False
2015,0.98,7.35,1.74,8.47,14.82,4.63,109,94.61,20.11,10328,87.99,86.91,81.05,1795,21.03,28,True,False,False,False,False,False,False,False,False,False,False,False,False,False,False,False,False,False,True,False,False
2021,2.07,6.63,3.25,7.5,17.7,5.87,374,81.11,28.52,5311,69.75,70.23,82.18,1871,26.88,211,False,False,False,False,True,False,False,False,False,False,False,False,True,False,True,False,False,False,True,False,False
2012,2.89,7.29,2.09,7.03,23.62,4.51,274,80.22,37.15,2953,63.42,41.91,70.9,1548,29.16,1001,False,False,False,False,False,False,False,False,False,False,True,False,False,False,False,False,False,False,False,True,False
2011,0.68,7.02,0.9,8.39,18.78,2.79,19,78.74,32.01,4839,70.43,57.4,69.52,2233,26.56,177,False,False,False,False,True,False,False,False,False,True,False,False,False,False,False,True,False,False,True,False,False
2006,3.48,7.0,5.71,6.73,32.26,7.0,1551,72.63,41.96,2716,48.67,42.84,64.41,2712,26.0,1120,False,False,False,False,False,False,False,False,False,False,True,False,False,False,True,False,False,False,False,True,False
2011,1.01,6.57,1.57,7.47,19.09,3.21,89,75.91,26.93,4183,64.23,54.01,77.02,2327,27.33,164,False,False,False,False,True,False,False,False,False,False,False,True,False,False,False,False,True,False,False,False,False
2000,1.65,7.65,2.66,6.88,12.14,5.66,185,86.22,38.73,2262,67.66,34.48,71.32,1039,21.6,385,False,False,False,True,False,False,False,False,False,False,False,False,False,False,False,False,False,False,False,False,False
2008,1.67,7.4,1.26,7.22,11.17,5.07,350,85.61,16.43,9764,68.52,79.94,88.64,825,23.36,77,False,False,False,False,False,True,False,False,False,False,True,False,False,False,True,False,False,False,True,False,False
2020,2.58,7.07,2.18,6.94,18.26,4.59,198,55.46,59.83,1438,54.46,21.78,38.24,938,17.11,147,False,False,True,False,False,False,False,False,False,False,False,False,True,False,True,False,False,False,True,False,False
2000,1.66,6.42,1.01,6.92,13.4,3.61,60,67.48,65.29,1637,49.25,43.95,65.83,584,25.59,269,False,False,False,False,False,False,False,True,False,False,True,False,False,False,False,False,True,False,False,False,True
2002,1.93,6.6,3.16,6.43,15.6,5.8,403,63.86,66.6,1696,65.05,39.43,71.55,651,22.2,384,False,False,False,False,False,False,False,True,False,False,False,True,False,False,False,False,True,False,False,False,True
2019,1.53,6.94,3.11,8.04,9.22,4.95,226,56.63,65.57,1134,38.05,27.95,43.99,535,23.09,125,False,False,True,False,False,False,False,False,False,False,False,False,False,False,False,False,False,False,True,False,False
2023,2.42,6.64,3.78,7.66,17.23,6.7,341,97.39,9.33,59582,94.2,83.54,98.9,993,11.41,47,False,False,False,False,False,False,False,False,True,False,True,False,False,True,False,False,False,False,False,False,False
2015,1.52,6.78,1.99,7.74,11.52,2.82,171,93.4,17.87,10168,62.04,84.62,91.78,775,16.03,68,False,False,False,False,False,True,False,False,False,False,False,False,True,False,False,False,False,False,False,False,False
2017,2.77,7.26,5.16,5.91,23.72,6.19,836,63.47,74.03,2860,51.34,56.32,52.54,1127,23.11,306,False,False,False,False,False,False,True,False,False,False,False,False,False,True,False,False,False,False,False,True,False
2009,3.27,6.18,5.42,6.91,29.78,7.97,775,77.43,32.04,2583,53.6,48.16,69.06,2402,27.06,1207,False,False,False,False,False,False,False,False,False,False,True,False,False,True,False,False,False,False,False,True,False
2010,2.42,6.75,2.52,6.01,28.47,6.79,532,74.36,42.23,3138,60.68,36.71,66.2,2062,23.33,1159,False,False,False,False,False,False,False,False,False,False,False,False,False,False,True,False,False,False,True,False,False
2011,1.79,6.53,2.34,8.64,17.52,3.14,273,99.7,12.19,12571,77.99,67.66,79.3,935,12.67,255,False,True,False,False,False,False,False,False,False,False,False,False,True,False,False,True,False,False,False,False,True
2018,1.27,6.86,2.21,7.67,18.77,4.64,40,75.66,41.31,2462,56.27,33.92,65.02,1245,27.04,327,False,False,False,True,False,False,False,False,False,False,False,True,False,False,False,False,False,True,False,False,False
2006,0.54,6.94,0.15,8.66,5.78,0.22,3,96.97,9.75,51535,84.09,88.44,99.5,857,12.42,34,False,False,False,False,False,False,False,False,True,True,False,False,False,False,False,False,True,False,False,False,False
2020,1.39,6.66,0.87,9.26,10.47,3.7,61,90.32,8.01,51643,87.5,87.71,92.87,938,14.7,47,False,False,False,False,False,False,False,False,True,False,False,True,False,False,False,False,False,True,False,False,False
2013,0.82,6.85,0.15,7.75,3.97,0.37,3,93.33,13.8,10134,74.54,77.83,90.43,576,21.72,50,False,False,False,False,False,True,False,False,False,False,True,False,False,False,False,False,False,True,True,False,False
2001,1.86,6.41,0.32,8.01,15.4,6.02,120,78.65,39.55,2198,58.71,31.64,67.48,1266,22.72,477,False,False,False,True,False,False,False,False,False,True,False,False,False,False,False,False,False,True,True,False,False
2014,3.4,6.51,3.53,6.94,26.12,5.92,799,83.17,29.58,4835,69.67,60.45,68.75,2621,25.98,132,False,False,False,False,True,False,False,False,False,False,False,False,False,False,False,False,False,False,False,False,False
2016,0.78,6.84,0.44,8.17,15.38,2.61,5,91.16,19.52,8532,76.03,80.08,82.99,1919,20.46,23,True,False,False,False,False,False,False,False,False,False,False,False,False,False,False,False,True,False,False,True,False
2018,2.15,7.03,2.24,6.64,13.46,5.91,262,97.24,14.41,12106,70.3,77.11,85.86,907,24.45,59,False,False,False,False,False,True,False,False,False,False,False,True,False,False,False,False,False,True,False,False,True
2021,1.48,6.95,1.7,8.72,13.41,2.46,178,99.7,14.01,55535,84.8,74.61,89.04,864,11.85,33,False,False,False,False,False,False,False,False,True,False,False,False,True,False,True,False,False,False,False,True,False
2024,0.45,7.15,0.48,8.91,11.89,0.05,3,95.37,7.8,14107,84.02,63.24,87.94,1295,12.79,123,False,True,False,False,False,False,False,False,False,True,False,False,False,False,False,True,False,False,True,False,False
2018,2.93,7.29,1.25,7.31,19.7,4.36,78,78.77,26.72,5178,67.03,58.88,77.97,2335,23.02,200,False,False,False,False,True,False,False,False,False,False,False,False,False,False,False,False,True,False,False,False,False
2002,2.58,7.24,4.45,6.54,27.6,6.32,313,68.57,43.19,2272,50.09,37.85,68.19,2329,28.24,1188,False,False,False,False,False,False,False,False,False,False,False,False,True,False,False,False,True,False,False,False,True
2013,3.08,6.45,4.2,6.08,18.53,8.42,523,67.12,71.15,1606,58.52,35.69,55.8,535,28.42,357,False,False,False,False,False,False,False,True,False,False,False,False,True,False,True,False,False,False,False,True,False
2010,3.72,7.94,7.86,5.23,32.83,8.19,2464,77.31,38.3,2667,60.91,39.46,66.61,2086,25.57,1009,False,False,False,False,False,False,False,False,False,True,False,False,False,False,True,False,False,False,False,False,True
2016,0.8,7.13,1.68,7.46,16.85,4.47,123,92.64,16.28,11339,74.56,67.59,97.41,1027,14.0,183,False,True,False,False,False,False,False,False,False,False,False,False,True,False,True,False,False,False,True,False,False
2011,1.07,7.53,0.97,8.47,12.71,3.49,8,87.3,17.58,8753,71.71,84.94,78.92,1908,20.52,25,True,False,False,False,False,False,False,False,False,False,True,False,False,False,False,False,True,False,False,True,False
2024,2.35,7.26,3.21,7.53,18.84,7.48,532,58.52,78.73,2237,47.54,59.22,56.51,912,26.42,223,False,False,False,False,False,False,True,False,False,False,False,False,True,False,True,False,False,False,True,False,False
2001,0.61,6.6,0.95,10.19,11.49,1.58,3,96.24,6.91,13805,91.05,69.12,90.55,989,13.85,178,False,True,False,False,False,False,False,False,False,False,False,False,True,False,False,False,True,False,False,True,False
2003,1.41,7.24,1.33,7.09,12.73,4.34,190,91.64,17.44,9830,66.16,83.16,82.92,672,19.57,56,False,False,False,False,False,True,False,False,False,False,True,False,False,False,False,True,False,False,False,False,True
2003,0.2,7.11,0.44,9.42,6.75,0.05,3,91.87,5.08,54029,86.05,81.23,99.5,926,11.93,25,False,False,False,False,False,False,False,False,True,False,False,False,True,False,False,True,False,False,False,True,False
2006,2.74,7.36,3.56,6.26,18.36,6.73,237,79.28,44.05,2361,58.16,32.8,69.74,1103,27.24,309,False,False,False,True,False,False,False,False,False,False,False,True,False,True,False,False,False,False,True,False,False
2021,1.51,6.98,3.07,6.35,14.82,2.6,201,94.99,16.84,9882,76.59,79.39,90.42,631,18.35,62,False,False,False,False,False,True,False,False,False,False,True,False,False,True,False,False,False,False,False,False,False
2012,1.3,7.33,1.47,7.53,16.21,3.9,59,54.46,63.06,1120,45.44,20.27,41.89,784,19.54,176,False,False,True,False,False,False,False,False,False,False,False,False,False,False,False,False,False,False,True,False,False
2018,1.5,7.45,1.45,8.61,12.91,1.15,101,99.7,12.76,57087,86.38,94.36,93.94,563,7.04,45,False,False,False,False,False,False,False,False,True,True,False,False,False,False,False,False,False,False,False,False,False
2007,2.69,7.29,0.31,6.71,17.87,4.16,67,60.88,77.6,1871,32.82,57.4,45.11,1069,28.16,231,False,False,False,False,False,False,True,False,False,False,False,False,True,False,False,True,False,False,True,False,False
2024,2.38,6.71,1.14,7.6,12.52,4.02,99,99.7,21.46,10441,65.47,88.5,72.31,1442,24.75,21,True,False,False,False,False,False,False,False,False,False,False,False,True,False,False,False,True,False,False,False,True
2005,0.34,6.97,0.32,8.51,8.58,0.05,3,93.94,9.37,55713,86.32,85.58,95.41,935,15.27,40,False,False,False,False,False,False,False,False,True,True,False,False,False,False,False,False,True,False,False,False,False
2007,0.66,6.97,0.15,9.18,9.54,2.57,8,97.13,7.28,55049,74.87,83.04,96.45,749,10.18,43,False,False,False,False,False,False,False,False,True,False,True,False,False,False,False,True,False,False,False,False,False
2023,1.42,6.8,1.91,7.58,18.92,4.32,244,82.19,28.53,4971,61.15,59.04,73.78,2398,24.39,107,False,False,False,False,True,False,False,False,False,False,False,False,True,False,False,False,False,True,False,True,False
2001,0.33,6.98,0.15,8.39,10.98,1.37,3,85.0,16.74,11465,77.58,65.25,78.68,1062,14.59,163,False,True,False,False,False,False,False,False,False,True,False,False,False,False,False,False,True,False,False,True,False
2010,1.95,7.2,3.18,6.68,20.37,2.45,342,71.46,39.32,2523,61.33,40.88,78.44,1441,25.5,572,False,False,False,True,False,False,False,False,False,False,False,True,False,False,True,False,False,False,False,True,False
2006,1.47,7.09,1.52,7.22,12.82,6.94,343,72.34,66.62,1705,66.81,36.95,71.31,520,22.94,214,False,False,False,False,False,False,False,True,False,True,False,False,False,False,False,False,False,False,False,False,False
2001,2.28,7.62,4.29,6.9,19.42,4.57,289,75.26,26.77,5183,68.32,58.1,75.85,1985,24.09,146,False,False,False,False,True,False,False,False,False,False,False,False,True,False,True,False,False,False,False,False,False
2010,2.01,6.71,1.6,7.44,14.2,4.79,296,50.72,57.11,1292,47.92,24.07,38.59,1124,20.05,143,False,False,True,False,False,False,False,False,False,True,False,False,False,False,False,False,True,False,False,False,True
2016,2.43,6.95,1.67,7.58,16.21,6.34,398,89.14,17.17,8395,69.33,85.64,82.52,1539,25.71,25,True,False,False,False,False,False,False,False,False,False,False,True,False,False,True,False,False,False,False,True,False
2004,1.63,7.06,2.9,7.02,12.29,6.8,236,54.8,60.01,1213,41.99,27.15,49.35,982,18.13,118,False,False,True,False,False,False,False,False,False,False,False,True,False,False,False,False,False,False,False,False,False
2006,0.73,6.97,0.15,8.49,17.18,1.39,3,77.71,40.44,2977,57.0,43.59,68.4,2031,23.59,1015,False,False,False,False,False,False,False,False,False,False,False,False,False,False,False,False,True,False,True,False,False
2014,0.6,7.41,0.15,8.27,4.01,0.05,3,87.49,15.95,9780,74.03,79.49,87.11,621,19.41,59,False,False,False,False,False,True,False,False,False,False,False,True,False,False,False,True,False,False,False,False,False
2024,0.85,7.75,2.66,7.26,11.0,3.14,95,75.75,68.06,1816,50.6,32.85,68.66,613,24.06,205,False,False,False,False,False,False,False,True,False,False,True,False,False,False,False,False,False,True,False,True,False
2013,1.59,7.24,2.45,6.57,14.06,2.82,272,76.53,75.17,1826,60.12,44.34,59.59,463,25.76,282,False,False,False,False,False,False,False,True,False,False,False,False,False,False,False,False,False,True,False,False,False
2002,0.88,6.7,0.15,8.57,8.36,3.9,3,97.91,11.4,11392,76.85,80.31,96.63,876,23.35,53,False,False,False,False,False,True,False,False,False,True,False,False,False,False,False,False,False,True,True,False,False
2020,0.57,7.33,0.15,7.94,12.57,4.57,17,51.05,64.67,1190,48.37,23.47,45.19,739,16.72,197,False,False,True,False,False,False,False,False,False,False,False,False,False,False,False,False,False,True,True,False,False
2011,1.58,6.54,1.52,6.32,13.46,3.95,147,69.15,64.56,1802,52.36,36.54,71.12,514,27.45,225,False,False,False,False,False,False,False,True,False,False,False,False,True,False,False,True,False,False,False,True,False
2001,3.6,7.26,6.73,7.74,22.48,7.57,738,72.37,33.48,4755,63.22,55.96,80.8,2348,20.47,155,False,False,False,False,True,False,False,False,False,False,False,False,False,False,True,False,False,False,False,False,True
2009,2.34,6.76,1.06,7.33,24.1,3.65,160,83.8,30.42,4595,66.91,57.81,78.17,2291,24.68,193,False,False,False,False,True,False,False,False,False,False,False,True,False,False,False,False,True,False,False,False,True
2017,1.21,7.4,0.15,9.15,15.32,1.34,10,84.59,21.05,7840,73.89,86.79,78.54,2106,21.12,34,True,False,False,False,False,False,False,False,False,False,False,True,False,False,False,True,False,False,False,False,False
2010,2.92,6.85,4.4,7.59,22.24,9.96,504,51.57,62.79,1267,44.56,27.31,39.11,1342,16.36,128,False,False,True,False,False,False,False,False,False,False,True,False,False,True,False,False,False,False,False,True,False
2016,3.44,6.3,8.47,6.66,19.57,7.13,1330,71.11,70.22,1805,49.37,37.09,71.42,478,22.15,226,False,False,False,False,False,False,False,True,False,False,False,False,False,False,True,False,False,False,False,False,True
2024,2.01,6.64,2.44,8.01,16.19,6.6,481,71.01,67.73,1689,50.22,38.4,67.76,473,20.05,272,False,False,False,False,False,False,False,True,False,False,False,False,False,True,False,False,False,False,True,False,False
2024,3.96,7.13,9.22,3.97,26.85,10.24,2212,65.96,75.32,1540,51.85,38.1,69.99,433,26.57,346,False,False,False,False,False,False,False,True,False,False,False,False,True,True,False,False,False,False,False,False,True
2000,2.14,7.08,4.09,6.01,23.57,1.15,398,80.46,40.3,2547,61.46,42.54,67.12,2227,30.97,1074,False,False,False,False,False,False,False,False,False,True,False,False,False,False,False,False,False,False,False,False,False
2012,2.98,7.16,3.94,6.07,20.84,4.52,277,78.3,38.33,2745,66.51,38.37,70.78,1095,23.98,641,False,False,False,True,False,False,False,False,False,True,False,False,False,False,False,False,False,False,False,False,False
2011,1.93,7.63,3.0,7.17,24.72,7.28,325,76.25,35.66,2832,48.93,42.26,70.05,2416,20.44,1108,False,False,False,False,False,False,False,False,False,True,False,False,False,False,False,False,False,True,False,True,False
2009,2.62,7.4,3.93,7.42,22.3,4.79,444,66.48,39.79,2530,60.23,32.38,77.65,2047,24.24,1669,False,False,False,False,False,False,False,False,False,False,True,False,False,False,True,False,False,False,True,False,False
2007,3.5,7.12,3.14,7.89,17.72,7.29,417,98.86,5.46,54788,88.44,84.91,85.19,995,7.54,56,False,False,False,False,False,False,False,False,True,False,False,True,False,False,True,False,False,False,False,False,True
2012,1.89,6.97,1.95,7.03,18.4,5.49,187,81.17,22.02,4614,62.81,62.36,77.93,2327,26.85,160,False,False,False,False,True,False,False,False,False,False,False,True,False,False,False,True,False,False,False,False,False
2022,3.59,6.83,4.5,6.55,20.64,7.32,564,84.98,18.5,9758,74.47,90.9,88.44,1700,29.23,30,True,False,False,False,False,False,False,False,False,False,True,False,False,False,False,False,False,True,False,False,True
2004,2.33,6.74,2.11,7.04,15.86,5.69,281,66.72,70.81,1619,55.1,40.93,65.35,410,21.55,251,False,False,False,False,False,False,False,True,False,False,True,False,False,False,False,True,False,False,False,False,True
2001,1.71,6.95,0.45,8.54,17.26,4.21,123,66.03,37.27,2478,59.53,34.07,69.21,1009,20.63,520,False,False,False,True,False,False,False,False,False,False,True,False,False,False,False,False,True,False,False,False,True
2022,2.33,7.8,3.57,8.44,13.51,2.54,386,99.7,5.93,56088,87.89,80.22,90.79,721,14.48,35,False,False,False,False,False,False,False,False,True,False,False,False,True,False,False,False,False,True,False,False,True
2020,2.5,7.63,2.73,6.27,21.5,6.77,305,58.45,75.11,2015,52.41,55.95,42.85,1534,24.17,207,False,False,False,False,False,False,True,False,False,False,False,False,True,False,True,False,False,False,False,False,False
2003,2.21,7.19,3.21,5.79,9.84,5.92,332,95.67,20.09,10407,73.64,85.46,91.62,787,22.54,45,False,False,False,False,False,True,False,False,False,False,False,False,True,True,False,False,False,False,False,True,False
2001,2.49,7.51,2.6,7.27,21.95,4.35,307,70.42,36.91,2447,56.48,43.03,65.18,2552,24.46,1700,False,False,False,False,False,False,False,False,False,False,False,False,False,False,False,False,True,False,False,False,True
2009,3.95,7.65,6.78,6.55,29.04,8.97,1412,85.5,32.83,4220,66.48,54.4,64.34,2693,22.64,213,False,False,False,False,True,False,False,False,False,False,True,False,False,False,True,False,False,False,False,False,True
2007,1.57,7.68,1.99,7.62,11.86,6.2,137,76.02,37.51,3040,56.62,40.88,76.38,1118,24.3,477,False,False,False,True,False,False,False,False,False,False,False,True,False,False,False,False,False,True,False,True,False
2013,3.1,6.77,3.82,6.33,21.52,7.51,645,82.28,35.8,2728,61.1,39.81,77.77,1121,25.03,581,False,False,False,True,False,False,False,False,False,False,False,True,False,True,False,False,False,False,False,False,False
2022,3.3,6.71,4.72,5.07,20.39,9.15,665,54.76,77.32,2395,56.97,53.31,49.85,1089,25.66,184,False,False,False,False,False,False,True,False,False,False,True,False,False,True,False,False,False,False,False,False,False
2013,2.88,6.4,3.56,6.07,23.9,7.31,504,76.8,38.92,2667,53.71,43.4,71.18,877,26.84,469,False,False,False,True,False,False,False,False,False,True,False,False,False,True,False,False,False,False,False,True,False
2021,1.57,7.26,1.16,7.79,18.97,2.89,82,79.0,25.23,5062,54.94,60.61,75.49,2443,23.21,163,False,False,False,False,True,False,False,False,False,False,False,True,False,False,False,True,False,False,False,True,False
2004,4.49,6.23,8.82,4.82,31.16,10.43,1895,69.34,33.69,3816,58.74,52.96,61.72,2768,29.35,135,False,False,False,False,True,False,False,False,False,True,False,False,False,False,True,False,False,False,False,False,True
2015,1.64,6.52,2.66,7.89,22.26,5.4,175,74.45,40.32,2636,59.15,34.45,65.4,1495,27.66,568,False,False,False,True,False,False,False,False,False,False,True,False,False,False,False,False,False,True,False,True,False
2001,1.63,6.82,2.69,8.02,21.6,3.64,326,66.7,37.7,2465,50.55,39.54,69.94,1666,24.24,1234,False,False,False,False,False,False,False,False,False,True,False,False,False,False,False,False,False,False,True,False,False
2013,1.09,7.66,0.19,7.91,15.18,3.82,9,54.81,63.82,1096,38.06,15.0,44.05,718,18.77,153,False,False,True,False,False,False,False,False,False,False,False,False,True,False,False,False,True,False,False,True,False
2007,0.93,6.85,0.15,8.5,13.12,2.14,6,68.5,67.97,1695,49.88,42.45,64.06,340,25.77,343,False,False,False,False,False,False,False,True,False,False,True,False,False,False,False,False,True,False,False,True,False
2004,0.68,7.03,0.44,8.03,8.7,0.63,3,95.1,14.65,10197,74.63,83.77,88.14,977,23.97,91,False,False,False,False,False,True,False,False,False,True,False,False,False,False,False,False,True,False,False,True,False
2005,2.29,6.86,1.19,7.97,15.23,3.22,342,96.88,11.5,13981,80.14,65.77,91.67,902,13.64,151,False,True,False,False,False,False,False,False,False,False,True,False,False,False,True,False,False,False,False,False,False
2001,1.48,6.34,2.34,8.18,12.84,5.59,277,46.78,61.54,1197,43.71,20.36,41.93,710,19.24,112,False,False,True,False,False,False,False,False,False,False,False,True,False,False,True,False,False,False,False,True,False
2000,3.17,6.28,4.64,6.14,22.44,6.21,789,56.83,74.74,2206,42.82,56.16,51.14,1206,26.35,271,False,False,False,False,False,False,True,False,False,True,False,False,False,False,True,False,False,False,False,True,False
2020,0.3,7.36,0.95,8.22,9.82,0.69,3,70.85,65.89,1976,49.46,43.24,71.61,471,22.79,257,False,False,False,False,False,False,False,True,False,False,False,False,True,False,False,False,True,False,False,False,False
2004,2.08,7.15,0.59,8.7,19.41,5.69,40,68.12,38.63,2797,64.52,48.4,60.19,1926,25.0,1700,False,False,False,False,False,False,False,False,False,True,False,False,False,False,False,False,True,False,False,False,False
2017,2.21,6.93,2.25,5.86,22.01,3.99,657,74.62,33.78,5312,60.01,61.27,75.56,2299,27.1,174,False,False,False,False,True,False,False,False,False,False,False,False,False,False,False,False,False,False,False,True,False
2012,1.99,7.26,3.51,7.11,18.48,3.05,529,87.32,23.44,9945,69.71,80.29,88.5,1000,19.07,65,False,False,False,False,False,True,False,False,False,False,True,False,False,True,False,False,False,False,False,False,False
2013,2.64,7.5,3.99,5.59,20.57,7.97,1446,90.66,23.41,8494,70.5,85.96,80.51,1974,20.33,36,True,False,False,False,False,False,False,False,False,False,False,False,False,True,False,False,False,False,False,False,True
2017,4.25,6.45,9.63,5.8,29.62,10.2,1138,71.29,38.1,2811,56.09,33.39,66.86,1865,25.8,1216,False,False,False,False,False,False,False,False,False,False,False,False,True,True,False,False,False,False,False,False,True
2001,1.23,7.21,0.55,7.05,16.13,2.92,127,76.34,35.48,2700,46.96,46.96,78.71,1126,28.03,549,False,False,False,True,False,False,False,False,False,False,False,False,False,False,False,True,False,False,False,True,False
2002,2.44,7.13,2.02,7.41,16.24,8.81,202,56.15,62.29,1139,33.01,18.33,29.42,681,16.28,114,False,False,True,False,False,False,False,False,False,False,False,False,True,True,False,False,False,False,True,False,False
2005,2.01,6.98,3.28,6.43,13.33,5.98,453,69.46,41.36,2787,59.24,32.67,80.21,843,24.61,561,False,False,False,True,False,False,False,False,False,False,False,True,False,False,False,False,False,True,False,False,False
2005,1.16,6.93,0.87,7.72,12.51,3.61,67,89.68,12.37,10991,77.22,51.39,87.83,859,14.56,171,False,True,False,False,False,False,False,False,False,False,False,False,False,False,False,False,False,False,True,False,False
2012,1.39,7.25,1.01,8.59,12.3,1.64,63,99.7,7.38,53268,86.36,85.08,92.99,758,15.39,33,False,False,False,False,False,False,False,False,True,False,False,False,False,False,True,False,False,False,False,True,False
2021,0.3,6.98,0.15,9.37,9.51,1.4,35,99.7,7.86,57063,90.47,82.92,99.09,903,14.45,33,False,False,False,False,False,False,False,False,True,False,True,False,False,False,False,False,False,True,True,False,False
2002,2.4,7.42,3.22,6.98,23.09,5.21,367,77.13,28.94,5038,72.99,57.84,81.48,1580,26.99,163,False,False,False,False,True,False,False,False,False,False,False,False,False,True,False,False,False,False,True,False,False
2013,2.0,7.36,2.66,6.83,12.79,8.23,330,78.41,41.3,2561,50.02,43.89,69.15,946,24.83,334,False,False,False,True,False,False,False,False,False,False,False,False,True,False,True,False,False,False,False,True,False
2005,3.32,7.31,5.01,6.41,31.56,7.23,831,73.32,40.86,2729,63.34,38.08,70.88,2773,27.49,1129,False,False,False,False,False,False,False,False,False,True,False,False,False,False,False,False,False,False,False,False,False
2010,1.33,7.43,1.13,8.64,14.61,1.58,8,66.95,60.97,1775,57.85,42.87,70.13,322,23.66,254,False,False,False,False,False,False,False,True,False,False,True,False,False,False,False,False,True,False,False,True,False
2010,1.33,6.38,1.55,8.77,17.08,0.53,76,94.88,13.22,12825,70.64,70.77,85.94,785,17.13,160,False,True,False,False,False,False,False,False,False,False,True,False,False,False,False,False,False,True,False,False,False
2016,1.82,7.33,2.35,7.82,11.53,6.51,185,68.0,68.11,1667,49.57,38.98,70.91,555,23.7,322,False,False,False,False,False,False,False,True,False,True,False,False,False,False,False,True,False,False,True,False,False
2010,1.17,7.09,0.38,7.27,15.59,5.9,9,51.73,60.79,1163,44.38,23.52,40.8,904,20.43,176,False,False,True,False,False,False,False,False,False,False,False,False,True,False,False,False,True,False,False,False,False
2012,0.56,7.52,0.15,8.1,8.92,0.63,3,84.51,19.28,10573,75.45,78.35,90.69,851,18.64,42,False,False,False,False,False,True,False,False,False,False,False,False,True,False,False,True,False,False,True,False,False
2012,1.57,6.69,1.07,7.61,14.67,2.42,147,99.7,7.48,47842,84.84,75.68,95.92,1159,9.82,37,False,False,False,False,False,False,False,False,True,False,False,False,True,True,False,False,False,False,True,False,False
2011,1.58,7.18,1.72,6.9,18.81,2.15,172,88.23,19.18,11295,69.19,66.46,86.0,1334,13.55,114,False,True,False,False,False,False,False,False,False,False,False,False,False,False,False,False,False,False,False,True,False
2001,2.13,7.09,2.09,7.6,12.3,4.99,133,75.59,34.09,2370,54.44,38.48,72.55,1222,22.92,479,False,False,False,True,False,False,False,False,False,False,False,False,True,False,False,False,False,False,True,False,False
2022,1.8,7.55,2.94,6.24,19.1,5.85,99,81.13,30.18,2710,61.36,43.21,75.7,1111,25.05,425,False,False,False,True,False,False,False,False,False,False,False,False,False,False,True,False,False,False,True,False,False
2014,0.75,6.14,1.0,8.96,18.35,1.36,7,73.35,37.28,2842,59.24,43.58,76.23,2422,23.13,643,False,False,False,False,False,False,False,False,False,False,False,False,False,False,False,False,True,False,True,False,False
2024,1.91,7.26,2.68,6.51,25.44,2.97,306,79.18,25.59,4827,65.42,55.07,76.5,2812,27.07,185,False,False,False,False,True,False,False,False,False,True,False,False,False,False,False,False,False,True,False,False,False
2020,2.58,6.35,6.9,6.68,19.84,6.41,905,60.94,62.87,1278,42.47,29.0,42.69,1276,21.2,93,False,False,True,False,False,False,False,False,False,False,False,False,False,True,False,False,False,False,False,False,False
2007,2.21,6.89,1.35,8.22,18.9,5.6,296,79.7,38.74,2627,63.36,43.7,71.1,1039,20.1,769,False,False,False,True,False,False,False,False,False,False,False,False,False,False,False,False,False,False,True,False,False
2007,1.89,6.92,3.78,6.47,31.01,3.72,213,73.05,42.74,2608,52.45,38.72,53.89,3239,25.8,1258,False,False,False,False,False,False,False,False,False,True,False,False,False,False,False,True,False,False,False,False,False
2019,2.64,7.19,2.81,6.92,24.78,2.47,327,84.63,29.37,5473,62.71,56.5,82.92,2132,24.04,122,False,False,False,False,True,False,False,False,False,False,False,False,True,False,True,False,False,False,True,False,False
2010,3.29,7.03,5.85,6.83,28.42,8.52,866,77.85,29.52,5060,65.5,68.82,78.14,3043,23.41,151,False,False,False,False,True,False,False,False,False,False,True,False,False,True,False,False,False,False,True,False,False
2020,3.0,7.19,4.7,6.82,29.08,6.81,505,70.72,42.89,2923,56.76,38.42,66.22,2820,26.46,1324,False,False,False,False,False,False,False,False,False,False,True,False,False,False,False,True,False,False,False,False,True
2015,0.56,7.64,0.31,7.27,10.84,1.82,18,82.98,15.59,7516,63.82,78.45,81.09,1399,22.79,21,True,False,False,False,False,False,False,False,False,True,False,False,False,False,False,True,False,False,True,False,False
2004,0.8,7.75,0.15,9.46,9.82,2.58,33,99.7,12.79,50356,86.61,85.08,99.5,888,10.55,35,False,False,False,False,False,False,False,False,True,False,True,False,False,False,False,False,False,False,False,True,False
2010,1.9,6.88,2.64,6.96,11.65,1.86,351,93.56,17.95,10184,72.3,82.11,89.33,661,18.88,60,False,False,False,False,False,True,False,False,False,False,True,False,False,False,False,False,False,True,False,False,True
2001,0.35,7.19,0.15,9.47,10.72,3.73,7,56.45,55.38,1268,44.56,19.89,39.9,890,19.29,116,False,False,True,False,False,False,False,False,False,False,False,False,False,False,False,False,False,True,True,False,False
2007,1.9,7.27,2.53,7.08,13.12,3.86,338,88.09,3.41,58017,91.18,82.17,96.06,712,12.87,45,False,False,False,False,False,False,False,False,True,False,False,False,False,False,False,False,False,False,False,False,False
2014,0.98,7.8,0.15,7.43,5.61,0.36,42,97.58,16.08,10770,74.14,82.04,87.24,683,18.7,53,False,False,False,False,False,True,False,False,False,False,False,True,False,False,False,False,False,False,True,False,False
2016,1.47,7.5,2.55,7.42,18.34,5.03,199,82.3,36.26,3011,75.95,45.13,79.72,1059,27.59,435,False,False,False,True,False,False,False,False,False,True,False,False,False,False,False,False,False,True,False,False,False
2004,0.38,6.57,0.15,7.98,10.48,3.93,3,85.94,17.0,8172,66.61,85.97,74.85,1573,25.26,21,True,False,False,False,False,False,False,False,False,False,False,True,False,False,False,False,True,False,False,False,False
2017,0.99,7.49,0.15,8.02,15.14,2.07,24,70.43,40.4,2436,52.14,40.29,81.78,1237,26.39,347,False,False,False,True,False,False,False,False,False,False,False,False,False,False,False,False,True,False,False,False,False
2023,3.14,7.24,2.72,5.8,25.83,8.25,482,76.0,30.04,4831,63.34,58.99,83.03,2866,27.51,140,False,False,False,False,True,False,False,False,False,True,False,False,False,False,True,False,False,False,False,False,False
2013,3.62,7.02,4.27,6.63,27.26,6.92,823,73.7,36.85,2647,58.24,42.85,68.41,1033,26.06,704,False,False,False,True,False,False,False,False,False,False,False,False,False,True,False,False,False,False,False,True,False
2021,1.41,7.14,0.83,7.41,10.69,2.61,236,65.89,66.52,1597,54.15,35.07,63.81,514,20.88,305,False,False,False,False,False,False,False,True,False,False,False,False,False,False,False,False,False,True,True,False,False
2003,1.54,7.15,2.11,7.38,10.35,2.12,150,92.8,8.75,50239,97.06,82.87,92.98,844,14.59,43,False,False,False,False,False,False,False,False,True,True,False,False,False,False,True,False,False,False,True,False,False
2004,2.13,7.39,2.28,7.05,15.42,1.72,306,93.94,13.3,12376,72.41,69.06,87.94,923,13.49,125,False,True,False,False,False,False,False,False,False,False,False,True,False,True,False,False,False,False,False,False,False
2006,2.13,6.96,0.15,7.66,14.43,5.93,105,96.07,18.99,10514,71.0,80.23,87.75,928,24.65,71,False,False,False,False,False,True,False,False,False,False,True,False,False,False,False,False,False,True,False,False,False
2000,1.95,7.45,0.32,7.19,15.91,3.85,91,56.91,78.16,2042,43.44,47.9,41.33,1138,22.72,287,False,False,False,False,False,False,True,False,False,False,True,False,False,False,False,False,True,False,False,False,False
2013,2.76,6.67,3.94,6.75,12.6,7.66,466,46.95,61.79,1135,41.09,23.02,48.64,645,20.46,108,False,False,True,False,False,False,False,False,False,False,False,False,False,False,True,False,False,False,False,False,False
2005,0.96,7.71,0.15,8.7,11.61,1.91,22,84.04,16.28,11280,70.33,63.16,81.56,1036,16.85,231,False,True,False,False,False,False,False,False,False,False,False,True,False,False,False,True,False,False,False,False,False
2006,0.71,7.28,0.51,9.08,11.42,1.2,14,98.6,7.99,51573,93.32,76.37,99.5,909,13.43,35,False,False,False,False,False,False,False,False,True,False,False,False,False,False,False,False,True,False,False,False,True
2018,0.64,7.06,0.15,9.4,7.11,2.42,3,89.87,10.56,10027,80.92,79.4,90.69,667,24.96,59,False,False,False,False,False,True,False,False,False,False,False,False,False,False,False,True,False,False,True,False,False
2006,1.98,7.11,3.05,7.78,14.36,5.36,214,86.41,14.51,11072,64.98,75.57,91.7,709,23.5,100,False,False,False,False,False,True,False,False,False,False,False,True,False,True,False,False,False,False,False,False,False
2006,2.48,7.34,3.0,8.15,17.84,2.79,319,91.41,17.92,11801,81.61,86.17,90.33,667,24.66,61,False,False,False,False,False,True,False,False,False,False,True,False,False,False,True,False,False,False,False,False,False
2010,0.32,7.33,0.15,8.71,11.06,0.83,11,94.31,12.04,47886,92.83,79.76,87.59,898,9.41,41,False,False,False,False,False,False,False,False,True,False,False,False,False,False,False,False,False,True,False,False,False
2010,3.07,6.71,5.36,6.35,17.67,6.69,540,90.54,18.46,10144,78.69,79.12,88.83,956,21.19,63,False,False,False,False,False,True,False,False,False,False,False,False,False,False,False,False,False,False,False,False,True
2017,3.45,6.99,6.2,6.7,22.83,8.52,1049,59.91,81.46,2232,39.53,53.83,49.39,1127,23.6,260,False,False,False,False,False,False,True,False,False,False,False,False,False,False,True,False,False,False,False,False,True
2005,2.1,6.45,5.61,6.14,20.82,5.89,405,72.11,40.74,2230,46.03,37.54,77.95,1100,28.87,475,False,False,False,True,False,False,False,False,False,False,False,True,False,False,True,False,False,False,True,False,False
2023,1.34,6.9,2.21,7.7,14.64,3.4,127,73.83,70.43,1725,55.1,44.97,67.74,470,24.99,201,False,False,False,False,False,False,False,True,False,True,False,False,False,False,False,False,False,False,False,False,False
2003,0.71,6.77,2.03,8.01,9.58,2.9,70,88.08,15.82,45871,78.16,78.89,92.3,958,9.83,29,False,False,False,False,False,False,False,False,True,False,False,False,False,False,False,False,True,False,False,False,True
2007,2.44,7.19,4.26,6.06,21.57,3.65,434,91.55,20.66,11975,85.14,59.66,81.01,1355,14.17,133,False,True,False,False,False,False,False,False,False,False,False,True,False,False,False,False,False,False,False,False,False
2003,0.78,7.13,1.25,8.01,10.36,2.99,81,97.78,20.88,10447,69.35,73.33,86.43,641,21.06,60,False,False,False,False,False,True,False,False,False,False,False,False,True,False,False,False,False,False,True,False,False
2018,0.39,7.52,0.15,6.95,9.15,0.91,7,71.9,30.79,2840,60.68,43.01,83.97,858,26.07,353,False,False,False,True,False,False,False,False,False,True,False,False,False,False,False,False,True,False,True,False,False
2012,3.38,7.21,6.25,7.32,29.53,7.0,885,80.54,33.05,2488,48.42,36.04,71.94,3600,23.97,1330,False,False,False,False,False,False,False,False,False,True,False,False,False,False,False,False,False,True,False,False,True
2010,1.12,7.12,1.25,8.11,15.21,0.92,145,82.82,12.66,11331,73.59,63.96,88.69,806,14.34,193,False,True,False,False,False,False,False,False,False,False,False,False,False,False,False,False,False,True,False,False,False
2023,2.62,6.89,6.04,7.04,21.58,6.07,975,85.21,30.91,5383,56.4,54.07,73.25,2506,27.59,135,False,False,False,False,True,False,False,False,False,False,False,True,False,False,False,False,False,True,False,False,True
2009,3.39,7.5,5.25,5.86,19.06,9.11,743,69.66,73.38,1400,49.09,32.91,69.7,652,23.45,235,False,False,False,False,False,False,False,True,False,False,True,False,False,False,False,False,False,False,False,False,True
2024,1.07,6.83,0.15,7.59,13.28,3.16,34,73.07,72.65,1668,46.56,42.96,63.8,316,23.0,296,False,False,False,False,False,False,False,True,False,False,False,False,False,False,False,True,False,False,False,True,False
2021,2.13,6.87,0.15,7.94,17.6,4.02,213,95.12,21.79,9117,67.88,91.77,83.88,2656,27.85,37,True,False,False,False,False,False,False,False,False,True,False,False,False,False,False,False,False,True,False,False,False
2014,1.94,7.3,2.77,7.36,17.66,5.8,331,93.64,20.96,10047,79.11,91.32,85.23,1588,19.45,25,True,False,False,False,False,False,False,False,False,False,False,False,False,True,False,False,False,False,True,False,False
2011,3.25,6.78,3.92,6.96,25.1,7.31,252,88.73,25.56,8370,62.47,93.39,86.02,2355,28.09,21,True,False,False,False,False,False,False,False,False,False,False,False,True,False,False,True,False,False,False,False,True
2014,3.36,7.4,5.74,6.26,17.21,9.74,1061,51.25,64.24,1213,48.02,20.25,44.13,753,18.09,82,False,False,True,False,False,False,False,False,False,True,False,False,False,False,True,False,False,False,False,False,True
2004,1.22,6.54,0.82,7.09,14.2,4.54,68,79.83,15.16,9217,69.5,88.57,77.71,1870,27.21,19,True,False,False,False,False,False,False,False,False,False,False,False,False,False,False,True,False,False,False,True,False
2019,2.73,7.28,2.76,7.7,14.79,6.41,325,94.27,10.93,55884,85.62,78.38,93.69,883,11.92,37,False,False,False,False,False,False,False,False,True,False,False,True,False,False,False,False,False,False,False,False,True
2023,3.59,6.75,7.62,5.83,24.55,7.98,2145,83.47,38.12,2744,62.85,37.87,71.87,1094,25.01,427,False,False,False,True,False,False,False,False,False,False,False,True,False,True,False,False,False,False,False,False,True
2014,2.16,7.31,4.43,7.23,19.15,3.27,296,78.23,40.2,2721,68.01,44.86,75.7,1067,25.65,562,False,False,False,True,False,False,False,False,False,True,False,False,False,False,False,False,False,False,False,False,False
2014,2.9,7.08,5.33,6.98,12.61,5.78,791,98.98,10.8,48811,86.01,87.69,95.51,1053,10.27,34,False,False,False,False,False,False,False,False,True,True,False,False,False,True,False,False,False,False,False,False,True
2016,2.79,6.85,4.99,5.99,21.82,4.67,549,99.7,23.49,9695,70.91,90.15,80.59,1762,26.94,27,True,False,False,False,False,False,False,False,False,False,True,False,False,True,False,False,False,False,False,False,False
2006,2.86,6.82,4.52,6.1,16.59,10.28,523,76.64,34.96,2574,56.46,37.19,77.12,1165,27.89,456,False,False,False,True,False,False,False,False,False,False,False,False,True,False,True,False,False,False,False,False,False
2008,1.37,6.87,0.62,8.53,9.48,2.81,9,92.75,10.72,12496,79.66,69.56,89.72,810,13.89,109,False,True,False,False,False,False,False,False,False,False,False,True,False,False,False,False,False,True,False,False,False
2001,4.06,6.5,8.49,5.51,24.29,8.51,1668,55.97,63.2,1110,42.36,16.42,48.55,889,15.09,89,False,False,True,False,False,False,False,False,False,False,False,False,False,True,False,False,False,False,False,False,True
2008,2.32,7.17,6.01,6.42,18.16,5.47,900,94.21,24.06,9656,67.93,79.4,90.69,1252,20.18,69,False,False,False,False,False,True,False,False,False,False,True,False,False,False,False,False,False,False,False,False,True
2004,0.74,7.15,0.21,8.55,15.66,1.85,8,76.7,23.45,4550,61.36,60.58,67.17,2129,22.09,117,False,False,False,False,True,False,False,False,False,False,True,False,False,False,False,False,True,False,False,False,False
2012,1.11,7.28,0.77,9.3,6.75,1.15,65,98.9,9.1,60753,91.72,81.8,99.5,785,9.61,31,False,False,False,False,False,False,False,False,True,False,True,False,False,False,False,False,False,False,False,True,False
2011,1.96,7.28,1.92,6.87,17.54,5.34,249,81.98,22.12,8544,65.94,88.94,85.75,2042,25.55,23,True,False,False,False,False,False,False,False,False,False,False,False,False,False,False,False,False,True,False,False,False
2022,1.28,7.06,1.99,8.59,15.16,0.7,137,89.96,16.74,11840,63.07,63.88,85.52,1285,15.86,199,False,True,False,False,False,False,False,False,False,False,False,False,True,False,False,False,False,True,False,True,False
2003,1.29,6.37,1.56,8.58,11.99,7.08,133,57.24,60.58,1119,38.85,24.86,31.98,789,18.43,91,False,False,True,False,False,False,False,False,False,False,False,False,False,False,False,False,False,True,False,False,False
2023,2.52,7.02,1.47,7.59,14.18,7.95,208,52.28,68.69,1216,47.76,22.19,40.67,736,22.4,116,False,False,True,False,False,False,False,False,False,False,False,True,False,False,False,False,False,True,False,True,False
2015,2.37,6.45,4.12,7.41,15.95,6.11,873,65.17,74.79,1698,46.16,34.44,64.77,593,19.46,197,False,False,False,False,False,False,False,True,False,False,False,False,True,True,False,False,False,False,True,False,False
2003,0.96,6.8,0.75,8.71,14.65,0.28,25,91.7,9.85,52030,87.09,82.58,94.77,1086,11.68,38,False,False,False,False,False,False,False,False,True,False,False,False,False,False,False,False,False,False,True,False,False
2017,2.73,7.78,3.36,7.63,9.78,4.06,230,94.0,14.93,11324,83.92,71.97,92.79,654,15.79,71,False,False,False,False,False,True,False,False,False,False,False,False,True,True,False,False,False,False,False,False,False
2006,2.5,7.0,2.78,6.95,23.86,5.66,534,77.78,27.26,4725,67.25,59.78,72.33,2314,23.57,141,False,False,False,False,True,False,False,False,False,True,False,False,False,False,False,True,False,False,False,False,True
2009,2.58,7.07,2.45,6.33,19.97,7.17,419,63.45,75.51,2200,42.55,55.25,48.0,1294,27.29,248,False,False,False,False,False,False,True,False,False,False,False,False,False,False,False,False,False,False,True,False,False
2005,0.61,7.17,1.03,9.11,13.51,3.55,3,58.14,61.26,1264,44.56,26.77,36.78,922,14.19,140,False,False,True,False,False,False,False,False,False,False,True,False,False,False,False,False,True,False,True,False,False
2017,1.47,7.52,1.17,8.74,10.98,3.35,8,85.1,14.37,11490,73.91,62.94,88.66,958,12.28,247,False,True,False,False,False,False,False,False,False,False,True,False,False,False,False,False,False,True,True,False,False
2019,2.54,7.2,1.49,6.85,18.43,4.31,146,83.43,27.81,5111,64.71,63.62,69.55,1957,27.88,119,False,False,False,False,True,False,False,False,False,False,False,True,False,False,False,True,False,False,False,False,False
2003,1.73,7.4,4.4,6.67,18.78,4.65,378,90.63,22.74,10204,78.8,81.69,86.16,714,20.82,74,False,False,False,False,False,True,False,False,False,False,False,False,False,True,False,False,False,False,False,False,False
2008,3.21,6.97,4.64,5.63,22.76,6.67,880,83.83,21.37,8393,76.44,87.84,84.79,2064,24.49,28,True,False,False,False,False,False,False,False,False,False,False,False,True,False,False,False,False,False,False,False,True
2017,3.09,6.04,4.35,6.91,22.98,3.33,715,66.69,71.4,1486,56.18,34.93,75.62,422,22.27,319,False,False,False,False,False,False,False,True,False,False,False,False,True,True,False,False,False,False,True,False,False
2011,1.74,6.98,0.65,7.6,15.3,3.41,148,84.49,18.09,10782,76.83,87.38,88.54,865,21.49,75,False,False,False,False,False,True,False,False,False,False,True,False,False,False,False,False,False,False,True,False,False
2019,1.92,7.43,0.15,7.64,20.97,2.25,37,82.23,36.56,2935,62.76,42.88,71.88,2306,21.5,960,False,False,False,False,False,False,False,False,False,False,False,True,False,False,False,True,False,False,True,False,False
2008,1.46,6.96,2.44,7.15,14.38,1.46,205,81.5,35.06,2587,63.64,35.2,71.67,838,22.19,343,False,False,False,True,False,False,False,False,False,False,False,False,True,False,False,False,False,False,True,False,False
2005,1.68,6.42,1.64,7.64,17.5,4.52,217,93.56,14.03,8987,69.91,90.58,78.21,2152,23.28,19,True,False,False,False,False,False,False,False,False,False,True,False,False,False,False,False,False,False,False,True,False
2014,1.58,6.79,3.49,7.71,12.73,4.08,225,93.79,15.9,10007,72.47,83.84,85.35,692,20.45,67,False,False,False,False,False,True,False,False,False,False,False,False,True,False,True,False,False,False,True,False,False
2019,4.77,7.37,10.34,4.09,31.24,11.24,2654,71.75,41.95,2656,52.27,41.48,68.22,2632,22.46,1130,False,False,False,False,False,False,False,False,False,False,False,False,True,True,False,False,False,False,False,False,True
2015,0.34,6.68,0.17,8.85,13.07,0.5,3,91.39,5.63,11606,74.6,61.41,92.89,1055,14.37,125,False,True,False,False,False,False,False,False,False,False,False,False,True,False,False,False,True,False,True,False,False
2012,1.92,7.25,3.04,7.37,15.08,6.4,326,65.59,81.06,2379,43.21,55.49,46.46,1215,28.0,219,False,False,False,False,False,False,True,False,False,False,False,True,False,False,False,False,False,False,True,False,False
2019,0.31,7.1,0.88,8.46,9.75,0.05,3,56.07,58.64,1193,36.93,35.09,43.02,870,18.45,122,False,False,True,False,False,False,False,False,False,False,True,False,False,False,False,True,False,False,True,False,False
2004,3.51,7.22,6.39,5.8,19.24,9.05,1034,90.87,21.01,9560,61.01,78.45,80.6,625,20.69,60,False,False,False,False,False,True,False,False,False,False,False,False,True,True,False,False,False,False,False,False,True
2024,1.85,6.48,1.45,7.7,17.25,4.31,128,52.12,65.19,1133,45.06,22.32,40.61,759,21.66,178,False,False,True,False,False,False,False,False,False,False,False,True,False,False,False,True,False,False,False,True,False
2005,2.41,6.8,4.32,8.11,16.18,4.75,327,92.73,10.89,48467,88.72,85.62,89.09,960,13.48,27,False,False,False,False,False,False,False,False,True,False,True,False,False,True,False,False,False,False,False,False,False
2010,0.4,6.83,0.15,9.36,12.6,4.24,4,65.45,39.92,2310,61.88,39.64,70.64,1165,25.0,538,False,False,False,True,False,False,False,False,False,False,False,True,False,False,False,False,True,False,False,True,False
2020,2.33,7.44,1.81,6.99,25.72,4.31,242,75.29,37.14,3300,57.05,39.94,73.81,2611,28.6,1006,False,False,False,False,False,False,False,False,False,False,False,False,True,False,False,True,False,False,False,False,False
2016,2.43,6.85,4.2,6.5,15.95,7.03,660,78.6,36.44,2473,61.15,39.23,66.74,1055,26.9,531,False,False,False,True,False,False,False,False,False,False,False,True,False,False,False,False,False,False,False,False,False
2016,3.47,7.65,7.54,4.5,25.95,6.58,1087,86.96,29.43,10002,63.59,92.36,78.51,2235,23.19,25,True,False,False,False,False,False,False,False,False,False,False,True,False,True,False,False,False,False,False,False,True
2006,3.67,6.99,7.68,5.34,27.27,10.32,1176,74.79,36.43,4735,64.34,62.48,71.03,2055,23.18,124,False,False,False,False,True,False,False,False,False,True,False,False,False,True,False,False,False,False,False,False,True
2008,2.93,7.14,5.17,5.55,23.58,6.35,850,72.55,40.56,2247,58.13,42.86,75.43,950,29.97,532,False,False,False,True,False,False,False,False,False,False,False,True,False,False,False,False,False,False,False,False,True
2011,1.19,6.74,0.15,8.02,16.4,4.3,3,70.24,34.53,2568,58.4,42.88,64.04,2005,23.67,1182,False,False,False,False,False,False,False,False,False,False,True,False,False,False,False,False,True,False,False,True,False
2000,0.8,6.99,0.52,9.47,10.88,1.31,3,99.7,16.34,40760,83.52,81.64,91.96,875,13.8,32,False,False,False,False,False,False,False,False,True,False,False,True,False,False,False,False,True,False,True,False,False
2002,1.28,7.44,1.62,7.28,14.44,1.13,27,76.99,32.96,2688,57.52,37.72,73.85,1069,28.29,430,False,False,False,True,False,False,False,False,False,False,False,True,False,False,False,False,True,False,False,False,False
2018,1.57,6.64,2.12,7.19,19.1,1.96,141,89.61,27.11,8151,70.52,82.37,74.45,2226,23.94,37,True,False,False,False,False,False,False,False,False,False,False,True,False,False,False,True,False,False,False,True,False
2011,3.31,6.88,6.71,5.19,27.07,9.21,862,68.92,39.36,3000,56.98,41.82,74.0,2163,29.74,1277,False,False,False,False,False,False,False,False,False,True,False,False,False,True,False,False,False,False,False,True,False
2011,0.94,7.65,1.64,6.96,13.05,6.55,38,54.47,65.53,1240,44.4,15.32,31.5,821,16.46,204,False,False,True,False,False,False,False,False,False,False,False,True,False,False,False,False,True,False,False,False,False
2013,3.07,7.4,5.25,6.6,22.57,8.41,699,56.66,79.85,2055,43.97,54.63,46.95,1318,26.73,209,False,False,False,False,False,False,True,False,False,False,True,False,False,False,True,False,False,False,False,False,False
2007,1.95,7.37,0.89,7.57,17.25,4.08,88,55.19,73.42,2121,49.15,51.77,49.19,986,26.59,201,False,False,False,False,False,False,True,False,False,False,False,False,True,False,False,True,False,False,False,True,False
2023,0.82,7.31,0.2,7.89,18.34,0.28,10,79.64,40.45,2848,54.58,46.08,67.9,2315,23.86,1337,False,False,False,False,False,False,False,False,False,False,False,False,True,False,False,False,True,False,False,True,False
2010,2.85,6.72,4.01,5.46,20.5,8.48,565,84.5,18.75,9185,68.84,88.28,75.17,1789,27.56,26,True,False,False,False,False,False,False,False,False,False,True,False,False,False,False,False,False,True,False,False,True
2011,1.73,7.67,0.6,8.31,14.04,4.39,96,98.11,15.18,12583,69.08,74.11,83.05,1299,12.86,132,False,True,False,False,False,False,False,False,False,False,False,False,True,False,False,False,False,False,True,False,False
2002,1.6,7.18,0.15,8.57,13.71,3.13,59,63.1,71.27,2182,47.02,65.78,54.95,1142,26.19,191,False,False,False,False,False,False,True,False,False,False,False,False,False,False,False,False,True,False,True,False,False
2007,1.21,7.41,0.36,7.26,9.01,1.26,12,90.47,18.1,9332,71.55,90.22,78.14,1816,25.61,21,True,False,False,False,False,False,False,False,False,True,False,False,False,False,False,False,True,False,False,True,False
2016,2.3,7.16,1.86,6.65,17.32,2.82,93,86.69,15.89,9160,71.0,86.45,88.59,2342,24.94,26,True,False,False,False,False,False,False,False,False,False,False,False,False,False,False,False,False,True,False,True,False
2013,0.03,7.15,0.37,9.17,8.4,2.89,10,94.74,16.89,9030,75.46,79.39,86.06,704,20.19,119,False,False,False,False,False,True,False,False,False,False,True,False,False,False,False,True,False,False,False,False,False
2013,2.33,7.52,3.53,7.97,20.24,5.67,274,70.56,75.85,1677,45.17,36.41,71.61,418,22.37,201,False,False,False,False,False,False,False,True,False,False,True,False,False,False,True,False,False,False,False,False,False
2017,3.09,7.69,4.14,5.54,29.76,7.88,816,75.72,39.61,2958,51.37,41.91,66.31,2578,27.14,1243,False,False,False,False,False,False,False,False,False,True,False,False,False,False,False,False,False,False,False,True,False
2011,0.77,7.48,1.48,8.82,14.29,4.0,63,73.89,63.42,1988,59.85,40.44,64.41,505,25.0,254,False,False,False,False,False,False,False,True,False,False,False,False,False,False,False,True,False,False,False,True,False
2010,2.27,6.81,3.24,6.05,19.03,5.99,495,60.29,82.54,2042,49.54,49.11,42.15,974,26.91,249,False,False,False,False,False,False,True,False,False,True,False,False,False,False,True,False,False,False,True,False,False
2019,2.02,7.25,2.03,7.54,16.89,5.36,266,84.88,11.73,14151,76.99,62.47,91.14,695,12.18,159,False,True,False,False,False,False,False,False,False,False,False,True,False,False,True,False,False,False,False,False,False
2007,2.54,7.31,4.22,6.96,22.5,8.35,454,73.65,30.69,4651,68.1,63.63,72.64,2578,26.9,198,False,False,False,False,True,False,False,False,False,True,False,False,False,False,True,False,False,False,False,True,False
2002,1.15,6.91,0.15,8.16,14.88,2.85,7,67.82,33.69,2153,60.27,32.3,74.69,1224,26.95,321,False,False,False,True,False,False,False,False,False,False,False,True,False,False,False,False,True,False,False,False,False
2015,2.42,6.63,3.54,5.98,17.87,5.82,254,67.36,82.69,2108,40.32,48.47,40.31,1245,25.45,282,False,False,False,False,False,False,True,False,False,False,True,False,False,False,True,False,False,False,True,False,False
2015,3.93,6.67,6.22,5.87,28.16,9.96,1163,66.81,43.06,2924,55.83,48.69,76.09,2075,29.19,1212,False,False,False,False,False,False,False,False,False,False,False,True,False,True,False,False,False,False,False,False,False
2023,0.92,7.61,0.15,9.2,15.72,2.1,3,94.97,18.61,7920,68.94,94.29,76.38,1829,20.02,39,True,False,False,False,False,False,False,False,False,False,False,False,True,False,False,False,True,False,False,False,False
2023,0.96,6.93,0.15,8.31,17.52,5.61,8,70.55,38.28,2545,53.61,31.85,74.36,1805,24.04,1605,False,False,False,False,False,False,False,False,False,False,False,False,True,False,False,False,True,False,False,True,False
2018,0.58,7.22,0.38,8.27,7.14,1.91,8,89.1,17.35,9088,71.94,76.45,75.28,770,20.0,66,False,False,False,False,False,True,False,False,False,False,True,False,False,False,False,False,False,True,False,False,False
2013,0.68,6.46,0.15,8.97,10.8,3.07,13,65.39,63.05,1512,45.34,42.86,62.85,534,22.92,240,False,False,False,False,False,False,False,True,False,False,True,False,False,False,False,False,False,True,True,False,False
2012,1.5,6.75,0.89,7.95,12.93,4.62,66,56.8,71.93,2317,50.4,55.53,48.92,1043,24.76,168,False,False,False,False,False,False,True,False,False,False,False,False,False,False,False,True,False,False,False,True,False
2020,1.05,6.7,0.75,7.69,10.29,4.54,4,84.68,19.04,9552,69.34,95.12,91.15,1942,26.98,25,True,False,False,False,False,False,False,False,False,False,False,True,False,False,False,False,True,False,True,False,False
2021,3.59,6.8,5.71,5.88,21.41,8.23,1036,54.68,66.7,1166,46.24,30.47,39.05,1135,20.79,75,False,False,True,False,False,False,False,False,False,True,False,False,False,True,False,False,False,False,False,False,False
2015,2.53,6.93,2.82,6.3,15.6,5.8,529,70.72,63.68,1808,55.77,42.85,69.89,464,23.83,314,False,False,False,False,False,False,False,True,False,False,False,False,False,True,False,False,False,False,False,True,False
2007,2.44,6.61,2.67,8.05,21.68,6.63,359,89.84,9.47,10210,78.1,91.27,87.83,2963,22.12,33,True,False,False,False,False,False,False,False,False,False,True,False,False,False,False,True,False,False,False,False,True
2006,1.67,7.19,1.97,7.68,14.67,1.77,199,90.61,17.14,9808,70.05,90.9,86.67,1577,21.95,25,True,False,False,False,False,False,False,False,False,False,True,False,False,False,False,False,True,False,False,False,True
2013,0.69,6.86,0.15,9.9,12.4,0.3,4,94.33,4.88,49817,84.93,81.92,94.07,821,9.14,25,False,False,False,False,False,False,False,False,True,False,True,False,False,False,False,False,True,False,False,False,False
2006,1.12,6.62,0.15,8.18,11.25,4.18,24,66.7,39.6,2165,47.5,26.98,67.77,1003,23.73,376,False,False,False,True,False,False,False,False,False,False,True,False,False,False,False,False,True,False,False,False,False
2005,1.23,7.1,0.89,7.66,13.47,6.94,53,68.28,63.25,1483,46.03,38.48,58.07,355,25.37,275,False,False,False,False,False,False,False,True,False,True,False,False,False,False,False,True,False,False,False,True,False
2021,1.74,7.5,1.99,7.69,20.97,3.95,151,84.61,25.01,5393,67.62,63.32,79.79,2720,29.72,145,False,False,False,False,True,False,False,False,False,True,False,False,False,False,False,True,False,False,False,True,False
2023,1.01,7.34,1.01,9.25,8.06,3.64,4,99.7,2.0,58728,91.72,90.2,94.5,879,15.61,45,False,False,False,False,False,False,False,False,True,False,False,False,True,False,False,True,False,False,False,True,False
2014,1.94,6.97,2.19,6.87,12.82,3.0,380,65.38,71.24,1491,51.45,35.08,63.01,434,21.95,365,False,False,False,False,False,False,False,True,False,False,True,False,False,False,True,False,False,False,True,False,False
2008,2.4,6.91,3.59,6.98,24.43,4.51,475,86.32,21.34,8487,63.23,85.82,75.84,1955,23.81,35,True,False,False,False,False,False,False,False,False,True,False,False,False,False,False,False,False,False,False,True,False
2000,2.9,7.4,3.14,6.18,17.61,8.63,377,67.74,65.25,1792,56.17,44.62,66.27,445,24.09,328,False,False,False,False,False,False,False,True,False,False,True,False,False,False,False,True,False,False,False,False,True
2023,2.04,6.98,2.96,7.38,21.56,6.65,281,77.37,39.67,2746,60.36,39.22,76.18,1113,27.15,444,False,False,False,True,False,False,False,False,False,False,False,True,False,True,False,False,False,False,False,True,False
2005,1.06,7.43,1.77,8.6,10.71,1.22,17,94.91,13.15,11634,73.55,67.82,93.37,851,15.67,155,False,True,False,False,False,False,False,False,False,False,False,False,False,False,False,False,True,False,False,True,False
2017,1.35,7.0,1.97,7.69,16.48,4.51,114,75.82,32.82,5187,63.06,63.63,80.36,2814,24.58,88,False,False,False,False,True,False,False,False,False,False,False,False,False,False,False,True,False,False,False,True,False
2004,2.56,6.71,4.93,6.83,21.45,6.94,781,63.06,77.41,2334,51.91,47.85,51.28,1170,25.95,192,False,False,False,False,False,False,True,False,False,False,False,True,False,False,False,False,False,True,False,False,True
2004,2.33,7.0,2.79,5.99,27.5,4.9,294,79.59,25.3,4773,62.96,54.77,74.82,2616,22.86,189,False,False,False,False,True,False,False,False,False,False,False,False,False,False,False,False,False,False,True,False,False
2006,2.9,6.62,4.78,7.91,20.05,7.82,771,90.53,14.3,11737,71.86,56.94,84.41,1257,14.35,134,False,True,False,False,False,False,False,False,False,False,False,False,False,False,True,False,False,False,False,False,True
2023,1.68,7.84,0.15,8.04,14.4,5.1,64,65.39,66.76,1907,55.24,46.14,69.5,537,22.5,322,False,False,False,False,False,False,False,True,False,False,False,True,False,False,False,False,False,True,False,True,False
2011,0.84,6.57,1.69,8.35,10.12,2.34,34,68.77,67.92,1709,50.98,42.44,67.11,594,22.42,158,False,False,False,False,False,False,False,True,False,True,False,False,False,False,False,False,False,True,False,True,False
2023,2.3,7.07,2.74,7.89,22.16,3.18,196,76.4,41.89,2719,56.98,36.41,68.54,2168,25.28,1412,False,False,False,False,False,False,False,False,False,False,False,True,False,False,False,False,False,True,False,False,False
2007,1.26,6.86,1.2,8.14,13.99,4.9,44,72.31,39.61,2433,59.15,36.61,68.48,1278,24.38,494,False,False,False,True,False,False,False,False,False,True,False,False,False,False,False,True,False,False,False,True,False
2014,1.25,6.98,0.51,8.31,8.39,0.39,8,95.44,12.71,12707,71.51,71.45,92.88,1026,13.22,99,False,True,False,False,False,False,False,False,False,True,False,False,False,False,False,True,False,False,True,False,False
2015,1.96,7.92,2.8,6.66,14.83,3.21,426,92.39,9.73,44707,93.92,75.43,92.44,1098,14.6,62,False,False,False,False,False,False,False,False,True,False,False,False,False,False,True,False,False,False,False,False,False
2008,2.85,7.25,5.76,6.04,16.28,7.77,540,91.91,18.7,8871,58.27,68.91,78.03,744,19.43,68,False,False,False,False,False,True,False,False,False,False,False,True,False,True,False,False,False,False,False,False,False
2021,1.14,7.16,0.15,7.78,10.4,0.71,5,87.47,11.44,9593,76.98,87.28,92.87,1624,23.75,15,True,False,False,False,False,False,False,False,False,False,False,False,False,False,False,False,False,True,True,False,False
2020,1.77,6.98,2.71,7.04,14.39,4.41,575,61.53,76.41,2208,43.42,51.48,50.96,958,25.05,205,False,False,False,False,False,False,True,False,False,False,False,True,False,False,True,False,False,False,True,False,False
2014,1.62,7.18,1.46,7.22,12.34,5.09,77,48.45,63.32,1079,46.63,24.45,36.3,659,18.69,159,False,False,True,False,False,False,False,False,False,False,False,True,False,False,False,False,False,True,False,False,False
2006,0.93,7.21,0.15,7.38,17.42,2.64,8,68.83,37.17,2509,52.07,39.2,66.26,1869,24.5,1644,False,False,False,False,False,False,False,False,False,True,False,False,False,False,False,False,True,False,False,False,False
2006,2.31,7.23,3.62,6.86,25.49,4.49,510,74.8,32.14,4520,63.92,55.79,70.79,2236,23.92,243,False,False,False,False,True,False,False,False,False,True,False,False,False,False,False,False,False,False,False,True,False
2004,1.48,7.11,1.26,6.93,15.91,0.24,103,75.17,68.57,1724,62.11,36.36,69.76,591,23.08,337,False,False,False,False,False,False,False,True,False,True,False,False,False,False,False,False,False,True,True,False,False
2011,1.64,6.64,1.1,6.99,14.32,6.6,348,87.92,14.77,9006,66.93,89.94,78.3,1667,20.57,30,True,False,False,False,False,False,False,False,False,False,True,False,False,False,True,False,False,False,True,False,False
2009,2.95,7.16,4.62,7.04,18.7,4.58,801,94.57,19.88,10460,69.81,83.02,95.59,1052,19.7,53,False,False,False,False,False,True,False,False,False,False,False,False,True,False,False,False,False,True,False,False,True
2024,2.32,6.55,3.55,6.84,16.8,9.18,493,52.83,68.1,1174,41.78,24.99,35.43,660,22.41,109,False,False,True,False,False,False,False,False,False,False,False,True,False,False,False,False,False,False,False,True,False
2009,2.5,6.97,3.31,6.4,18.45,9.53,574,60.59,77.97,2140,37.41,52.75,45.9,1041,28.53,187,False,False,False,False,False,False,True,False,False,False,False,False,False,False,True,False,False,False,True,False,False
2012,1.41,6.72,1.4,7.46,12.36,4.28,99,82.44,19.77,8348,61.84,85.56,83.71,1325,25.98,21,True,False,False,False,False,False,False,False,False,False,False,True,False,False,False,False,False,False,True,False,False
2005,1.0,6.98,1.1,7.83,14.65,1.44,15,61.35,73.26,2015,38.14,46.9,53.58,1735,27.67,198,False,False,False,False,False,False,True,False,False,False,False,True,False,False,False,False,True,False,False,True,False
2017,3.56,7.64,8.01,5.68,23.89,7.85,952,70.37,40.17,2506,52.19,33.29,74.1,906,23.29,639,False,False,False,True,False,False,False,False,False,False,True,False,False,True,False,False,False,False,False,False,True
2022,1.48,7.33,1.98,7.76,15.37,3.47,74,94.71,17.66,9495,64.67,86.8,88.13,1818,22.86,36,True,False,False,False,False,False,False,False,False,False,True,False,False,False,False,False,False,True,True,False,False
2020,1.78,7.36,3.31,6.33,15.41,6.58,176,66.19,78.62,2359,41.99,54.2,54.69,1350,27.39,226,False,False,False,False,False,False,True,False,False,False,False,True,False,False,False,False,True,False,False,False,True
2006,3.96,6.65,8.3,5.24,18.19,6.84,1061,83.34,26.93,9060,70.81,82.6,84.5,737,21.54,124,False,False,False,False,False,True,False,False,False,False,False,False,False,True,False,False,False,False,False,False,True
2023,2.44,6.9,1.3,7.07,23.11,6.43,126,73.8,35.98,3293,56.5,43.99,70.66,2848,24.89,1364,False,False,False,False,False,False,False,False,False,False,True,False,False,False,False,False,False,True,False,False,False
2021,4.12,7.02,6.7,5.08,23.13,9.87,1766,60.86,76.28,2154,50.5,54.86,51.05,943,27.26,195,False,False,False,False,False,False,True,False,False,False,True,False,False,False,True,False,False,False,False,False,True
2000,0.38,7.2,0.59,8.56,4.32,0.51,18,93.38,16.43,10574,70.81,78.29,96.39,665,21.18,70,False,False,False,False,False,True,False,False,False,True,False,False,False,False,False,True,False,False,False,True,False
2021,3.65,6.62,6.35,6.26,27.2,8.62,916,94.38,19.8,8602,76.13,85.03,80.86,2450,22.83,37,True,False,False,False,False,False,False,False,False,False,True,False,False,False,False,False,False,False,False,False,True
2002,1.2,7.27,1.43,8.99,14.63,3.8,4,81.66,17.42,9836,65.36,60.74,83.44,904,13.31,186,False,True,False,False,False,False,False,False,False,False,False,False,False,False,False,True,False,False,False,True,False
2004,2.98,6.76,7.08,6.06,20.75,8.17,1403,78.51,33.53,4879,65.87,58.73,68.64,1595,27.86,160,False,False,False,False,True,False,False,False,False,True,False,False,False,False,True,False,False,False,False,False,True
2015,2.03,7.38,3.48,6.22,12.57,6.05,297,59.9,56.38,1270,39.61,21.66,46.07,888,20.18,110,False,False,True,False,False,False,False,False,False,False,False,True,False,False,True,False,False,False,True,False,False
2005,0.73,6.52,2.24,7.8,8.91,2.0,142,92.46,18.73,10765,71.5,91.83,87.58,453,25.09,52,False,False,False,False,False,True,False,False,False,False,False,True,False,False,False,False,False,True,False,True,False
2022,1.55,7.28,2.46,7.02,15.53,4.59,139,76.33,67.67,1845,54.09,41.72,67.14,494,24.02,386,False,False,False,False,False,False,False,True,False,False,False,False,True,False,False,False,True,False,False,False,True
2021,1.93,6.43,2.29,8.67,10.56,4.32,254,90.18,12.5,13663,85.14,68.23,88.26,918,16.74,144,False,True,False,False,False,False,False,False,False,True,False,False,False,True,False,False,False,False,False,True,False
2020,1.86,6.76,1.66,7.52,21.01,5.98,58,65.97,70.73,2813,61.26,59.53,56.09,1561,27.7,253,False,False,False,False,False,False,True,False,False,False,False,False,True,False,False,False,False,True,True,False,False
2014,2.05,7.91,0.68,6.96,12.96,6.16,148,62.98,77.18,2144,44.04,54.88,58.0,1306,30.21,302,False,False,False,False,False,False,True,False,False,False,False,False,False,False,False,False,True,False,True,False,False
2009,1.44,7.12,2.67,8.73,13.0,4.13,72,85.41,19.57,9408,68.29,86.33,83.52,881,25.11,66,False,False,False,False,False,True,False,False,False,False,False,False,False,False,False,False,False,False,True,False,False
2023,0.48,7.0,0.15,8.12,15.16,1.09,3,92.71,24.6,10540,73.58,88.08,77.0,2249,28.17,24,True,False,False,False,False,False,False,False,False,True,False,False,False,False,False,False,True,False,True,False,False
2003,0.02,6.93,0.88,9.8,5.59,0.05,3,96.21,12.43,47646,91.93,79.0,98.95,948,8.72,32,False,False,False,False,False,False,False,False,True,False,True,False,False,False,False,True,False,False,True,False,False
2010,0.52,7.08,0.15,8.13,9.45,3.85,3,92.42,21.99,8991,75.28,92.5,76.92,1509,20.58,33,True,False,False,False,False,False,False,False,False,False,False,True,False,False,False,False,True,False,False,True,False
2014,2.89,7.16,6.09,6.24,14.22,9.52,990,83.55,28.17,8348,71.94,78.02,92.72,714,22.23,54,False,False,False,False,False,True,False,False,False,False,False,True,False,False,True,False,False,False,False,False,True
2024,2.98,7.28,3.69,6.82,21.36,6.32,380,95.95,22.46,9543,75.24,90.08,79.0,1743,23.09,27,True,False,False,False,False,False,False,False,False,False,False,False,True,False,False,False,False,False,False,False,True
2006,0.76,6.75,1.34,8.51,13.68,2.84,32,90.5,18.66,9215,70.62,86.5,73.7,1607,21.31,24,True,False,False,False,False,False,False,False,False,False,True,False,False,False,False,True,False,False,False,True,False
2012,0.69,6.95,2.67,7.87,9.59,2.77,27,73.5,60.83,1460,50.94,34.04,66.0,498,29.59,271,False,False,False,False,False,False,False,True,False,False,False,True,False,False,False,False,True,False,False,False,False
2004,3.38,6.35,4.3,6.28,19.71,9.99,850,56.87,75.87,2137,42.41,53.64,51.18,813,27.36,303,False,False,False,False,False,False,True,False,False,False,False,False,True,False,True,False,False,False,False,False,False
2022,1.69,7.24,3.22,7.68,14.05,2.23,277,98.11,14.22,15109,78.35,64.5,93.3,958,14.97,127,False,True,False,False,False,False,False,False,False,False,False,False,False,False,True,False,False,False,True,False,False
2010,1.25,7.23,0.66,7.14,7.08,3.74,18,98.0,17.27,10726,68.04,78.33,90.01,664,22.69,91,False,False,False,False,False,True,False,False,False,False,True,False,False,False,False,True,False,False,False,False,False
2017,2.26,5.97,3.74,6.3,13.47,4.65,479,99.7,14.65,11594,71.5,88.45,98.17,652,23.23,48,False,False,False,False,False,True,False,False,False,False,True,False,False,False,True,False,False,False,False,True,False
2001,0.95,7.31,0.15,8.9,11.84,1.07,3,92.43,8.76,57080,92.04,84.03,99.5,882,11.74,39,False,False,False,False,False,False,False,False,True,False,False,False,True,False,False,False,False,True,True,False,False
2013,1.66,6.92,3.35,6.97,13.06,4.52,378,56.17,55.69,1292,39.24,20.16,43.33,548,18.11,93,False,False,True,False,False,False,False,False,False,False,False,False,True,False,False,False,False,False,False,False,False
2002,0.12,7.13,0.15,9.12,4.54,0.11,3,91.14,14.86,53521,88.71,83.83,99.5,779,10.76,30,False,False,False,False,False,False,False,False,True,False,False,False,False,False,False,False,True,False,True,False,False
2008,2.33,6.61,4.57,6.36,20.28,4.62,857,85.84,23.99,8214,76.83,87.61,71.43,2094,24.76,29,True,False,False,False,False,False,False,False,False,True,False,False,False,True,False,False,False,False,False,False,False
2003,2.18,7.26,4.3,7.33,17.59,6.51,381,95.38,13.21,13426,78.66,66.98,92.67,1036,15.83,133,False,True,False,False,False,False,False,False,False,False,False,False,False,False,False,False,False,False,False,False,True
2014,2.0,6.99,2.73,7.42,18.52,1.73,122,63.8,42.61,2270,47.37,27.05,68.8,1327,23.99,308,False,False,False,True,False,False,False,False,False,False,False,False,False,False,False,False,False,False,False,False,False
2012,0.84,7.07,1.07,9.12,10.61,1.74,80,99.7,5.77,53541,92.48,80.35,99.5,638,13.62,32,False,False,False,False,False,False,False,False,True,False,False,False,True,False,False,False,True,False,False,False,True
2010,3.83,6.82,8.34,5.32,31.76,8.91,982,73.25,36.48,2647,65.16,41.39,70.45,2450,26.23,1575,False,False,False,False,False,False,False,False,False,False,True,False,False,True,False,False,False,False,False,False,True
2024,2.4,6.83,4.51,6.56,17.9,5.81,705,92.86,20.05,9892,63.94,86.72,80.6,1807,21.87,30,True,False,False,False,False,False,False,False,False,True,False,False,False,True,False,False,False,False,False,False,False
2002,1.43,7.22,1.03,7.12,21.22,2.13,174,71.88,31.24,4655,65.64,54.97,75.67,2222,27.24,192,False,False,False,False,True,False,False,False,False,False,False,False,True,False,False,True,False,False,False,True,False
2001,2.64,7.13,1.13,6.88,18.37,6.97,306,79.65,28.98,5147,67.46,59.26,75.0,2545,24.98,105,False,False,False,False,True,False,False,False,False,False,False,True,False,False,True,False,False,False,True,False,False
2009,0.52,7.26,0.63,7.96,14.03,0.89,16,72.18,35.66,2832,57.77,41.9,79.35,1348,25.91,348,False,False,False,True,False,False,False,False,False,False,False,True,False,False,False,False,True,False,False,False,False
2011,0.81,7.35,0.15,8.41,10.82,1.97,3,89.04,14.84,10139,80.39,76.75,90.75,666,20.09,77,False,False,False,False,False,True,False,False,False,False,True,False,False,False,False,False,True,False,False,True,False
2019,2.42,6.9,2.34,7.41,18.43,4.53,193,93.96,15.6,11415,72.43,77.18,86.74,921,21.12,95,False,False,False,False,False,True,False,False,False,True,False,False,False,False,True,False,False,False,False,True,False
2011,2.45,7.04,1.81,8.19,19.25,4.62,270,90.69,22.03,13128,75.6,61.94,93.77,1199,13.23,117,False,True,False,False,False,False,False,False,False,True,False,False,False,True,False,False,False,False,False,False,False
2015,1.84,7.72,1.6,6.84,15.79,5.67,291,70.38,60.31,1978,56.03,44.31,70.29,588,27.05,247,False,False,False,False,False,False,False,True,False,False,False,False,True,False,False,False,False,False,True,False,False
2002,2.72,6.58,4.2,5.85,29.47,5.34,436,70.65,47.3,2519,70.68,34.38,66.99,3197,26.56,893,False,False,False,False,False,False,False,False,False,False,False,True,False,False,True,False,False,False,False,True,False
2007,2.07,6.2,4.05,6.59,14.84,3.25,498,92.34,24.42,9556,65.47,81.32,82.84,706,26.08,65,False,False,False,False,False,True,False,False,False,True,False,False,False,False,True,False,False,False,False,True,False
2006,1.18,7.52,0.15,7.15,17.75,1.43,67,83.65,24.23,4164,67.35,56.91,76.65,3003,27.47,121,False,False,False,False,True,False,False,False,False,False,False,False,True,False,False,True,False,False,False,True,False
2017,2.0,7.48,0.73,9.11,13.71,4.81,64,99.7,10.4,51074,89.37,83.13,97.05,1158,12.06,32,False,False,False,False,False,False,False,False,True,True,False,False,False,False,False,True,False,False,False,False,True
2010,0.69,7.31,2.21,8.21,8.13,0.5,3,94.61,9.1,10518,66.59,84.77,91.25,784,20.56,50,False,False,False,False,False,True,False,False,False,False,False,False,True,False,False,False,True,False,False,True,False
2022,3.39,7.56,4.76,5.94,25.6,5.84,640,73.43,36.37,3082,57.31,43.51,68.78,1583,25.87,1688,False,False,False,False,False,False,False,False,False,False,True,False,False,True,False,False,False,False,False,False,False
2016,3.53,7.35,5.94,5.17,21.34,7.65,918,58.22,80.31,1871,35.42,50.68,50.35,1445,29.58,282,False,False,False,False,False,False,True,False,False,False,False,True,False,True,False,False,False,False,True,False,False
2010,0.7,7.03,0.89,7.92,14.31,4.11,3,62.89,72.91,1976,45.72,53.11,51.79,1141,27.11,231,False,False,False,False,False,False,True,False,False,False,True,False,False,False,False,False,True,False,True,False,False
2020,2.14,6.89,2.7,7.92,13.3,5.74,283,54.82,68.81,1083,40.39,20.66,44.34,822,18.08,166,False,False,True,False,False,False,False,False,False,False,False,False,False,False,False,False,False,True,False,True,False
2000,0.02,7.68,0.15,7.65,10.55,2.29,4,75.71,30.87,2853,65.31,43.65,77.6,1028,25.81,658,False,False,False,True,False,False,False,False,False,False,True,False,False,False,False,False,True,False,False,True,False
2010,2.26,7.3,4.0,7.45,14.4,7.03,580,96.71,15.68,57167,90.39,82.11,91.44,942,14.03,31,False,False,False,False,False,False,False,False,True,False,False,True,False,True,False,False,False,False,True,False,False
2019,2.12,6.85,1.87,6.66,17.26,6.69,201,63.16,76.02,2391,52.26,51.89,53.74,1250,26.79,225,False,False,False,False,False,False,True,False,False,False,False,False,False,False,False,False,False,True,True,False,False
2021,0.32,6.72,0.15,8.78,5.79,2.66,3,99.7,17.34,11479,82.01,79.15,86.96,751,21.58,58,False,False,False,False,False,True,False,False,False,True,False,False,False,False,False,False,True,False,False,True,False
2019,0.8,7.28,0.57,8.17,11.4,3.22,3,89.91,14.11,9767,77.83,92.52,85.84,1361,21.07,27,True,False,False,False,False,False,False,False,False,False,True,False,False,False,False,False,True,False,False,False,False
2015,1.3,7.53,0.23,7.34,18.48,2.23,43,79.74,35.6,2745,59.33,41.61,76.43,1143,24.25,406,False,False,False,True,False,False,False,False,False,False,False,False,False,False,False,False,False,True,False,True,False
2021,3.81,6.11,9.46,5.34,28.47,8.39,2276,83.01,27.83,5128,58.61,55.09,74.49,1815,26.63,141,False,False,False,False,True,False,False,False,False,True,False,False,False,True,False,False,False,False,False,False,True
2024,2.38,6.8,1.93,6.86,17.97,4.94,121,64.82,73.94,2898,49.54,62.26,59.32,1460,27.8,265,False,False,False,False,False,False,True,False,False,False,False,True,False,False,False,False,False,True,True,False,False
2024,2.72,7.01,5.13,6.96,21.91,7.13,606,83.19,28.32,8590,72.07,86.86,83.74,2281,26.17,21,True,False,False,False,False,False,False,False,False,False,False,False,False,False,False,False,False,False,False,False,True
2004,2.07,6.8,4.28,6.92,22.81,5.26,557,91.83,22.53,10117,77.9,86.02,90.8,2141,26.14,25,True,False,False,False,False,False,False,False,False,False,False,True,False,False,False,False,False,True,False,False,True
2011,3.75,7.79,7.57,5.84,21.56,8.66,933,79.88,40.3,2573,57.58,37.62,75.43,896,23.98,668,False,False,False,True,False,False,False,False,False,False,True,False,False,True,False,False,False,False,False,False,True
2002,3.12,7.2,5.68,5.74,24.96,6.86,551,72.61,37.33,2540,58.18,42.29,72.78,1077,25.36,441,False,False,False,True,False,False,False,False,False,False,False,False,False,False,False,False,False,False,False,False,True
2023,1.79,6.35,3.7,6.05,20.07,5.31,439,80.72,36.19,2435,61.6,42.27,72.53,1296,27.42,371,False,False,False,True,False,False,False,False,False,False,True,False,False,False,False,False,False,False,False,True,False
2001,2.31,6.37,1.74,6.96,18.94,4.27,239,80.06,22.83,8359,60.53,90.92,84.51,1853,26.96,21,True,False,False,False,False,False,False,False,False,False,False,False,False,False,True,False,False,False,False,True,False
2001,1.78,7.01,0.53,8.29,14.44,5.41,178,80.18,29.88,2770,53.1,49.14,76.41,990,26.21,358,False,False,False,True,False,False,False,False,False,False,False,False,False,False,False,False,False,False,True,False,False
2009,2.33,7.29,4.24,6.7,19.0,4.2,644,92.01,25.25,8094,62.43,89.47,80.21,2167,25.67,28,True,False,False,False,False,False,False,False,False,True,False,False,False,False,False,False,False,True,False,False,True
2007,1.83,6.72,1.71,6.99,15.27,4.99,54,80.91,31.13,5077,68.16,60.36,84.3,1989,28.4,87,False,False,False,False,True,False,False,False,False,True,False,False,False,False,False,True,False,False,False,False,False
2011,2.19,6.83,1.5,7.84,17.48,4.98,190,57.36,62.62,1044,43.32,29.42,41.36,773,19.88,199,False,False,True,False,False,False,False,False,False,True,False,False,False,False,False,False,False,False,True,False,False
2011,0.85,7.04,1.66,8.53,5.7,0.05,3,88.88,13.1,10731,72.25,80.25,93.36,588,15.68,55,False,False,False,False,False,True,False,False,False,True,False,False,False,False,False,False,True,False,False,True,False
2010,1.47,6.82,2.51,7.24,15.36,6.77,198,68.11,71.88,1807,55.49,41.28,65.5,460,23.63,421,False,False,False,False,False,False,False,True,False,False,False,False,True,False,False,False,False,False,True,False,False
2022,1.28,7.4,0.15,7.92,10.63,2.47,45,99.7,10.83,50231,73.76,78.93,92.33,728,13.31,43,False,False,False,False,False,False,False,False,True,True,False,False,False,False,False,False,True,False,False,False,True
2008,2.34,6.87,5.03,5.96,15.18,7.68,1101,65.59,80.23,2229,47.37,54.94,57.8,1242,27.31,217,False,False,False,False,False,False,True,False,False,False,False,False,False,True,False,False,False,False,False,False,False
2020,4.46,7.38,9.16,5.52,26.66,9.55,1291,72.93,72.22,1841,50.5,39.79,71.35,586,24.82,472,False,False,False,False,False,False,False,True,False,False,False,True,False,True,False,False,False,False,False,False,True
2000,0.59,7.69,1.33,8.34,6.43,2.33,3,91.08,15.88,10726,69.01,81.71,87.27,806,19.61,66,False,False,False,False,False,True,False,False,False,True,False,False,False,False,False,False,True,False,True,False,False
2003,0.81,7.95,0.15,9.03,12.88,4.54,3,64.3,70.26,2384,38.71,55.02,53.8,1174,22.38,233,False,False,False,False,False,False,True,False,False,False,False,True,False,False,False,False,True,False,True,False,False
2009,1.51,7.12,1.58,8.72,22.92,2.77,62,60.11,35.5,2605,47.07,39.19,71.63,1882,29.02,1402,False,False,False,False,False,False,False,False,False,False,False,True,False,False,False,False,True,False,False,False,False
2009,2.65,7.12,4.38,6.87,13.2,5.99,800,99.7,16.73,11841,82.01,84.85,91.41,814,22.41,71,False,False,False,False,False,True,False,False,False,False,False,False,True,True,False,False,False,False,False,True,False
2012,1.36,7.01,0.15,8.47,14.64,7.09,52,70.61,65.82,1555,51.99,30.73,60.41,466,24.52,339,False,False,False,False,False,False,False,True,False,True,False,False,False,False,False,True,False,False,False,False,False
2001,2.04,6.34,2.46,8.36,14.52,2.34,313,99.23,10.51,50041,84.44,86.13,98.52,940,14.87,39,False,False,False,False,False,False,False,False,True,False,False,False,False,False,True,False,False,False,True,False,False
2004,0.38,7.5,0.47,8.29,15.06,3.18,3,72.62,37.16,2451,55.73,41.82,74.69,830,24.0,472,False,False,False,True,False,False,False,False,False,False,False,True,False,False,False,False,True,False,True,False,False
2024,1.78,7.18,1.53,8.89,13.86,5.66,44,49.69,63.07,1161,35.96,15.0,44.92,805,19.3,153,False,False,True,False,False,False,False,False,False,False,True,False,False,False,False,True,False,False,True,False,False
2016,3.18,7.22,4.74,7.71,23.1,6.36,585,76.34,43.39,2394,59.73,35.12,69.48,1141,23.19,349,False,False,False,True,False,False,False,False,False,False,False,False,False,False,True,False,False,False,False,False,False
2000,3.08,6.66,4.83,6.44,25.04,5.72,628,77.12,31.43,4681,66.92,62.3,78.84,2031,27.7,211,False,False,False,False,True,False,False,False,False,False,True,False,False,False,True,False,False,False,False,False,False
2017,3.65,7.34,6.49,6.67,19.59,5.51,1010,72.06,73.09,1666,53.96,39.82,71.6,449,21.32,310,False,False,False,False,False,False,False,True,False,False,False,False,True,False,False,False,False,False,False,False,True
2007,2.12,6.98,2.97,6.9,17.78,2.77,318,89.24,37.16,2630,65.55,36.53,63.85,1150,26.2,409,False,False,False,True,False,False,False,False,False,False,False,True,False,True,False,False,False,False,True,False,False
2017,0.92,7.62,1.02,7.82,12.19,4.98,30,73.44,32.73,3005,62.55,38.61,71.72,1127,27.54,369,False,False,False,True,False,False,False,False,False,False,False,True,False,False,False,False,True,False,False,True,False
2015,0.71,6.87,0.72,9.46,9.29,1.04,9,95.91,11.05,50401,87.19,77.92,91.79,1206,13.92,33,False,False,False,False,False,False,False,False,True,False,False,False,False,False,False,True,False,False,True,False,False
2010,1.63,7.27,1.14,7.79,14.85,3.98,380,94.32,9.47,12579,70.94,63.39,83.09,808,13.95,159,False,True,False,False,False,False,False,False,False,False,False,False,False,True,False,False,False,False,True,False,False
2005,3.19,6.69,4.62,6.96,17.77,9.77,568,55.92,78.09,1878,34.78,52.27,42.33,977,21.02,247,False,False,False,False,False,False,True,False,False,False,False,False,False,True,False,False,False,False,False,False,False
2004,2.6,7.23,4.61,7.48,17.15,3.46,394,91.14,13.31,10175,78.66,70.16,92.54,865,13.68,172,False,True,False,False,False,False,False,False,False,False,False,False,False,True,False,False,False,False,False,False,False
2003,2.7,7.42,2.1,6.6,23.03,5.05,207,78.87,32.61,4555,59.77,64.97,73.02,2938,27.04,127,False,False,False,False,True,False,False,False,False,False,False,False,False,False,False,False,False,False,True,False,False
2023,1.32,7.25,1.67,6.86,17.12,4.99,124,57.08,67.88,1104,40.17,17.4,34.67,748,17.38,147,False,False,True,False,False,False,False,False,False,False,True,False,False,False,False,False,True,False,False,False,True
2005,2.55,7.1,3.07,6.27,15.46,5.03,1000,92.81,22.17,10369,71.16,78.61,86.48,651,24.85,68,False,False,False,False,False,True,False,False,False,False,True,False,False,True,False,False,False,False,False,False,False
2017,2.64,6.98,4.02,6.62,23.45,5.32,713,74.51,40.41,2769,66.87,36.65,82.94,1554,28.55,334,False,False,False,True,False,False,False,False,False,True,False,False,False,False,False,False,False,True,False,False,True
2016,1.32,7.04,0.46,8.94,11.51,3.25,45,99.7,11.31,12731,77.09,66.78,94.92,1120,17.36,130,False,True,False,False,False,False,False,False,False,False,False,True,False,False,False,False,True,False,False,False,True
2003,1.62,6.91,2.59,8.17,18.44,3.81,108,80.97,31.78,2602,56.36,36.07,75.19,1449,23.68,708,False,False,False,False,False,False,False,False,False,False,False,False,False,False,False,False,False,False,False,False,False
2010,2.98,6.82,2.45,6.82,21.04,8.14,569,76.79,35.15,2848,67.34,37.83,73.9,1022,21.22,620,False,False,False,True,False,False,False,False,False,False,False,False,False,False,False,False,False,True,False,False,True
2000,0.63,6.72,1.05,7.88,16.0,1.57,14,55.17,73.57,1883,47.67,51.1,49.08,1396,23.56,235,False,False,False,False,False,False,True,False,False,False,False,False,False,False,False,False,True,False,True,False,False
2000,1.16,6.9,0.41,8.21,13.22,2.04,20,89.78,18.9,9190,70.94,87.29,86.7,1766,26.58,31,True,False,False,False,False,False,False,False,False,False,False,True,False,False,False,False,True,False,True,False,False
2017,1.88,7.3,3.03,8.03,17.63,2.28,271,91.91,20.11,11283,81.58,80.73,89.8,508,17.08,62,False,False,False,False,False,True,False,False,False,False,False,True,False,False,True,False,False,False,False,False,False
2012,3.93,6.98,9.28,5.86,27.96,9.01,1972,75.86,34.34,3144,57.47,50.29,74.29,2400,24.1,1485,False,False,False,False,False,False,False,False,False,False,False,False,True,True,False,False,False,False,False,False,True
2013,1.83,6.95,3.48,6.81,17.13,5.64,271,94.51,8.82,10869,73.88,66.79,95.21,1157,11.5,118,False,True,False,False,False,False,False,False,False,True,False,False,False,False,False,False,False,True,False,False,True
2010,2.17,7.37,1.09,7.96,15.79,5.71,236,76.84,32.37,2685,61.08,40.66,78.54,976,25.08,428,False,False,False,True,False,False,False,False,False,False,False,False,True,False,False,False,False,True,False,True,False
2020,2.74,6.46,4.23,6.9,18.67,4.55,419,93.05,12.96,11441,75.01,62.69,90.66,939,14.47,158,False,True,False,False,False,False,False,False,False,False,False,False,True,True,False,False,False,False,False,False,True
2009,1.12,7.89,0.15,9.71,6.94,0.74,4,95.84,9.6,48535,86.95,81.33,89.33,885,17.16,40,False,False,False,False,False,False,False,False,True,False,True,False,False,False,False,False,True,False,False,False,False
2001,2.89,6.61,6.3,7.13,19.51,5.87,503,67.82,77.09,1423,46.34,39.46,64.2,500,21.91,393,False,False,False,False,False,False,False,True,False,False,True,False,False,True,False,False,False,False,False,False,False
2003,1.3,6.76,2.09,7.23,15.37,5.21,105,77.27,36.47,2565,61.61,33.44,79.7,1065,25.98,373,False,False,False,True,False,False,False,False,False,True,False,False,False,False,False,False,False,True,True,False,False
2024,0.68,7.01,0.17,7.97,8.56,0.05,3,98.37,5.52,55012,94.24,81.74,95.86,1016,13.41,42,False,False,False,False,False,False,False,False,True,False,False,False,True,False,False,False,False,True,True,False,False
2019,3.18,7.1,6.65,5.71,28.23,7.9,763,70.24,43.42,2508,56.16,34.83,59.11,1740,29.05,866,False,False,False,False,False,False,False,False,False,False,False,True,False,False,False,False,False,False,False,False,True
2005,0.67,7.13,0.25,8.87,6.87,4.03,64,87.53,19.23,10070,67.03,80.08,79.71,836,20.56,56,False,False,False,False,False,True,False,False,False,False,False,False,False,False,False,False,False,True,True,False,False
2020,2.52,7.08,2.55,7.8,15.79,7.77,378,87.02,11.51,13634,77.38,65.62,85.92,1112,16.67,131,False,True,False,False,False,False,False,False,False,False,True,False,False,True,False,False,False,False,False,False,False
2004,2.6,7.14,3.95,6.46,24.98,6.7,490,75.01,43.34,2536,64.39,40.88,77.24,1123,25.68,543,False,False,False,True,False,False,False,False,False,False,True,False,False,False,True,False,False,False,False,False,False
2023,2.54,6.67,3.5,6.32,27.01,6.99,528,74.94,28.87,4812,72.03,58.27,76.48,2451,24.1,151,False,False,False,False,True,False,False,False,False,False,False,False,True,False,False,False,True,False,False,False,True
2014,0.9,7.38,0.89,7.42,9.82,1.99,83,90.78,21.1,10122,66.87,81.83,83.5,830,20.85,43,False,False,False,False,False,True,False,False,False,False,False,False,True,False,True,False,False,False,True,False,False
2019,1.18,7.1,0.15,7.93,16.19,4.91,76,55.38,70.1,2497,45.14,55.16,55.54,1134,25.73,240,False,False,False,False,False,False,True,False,False,False,False,True,False,False,False,True,False,False,False,True,False
2003,0.93,8.06,0.94,7.8,11.99,0.28,3,81.29,34.92,2569,52.34,40.84,76.04,882,24.13,411,False,False,False,True,False,False,False,False,False,False,False,True,False,False,False,False,True,False,False,False,False
2008,0.7,6.91,0.32,7.97,20.63,3.94,23,77.18,35.94,2851,56.41,46.08,64.43,1887,25.77,1246,False,False,False,False,False,False,False,False,False,True,False,False,False,False,False,False,True,False,False,True,False
2007,0.87,7.12,0.35,8.85,10.6,1.93,3,85.35,8.29,11411,71.77,66.69,85.22,1199,11.19,163,False,True,False,False,False,False,False,False,False,False,False,True,False,False,False,False,True,False,False,True,False
2006,2.19,7.01,3.61,6.83,24.59,8.51,537,84.83,36.02,4412,62.13,56.39,59.85,1798,26.91,123,False,False,False,False,True,False,False,False,False,False,False,True,False,False,False,False,False,False,False,False,False
2021,0.21,7.73,1.37,8.73,8.01,1.46,17,88.8,9.14,52439,87.06,81.69,97.86,1155,14.79,25,False,False,False,False,False,False,False,False,True,True,False,False,False,False,False,True,False,False,True,False,False
2017,2.86,7.07,4.28,6.09,22.24,8.72,624,54.24,79.21,1848,41.64,55.18,44.91,1479,27.46,266,False,False,False,False,False,False,True,False,False,False,True,False,False,False,True,False,False,False,False,False,False
2018,1.83,6.77,2.12,6.44,13.48,3.9,149,90.27,22.93,12327,73.45,86.22,89.63,710,24.69,77,False,False,False,False,False,True,False,False,False,False,False,False,True,False,True,False,False,False,False,True,False
2014,1.36,6.97,1.63,6.88,9.49,6.76,96,65.26,74.75,2134,45.05,58.3,43.02,1125,28.84,241,False,False,False,False,False,False,True,False,False,False,False,True,False,False,False,False,True,False,False,False,False
2011,1.1,7.84,1.15,7.94,15.71,0.05,4,74.83,37.52,4398,62.5,58.91,81.62,2440,23.79,137,False,False,False,False,True,False,False,False,False,False,False,True,False,False,False,False,True,False,False,True,False
2022,1.12,7.53,1.05,7.56,9.33,2.74,50,92.44,16.06,11478,73.81,84.16,86.43,891,19.22,69,False,False,False,False,False,True,False,False,False,False,False,True,False,False,True,False,False,False,True,False,False
2004,2.79,7.1,3.43,6.31,18.31,8.14,740,55.9,79.75,2189,49.47,58.49,50.77,1062,28.05,252,False,False,False,False,False,False,True,False,False,False,False,False,True,False,True,False,False,False,False,True,False
2024,1.77,7.06,2.07,7.9,5.21,4.36,69,51.18,63.21,1240,46.16,25.3,32.26,756,17.57,155,False,False,True,False,False,False,False,False,False,False,False,False,True,False,False,True,False,False,False,False,False
2017,2.37,6.59,2.31,7.18,17.63,5.81,180,60.31,69.4,2342,42.41,53.65,51.52,1283,29.87,378,False,False,False,False,False,False,True,False,False,True,False,False,False,False,False,False,False,True,True,False,False
2003,0.35,7.68,0.71,8.15,9.37,0.98,3,93.42,7.65,13314,74.78,65.97,85.63,764,17.02,133,False,True,False,False,False,False,False,False,False,True,False,False,False,False,False,False,True,False,True,False,False
2024,2.53,7.12,3.42,7.47,11.61,3.32,438,95.79,2.65,59192,96.57,85.28,98.67,789,8.62,36,False,False,False,False,False,False,False,False,True,False,False,False,False,False,False,False,False,False,False,False,True
2019,1.82,7.09,1.56,7.09,12.54,5.3,160,90.0,15.75,9197,65.45,82.06,88.39,1675,24.68,32,True,False,False,False,False,False,False,False,False,False,False,True,False,False,False,False,False,False,True,False,False
2017,3.53,7.17,5.47,5.46,18.89,9.38,596,67.7,74.07,1615,43.21,24.76,56.46,645,23.77,315,False,False,False,False,False,False,False,True,False,False,False,False,False,False,False,False,False,True,False,False,True
2017,1.52,7.39,1.29,7.91,20.7,3.14,48,79.19,30.86,3143,71.3,44.51,70.48,2497,24.51,1012,False,False,False,False,False,False,False,False,False,False,False,False,True,False,False,True,False,False,True,False,False
2023,0.62,7.14,0.95,8.02,9.36,1.63,23,99.34,6.18,52957,80.44,81.65,90.7,1002,12.47,28,False,False,False,False,False,False,False,False,True,False,False,False,True,False,False,False,True,False,False,False,True
2004,1.23,6.61,0.15,7.93,13.22,3.07,14,76.33,37.81,2500,55.14,41.58,72.61,1079,28.08,507,False,False,False,True,False,False,False,False,False,True,False,False,False,False,False,False,True,False,True,False,False
2003,2.27,7.33,4.57,7.88,19.1,6.22,592,92.79,13.46,53682,79.68,80.8,88.24,1215,13.67,45,False,False,False,False,False,False,False,False,True,False,False,True,False,False,False,False,False,False,False,False,True
2001,1.26,7.52,3.0,7.35,12.81,3.79,144,99.7,10.5,51188,88.71,82.1,91.04,839,17.1,56,False,False,False,False,False,False,False,False,True,True,False,False,False,False,False,False,False,True,False,False,True
2017,0.53,6.83,0.15,9.29,7.44,0.05,3,86.85,14.38,49590,81.28,76.9,92.58,965,11.32,32,False,False,False,False,False,False,False,False,True,False,False,False,True,False,False,False,True,False,True,False,False
2003,0.95,7.07,0.15,8.79,9.58,0.34,3,73.78,38.45,2254,59.57,36.1,75.33,1067,25.09,274,False,False,False,True,False,False,False,False,False,False,False,False,False,False,False,False,True,False,True,False,False
2019,1.66,6.55,0.77,8.25,13.82,4.56,193,54.74,55.57,1304,52.88,21.28,44.65,744,17.9,129,False,False,True,False,False,False,False,False,False,False,False,True,False,False,False,False,True,False,False,False,True
2009,2.95,6.56,5.69,7.04,18.07,10.1,1075,55.55,60.21,1233,37.03,23.03,47.24,910,22.71,103,False,False,True,False,False,False,False,False,False,False,False,False,False,False,False,False,False,False,False,False,True
2015,1.63,7.11,0.96,7.85,11.16,3.51,73,90.2,9.16,12587,72.1,69.85,91.51,878,16.52,148,False,True,False,False,False,False,False,False,False,True,False,False,False,False,False,False,False,False,False,True,False
2013,0.32,6.63,0.51,9.39,7.46,0.35,3,93.18,10.33,51110,88.82,85.01,98.38,871,10.12,34,False,False,False,False,False,False,False,False,True,False,False,False,True,False,False,True,False,False,True,False,False
2009,2.76,6.87,4.25,7.32,22.83,4.44,956,58.76,79.47,1923,39.36,55.12,48.91,1300,24.93,313,False,False,False,False,False,False,True,False,False,True,False,False,False,True,False,False,False,False,True,False,False
2006,3.91,7.14,6.77,6.4,24.87,10.45,1834,88.88,17.67,11812,80.8,65.5,83.18,1197,17.95,100,False,True,False,False,False,False,False,False,False,False,False,False,False,True,False,False,False,False,False,False,True
2004,2.11,7.14,0.9,7.92,16.9,5.68,105,96.55,19.57,8467,70.61,82.47,80.03,1752,26.47,33,True,False,False,False,False,False,False,False,False,False,False,True,False,False,False,True,False,False,False,False,False
2006,2.77,6.72,2.42,7.96,20.55,1.46,251,90.21,30.48,4986,69.06,66.75,82.44,2182,26.23,234,False,False,False,False,True,False,False,False,False,False,False,False,True,False,False,False,False,False,True,False,False
2001,2.0,6.65,2.03,8.13,16.7,3.93,258,88.46,18.86,11685,73.59,68.39,80.64,864,12.6,264,False,True,False,False,False,False,False,False,False,True,False,False,False,False,False,False,False,False,False,False,False
2021,2.33,6.9,3.38,7.0,18.98,5.25,425,77.48,46.24,2175,51.86,42.74,61.94,1097,24.93,276,False,False,False,True,False,False,False,False,False,False,True,False,False,False,False,True,False,False,False,False,True
2019,0.79,6.78,0.37,9.77,10.23,3.17,3,99.7,12.48,58243,85.13,87.11,85.57,1007,15.19,47,False,False,False,False,False,False,False,False,True,False,False,True,False,False,False,False,True,False,False,True,False
2015,2.33,6.49,2.18,7.43,18.89,5.84,234,65.42,78.67,2115,43.07,61.39,53.17,1074,24.97,223,False,False,False,False,False,False,True,False,False,False,False,False,False,False,False,True,False,False,False,False,True
2009,0.87,7.79,0.15,9.5,7.54,0.62,7,99.7,3.53,13827,85.03,62.76,90.53,1038,12.7,153,False,True,False,False,False,False,False,False,False,True,False,False,False,False,False,False,False,True,False,False,False
2006,1.74,7.21,3.18,7.7,14.26,6.66,359,87.89,15.54,9324,75.22,76.47,75.62,811,17.87,101,False,False,False,False,False,True,False,False,False,False,False,True,False,False,True,False,False,False,True,False,False
2007,1.45,7.51,1.23,8.02,8.44,3.92,194,94.92,10.36,11206,79.2,85.52,92.38,873,21.1,82,False,False,False,False,False,True,False,False,False,False,False,False,False,False,False,False,False,False,True,False,False
2004,0.4,6.92,0.55,9.49,6.88,1.82,4,96.67,9.27,55475,84.04,77.07,97.63,844,11.53,40,False,False,False,False,False,False,False,False,True,False,False,False,True,False,False,False,True,False,False,False,True
2017,0.99,7.53,0.63,8.71,10.3,0.51,28,90.61,8.82,13275,78.4,68.77,86.75,858,17.24,163,False,True,False,False,False,False,False,False,False,False,True,False,False,False,False,True,False,False,False,True,False
2005,1.35,6.76,1.54,8.25,13.85,3.08,179,94.24,8.44,46296,85.45,76.78,99.5,874,12.21,46,False,False,False,False,False,False,False,False,True,False,False,True,False,False,True,False,False,False,True,False,False
2019,2.36,6.99,5.01,6.07,17.17,6.61,333,57.62,75.81,2261,40.78,51.71,55.11,961,29.58,356,False,False,False,False,False,False,True,False,False,False,False,False,True,False,True,False,False,False,False,True,False
2004,4.05,7.23,6.37,6.02,24.82,8.19,1281,84.88,30.7,4800,60.14,59.93,86.53,2475,27.31,177,False,False,False,False,True,False,False,False,False,True,False,False,False,False,True,False,False,False,False,False,True
2014,1.46,7.24,1.34,7.31,12.86,2.37,192,90.06,23.39,8632,73.02,86.28,81.84,1330,26.66,22,True,False,False,False,False,False,False,False,False,True,False,False,False,False,False,False,False,True,False,True,False
2002,1.89,7.6,1.05,7.63,14.24,1.63,121,86.01,28.91,4699,68.04,59.51,70.12,1990,27.43,167,False,False,False,False,True,False,False,False,False,True,False,False,False,False,False,False,False,True,True,False,False
2022,3.66,7.23,9.79,5.86,28.68,8.17,867,72.43,40.0,3104,56.9,42.12,75.22,2214,24.06,1370,False,False,False,False,False,False,False,False,False,False,False,False,True,True,False,False,False,False,False,False,True
2021,0.52,7.26,0.16,9.18,10.62,1.45,3,93.4,9.79,53197,89.98,76.03,93.24,933,8.27,31,False,False,False,False,False,False,False,False,True,False,False,False,True,False,False,True,False,False,True,False,False
2023,1.59,7.16,3.16,7.36,12.73,7.58,221,56.58,79.12,2227,41.22,61.08,52.55,1220,24.66,202,False,False,False,False,False,False,True,False,False,False,False,False,True,False,False,False,False,False,False,False,False
2006,0.56,7.79,0.63,7.9,14.76,1.97,4,95.21,7.77,14493,87.32,66.79,93.92,925,15.17,130,False,True,False,False,False,False,False,False,False,True,False,False,False,False,False,False,True,False,False,True,False
2004,1.19,7.47,2.52,7.98,16.53,4.09,173,70.05,63.37,1587,48.79,33.71,60.77,506,25.49,218,False,False,False,False,False,False,False,True,False,True,False,False,False,False,False,False,False,True,False,False,False
2018,1.23,7.06,1.23,7.59,15.19,5.55,14,81.28,32.51,2709,63.54,32.13,72.94,984,28.45,569,False,False,False,True,False,False,False,False,False,False,False,False,False,False,False,False,True,False,True,False,False
2010,2.92,6.69,6.49,4.53,18.61,8.5,1676,93.13,17.09,10710,80.58,84.35,95.08,787,22.78,37,False,False,False,False,False,True,False,False,False,False,False,False,False,True,False,False,False,False,False,False,True
2019,2.03,7.02,3.25,6.56,19.51,2.49,263,74.9,34.05,5361,67.0,60.74,80.77,1952,22.94,179,False,False,False,False,True,False,False,False,False,False,False,False,True,False,True,False,False,False,False,True,False
2012,2.18,7.08,2.28,7.1,18.24,3.44,201,62.35,75.25,1651,56.41,38.78,67.94,716,25.98,314,False,False,False,False,False,False,False,True,False,True,False,False,False,False,True,False,False,False,False,True,False
2010,3.19,6.92,2.84,7.17,23.7,5.57,638,93.85,17.73,12351,76.63,75.02,82.1,837,19.11,200,False,True,False,False,False,False,False,False,False,False,False,True,False,False,False,False,False,False,False,False,True
2014,2.79,6.71,4.22,7.3,15.91,7.33,435,71.69,66.66,1704,46.27,41.13,66.67,634,24.24,272,False,False,False,False,False,False,False,True,False,False,False,False,True,True,False,False,False,False,False,False,False
2004,1.52,7.34,2.1,9.32,11.67,4.75,71,83.12,14.45,39862,81.13,78.86,94.9,991,11.79,50,False,False,False,False,False,False,False,False,True,True,False,False,False,False,False,False,False,True,False,False,False
2009,2.63,6.21,4.18,5.99,17.0,4.19,622,95.3,20.51,10128,63.78,78.77,91.04,866,21.54,53,False,False,False,False,False,True,False,False,False,False,True,False,False,True,False,False,False,False,False,False,False
2004,2.99,6.76,3.54,5.72,18.36,7.97,325,59.56,80.09,2363,43.28,56.82,48.75,1427,30.33,125,False,False,False,False,False,False,True,False,False,False,False,False,False,True,False,False,False,False,True,False,False
2018,1.73,7.32,0.65,7.41,23.98,5.81,90,78.82,30.99,4714,52.79,55.58,74.99,3008,25.78,149,False,False,False,False,True,False,False,False,False,False,False,True,False,False,False,False,False,True,False,True,False
2018,1.83,7.34,1.86,7.31,13.7,3.77,344,63.89,73.24,1619,55.6,40.5,64.73,603,22.65,277,False,False,False,False,False,False,False,True,False,False,True,False,False,False,False,False,True,False,False,False,True
2014,1.71,7.56,2.88,6.75,22.55,7.7,587,85.82,28.62,4668,58.81,62.29,71.24,2430,28.34,147,False,False,False,False,True,False,False,False,False,True,False,False,False,False,False,True,False,False,False,False,True
2011,2.55,7.58,4.41,6.3,21.76,7.84,633,76.13,37.47,4560,69.05,57.23,77.08,2239,26.89,238,False,False,False,False,True,False,False,False,False,False,False,False,True,False,False,False,False,True,False,False,True
2002,0.08,6.62,0.15,8.5,5.85,2.32,3,85.75,9.33,48649,80.82,80.48,94.45,732,16.68,29,False,False,False,False,False,False,False,False,True,False,True,False,False,False,False,False,True,False,False,False,False
2013,2.57,6.67,2.24,6.22,15.7,8.58,337,54.25,62.21,1069,37.9,15.0,39.03,1135,16.6,114,False,False,True,False,False,False,False,False,False,False,False,False,False,False,True,False,False,False,True,False,False
2012,1.27,6.36,1.11,7.46,13.08,4.57,75,93.21,22.83,8421,71.81,83.45,78.04,1243,22.2,35,True,False,False,False,False,False,False,False,False,False,True,False,False,False,False,False,True,False,False,False,True
2004,1.55,7.11,1.16,7.46,13.29,4.43,100,90.73,19.17,8678,70.19,90.04,83.53,1852,22.29,30,True,False,False,False,False,False,False,False,False,False,False,False,True,False,False,False,False,True,False,False,False
2008,1.96,7.13,3.71,6.7,12.38,4.64,220,63.25,67.9,1665,57.68,39.87,69.04,513,26.24,388,False,False,False,False,False,False,False,True,False,False,False,False,True,False,False,True,False,False,False,False,True
2004,2.13,7.12,2.06,7.9,17.7,5.43,209,72.74,40.1,2403,57.64,36.6,77.28,1409,28.82,312,False,False,False,True,False,False,False,False,False,True,False,False,False,False,False,False,False,True,True,False,False
2002,3.86,6.15,8.22,6.41,22.18,8.2,990,61.06,85.03,2251,42.25,57.2,44.45,1124,24.91,180,False,False,False,False,False,False,True,False,False,False,False,False,True,False,False,False,False,False,False,False,True
2012,1.66,7.25,1.73,7.28,12.15,4.16,57,59.92,61.67,1438,47.14,21.59,45.72,669,21.27,126,False,False,True,False,False,False,False,False,False,True,False,False,False,False,False,True,False,False,False,False,False
2008,2.3,7.5,1.21,8.01,16.25,5.6,155,56.78,66.67,1197,34.95,24.22,36.05,892,20.17,116,False,False,True,False,False,False,False,False,False,True,False,False,False,False,False,False,False,False,True,False,False
2013,2.66,7.37,2.41,7.55,18.01,3.08,204,88.47,16.32,11517,72.25,64.99,86.53,1046,12.17,125,False,True,False,False,False,False,False,False,False,True,False,False,False,False,False,False,False,True,False,False,True
2003,1.41,7.41,0.2,8.28,10.97,0.05,65,97.8,9.16,51648,84.5,85.94,98.17,1134,13.94,33,False,False,False,False,False,False,False,False,True,False,False,False,False,False,False,False,False,False,False,False,False
2019,2.73,7.03,2.59,7.2,22.23,5.19,362,61.11,62.69,1024,36.44,21.87,39.61,859,21.54,106,False,False,True,False,False,False,False,False,False,False,False,False,True,False,False,False,False,True,False,False,False
2022,3.56,7.07,6.0,6.02,30.12,8.98,1143,74.8,26.55,4594,55.63,59.84,80.46,3140,23.92,146,False,False,False,False,True,False,False,False,False,False,False,True,False,False,True,False,False,False,False,False,False
2021,2.03,7.22,1.71,7.03,14.57,5.21,223,86.17,37.74,3590,56.26,43.84,83.76,988,25.43,417,False,False,False,True,False,False,False,False,False,False,False,False,False,False,False,False,False,False,False,False,False
2006,3.39,7.01,5.77,5.73,19.75,7.32,911,46.69,63.55,1133,43.45,23.88,39.74,934,19.79,200,False,False,True,False,False,False,False,False,False,False,False,False,True,False,False,True,False,False,False,False,True
2021,2.35,6.69,2.75,6.59,17.31,7.31,311,77.1,41.29,2636,58.25,39.31,72.36,896,26.23,324,False,False,False,True,False,False,False,False,False,False,False,True,False,False,True,False,False,False,False,True,False
2004,1.2,6.83,0.93,7.59,8.19,5.33,25,66.2,65.03,1717,50.65,41.67,65.85,446,24.89,317,False,False,False,False,False,False,False,True,False,False,False,False,True,False,False,True,False,False,True,False,False
2020,0.73,7.11,0.21,9.49,5.94,0.79,3,98.47,4.74,56981,77.34,81.29,93.79,924,12.66,30,False,False,False,False,False,False,False,False,True,False,True,False,False,False,False,False,True,False,True,False,False
2006,1.51,6.76,1.08,7.13,14.95,6.88,130,53.38,59.98,1206,44.14,26.21,42.21,855,19.38,133,False,False,True,False,False,False,False,False,False,True,False,False,False,False,False,False,False,True,False,False,False
