mean_fit_time,std_fit_time,mean_score_time,std_score_time,param_max_depth,param_max_features,param_min_samples_leaf,param_min_samples_split,param_n_estimators,params,split0_test_score,split1_test_score,split2_test_score,split3_test_score,split4_test_score,mean_test_score,std_test_score,rank_test_score,split0_train_score,split1_train_score,split2_train_score,split3_train_score,split4_train_score,mean_train_score,std_train_score
1.1550718307495118,0.05642671014318869,0.23795933723449708,0.07723329349755292,,sqrt,1,2,100,"{'max_depth': None, 'max_features': 'sqrt', 'min_samples_leaf': 1, 'min_samples_split': 2, 'n_estimators': 100}",0.8445769811257446,0.8732410812215705,0.8640134959729348,0.8794481910643878,0.890846629434017,0.870425275763731,0.015592425740749562,200,1.0,1.0,1.0,1.0,1.0,1.0,0.0
1.6590363025665282,0.22598759950511008,0.4544087886810303,0.1479254749084682,,sqrt,1,2,200,"{'max_depth': None, 'max_features': 'sqrt', 'min_samples_leaf': 1, 'min_samples_split': 2, 'n_estimators': 200}",0.8506001053516944,0.8673078801375216,0.8704234124088791,0.8879407051282051,0.8906670843950937,0.8733878374842788,0.01466555667936958,93,1.0,1.0,1.0,1.0,1.0,1.0,0.0
2.559221887588501,0.36163769879584784,0.5820318698883057,0.14905829670857193,,sqrt,1,2,300,"{'max_depth': None, 'max_features': 'sqrt', 'min_samples_leaf': 1, 'min_samples_split': 2, 'n_estimators': 300}",0.8546683443689133,0.8673078801375216,0.8682324443664539,0.8816082202111615,0.8889095512291683,0.8721452880626437,0.011956103265383872,150,1.0,1.0,1.0,1.0,1.0,1.0,0.0
1.1082681655883788,0.2562381185144322,0.24995479583740235,0.09247728460029372,,sqrt,1,5,100,"{'max_depth': None, 'max_features': 'sqrt', 'min_samples_leaf': 1, 'min_samples_split': 5, 'n_estimators': 100}",0.8443596028154852,0.8815321371892082,0.8660020838294832,0.8902222027266693,0.8867159491841491,0.873766395148999,0.016875042327593875,84,0.9958299885205525,0.9963533532502395,0.9989583333333333,0.9963524595292477,0.9973958051693489,0.9969779879605444,0.0011131663010888737
1.859501838684082,0.32214240487477386,0.3841094970703125,0.051028859294897824,,sqrt,1,5,200,"{'max_depth': None, 'max_features': 'sqrt', 'min_samples_leaf': 1, 'min_samples_split': 5, 'n_estimators': 200}",0.8525776841609077,0.8753833157545217,0.869935334829248,0.8836222578990671,0.8910155166021743,0.8745068218491838,0.0131010075316201,58,0.995831665172391,0.996875,0.9989579168442452,0.997915829902856,0.9963537331301995,0.9971868290099384,0.0011221363127158432
3.6240691184997558,0.20400480257842232,0.6215004444122314,0.14428040683392565,,sqrt,1,5,300,"{'max_depth': None, 'max_features': 'sqrt', 'min_samples_leaf': 1, 'min_samples_split': 5, 'n_estimators': 300}",0.8504098592425581,0.8753833157545217,0.8660020838294832,0.885634141836892,0.8888907698823765,0.8732640341091663,0.013976802363285414,101,0.9963533409968838,0.9968741817626103,0.9979158374613893,0.997915829902856,0.9968741518571788,0.9971866683961836,0.0006249980905895785
1.489374589920044,0.2150525502799465,0.35448288917541504,0.12310432138302502,,sqrt,1,10,100,"{'max_depth': None, 'max_features': 'sqrt', 'min_samples_leaf': 1, 'min_samples_split': 10, 'n_estimators': 100}",0.8627521008508477,0.869265026491369,0.8739549305500226,0.8813052862676389,0.8909147627360097,0.8756384213791776,0.009746707376762495,19,0.9802004200406571,0.9791723758211422,0.9786333595343761,0.9791499486571529,0.9807303180305901,0.9795772844167837,0.0007688101880463352
2.3231385231018065,0.10023854193538705,0.6279746055603027,0.17588409866458152,,sqrt,1,10,200,"{'max_depth': None, 'max_features': 'sqrt', 'min_samples_leaf': 1, 'min_samples_split': 10, 'n_estimators': 200}",0.8545535994837561,0.8668867371751677,0.8736639950579249,0.881619996241308,0.8889744667015312,0.8731397589319375,0.011895148781005827,105,0.9781145204229265,0.980199969740223,0.9760224772411153,0.9802057574942722,0.9807249672445442,0.9790535384286162,0.001760947162841165
2.97375864982605,0.18674437374341696,0.5141368389129639,0.20191553311377036,,sqrt,1,10,300,"{'max_depth': None, 'max_features': 'sqrt', 'min_samples_leaf': 1, 'min_samples_split': 10, 'n_estimators': 300}",0.8585361838486514,0.8710509367431345,0.869727415168929,0.8772537212227224,0.8889876246690207,0.8731111763304916,0.009973435943862501,106,0.9796737078435973,0.9822916666666667,0.9781340337951736,0.9807328790574281,0.9812565538935613,0.9804177682512855,0.0014201000247395026
0.9426659107208252,0.19172564705975412,0.18990473747253417,0.0337902203210464,,sqrt,2,2,100,"{'max_depth': None, 'max_features': 'sqrt', 'min_samples_leaf': 2, 'min_samples_split': 2, 'n_estimators': 100}",0.8521652385029308,0.8710599754849899,0.8699478402337919,0.8796825782032012,0.8949709784069202,0.8735653221663668,0.013949548084704258,91,0.9911441771803022,0.9916629428798546,0.9901021000854768,0.9911407888295363,0.993751625177867,0.9915603268306075,0.001207305794425885
2.094574737548828,0.11221436064025812,0.24460878372192382,0.07887296531804705,,sqrt,2,2,200,"{'max_depth': None, 'max_features': 'sqrt', 'min_samples_leaf': 2, 'min_samples_split': 2, 'n_estimators': 200}",0.8584215376074066,0.8690773232234172,0.8679200239156207,0.8798567827855225,0.8846459045496358,0.8719843144163205,0.00928665270984396,156,0.9911404187478465,0.9932241670932969,0.9916666666666667,0.9921812482874927,0.9942720734451951,0.9924969148480995,0.0011233096601780208
2.903885316848755,0.35883388109615927,0.5021177291870117,0.17036537504635554,,sqrt,2,2,300,"{'max_depth': None, 'max_features': 'sqrt', 'min_samples_leaf': 2, 'min_samples_split': 2, 'n_estimators': 300}",0.8605954338564867,0.8732410812215705,0.8763025408519667,0.8838336722937019,0.8908434637955345,0.8769632384038522,0.010218214323492465,3,0.9916670871338774,0.9932262735221795,0.993232870869942,0.9937449827104605,0.9947937250480197,0.9933329878568958,0.0010099633142010725
1.1925629138946534,0.20009041300610164,0.2660682201385498,0.16338199919576693,,sqrt,2,5,100,"{'max_depth': None, 'max_features': 'sqrt', 'min_samples_leaf': 2, 'min_samples_split': 5, 'n_estimators': 100}",0.8565302139145358,0.8692795996700995,0.8827379486788662,0.8794925558149042,0.8868638068166347,0.874980824979008,0.010905622029569961,38,0.9869762517696976,0.989059972278194,0.9869766832393642,0.98697165793012,0.9885449461765656,0.9877059022787883,0.0009100291492160231
1.802556324005127,0.23740253025301883,0.7222813129425049,0.11966843847233637,,sqrt,2,5,200,"{'max_depth': None, 'max_features': 'sqrt', 'min_samples_leaf': 2, 'min_samples_split': 5, 'n_estimators': 200}",0.8482421717802479,0.8690596343714294,0.8805188151682918,0.8857876932511696,0.8910155166021743,0.8749247662346626,0.01519585096543954,41,0.9890558157975915,0.990097910694932,0.988013287310594,0.9885324714469867,0.9885457625297527,0.9888490495559713,0.0007061316694836562
3.1239152908325196,0.37800690204436016,0.378358793258667,0.03435833906260149,,sqrt,2,5,300,"{'max_depth': None, 'max_features': 'sqrt', 'min_samples_leaf': 2, 'min_samples_split': 5, 'n_estimators': 300}",0.8542892300182405,0.8692565345912564,0.8828871963722688,0.8837725546058881,0.8910155166021743,0.8762442064379655,0.013037219740419699,10,0.9885416389084206,0.990097910694932,0.9869775140420991,0.9895699254064674,0.9911507352941177,0.9892675448692072,0.0014211634827373542
1.2761219024658204,0.08992424087591247,0.2501834869384766,0.05161865715077677,,sqrt,2,10,100,"{'max_depth': None, 'max_features': 'sqrt', 'min_samples_leaf': 2, 'min_samples_split': 10, 'n_estimators': 100}",0.8382548815218427,0.8732180293501048,0.8723665845062059,0.8753485509383006,0.8990984930183058,0.871657307866952,0.019418058237434956,165,0.9692890157632019,0.9667210083462673,0.9698155392745804,0.9692528999838783,0.9719227904696026,0.9694002507675062,0.0016581976072920317
1.8221451759338378,0.18372289490092003,0.3424540519714355,0.08973346216527245,,sqrt,2,10,200,"{'max_depth': None, 'max_features': 'sqrt', 'min_samples_leaf': 2, 'min_samples_split': 10, 'n_estimators': 200}",0.8485469176730457,0.8753833157545217,0.8846812216369068,0.8776453371834564,0.8907602071395175,0.8754033998774895,0.014478997399931269,24,0.970331116913493,0.9698015373522144,0.9703200213976828,0.9718861554209873,0.971882222018362,0.9708442106205479,0.0008704393910249327
2.8250869274139405,0.2957814004748992,0.3839712142944336,0.10738699390821572,,sqrt,2,10,300,"{'max_depth': None, 'max_features': 'sqrt', 'min_samples_leaf': 2, 'min_samples_split': 10, 'n_estimators': 300}",0.8484102016057631,0.8775582285877991,0.8827069652908067,0.8713081671415005,0.8866853710277416,0.8733337867307223,0.013485217230469727,96,0.9672330074952821,0.9718724998652463,0.9687991330642213,0.9718856997901104,0.9724084192724936,0.9704397518974707,0.002049098489475526
1.1048039436340331,0.10792082636915912,0.3084886074066162,0.11967752483382986,,sqrt,4,2,100,"{'max_depth': None, 'max_features': 'sqrt', 'min_samples_leaf': 4, 'min_samples_split': 2, 'n_estimators': 100}",0.8527910956418575,0.8651115099827057,0.8787714077608574,0.8873548430946093,0.8929311256384028,0.8753919964236866,0.014687683906467979,25,0.9610045881039535,0.9640944105029845,0.9635816142167009,0.9625149236786593,0.9626003197131613,0.9627591712430918,0.00106044603817814
1.7155562877655028,0.11175573465612072,0.31621246337890624,0.07309591373082322,,sqrt,4,2,200,"{'max_depth': None, 'max_features': 'sqrt', 'min_samples_leaf': 4, 'min_samples_split': 2, 'n_estimators': 200}",0.8506392413444906,0.8691068249184805,0.8805188151682918,0.8817551323274795,0.8887885150940192,0.8741617057705522,0.013348218389427948,63,0.9620012957657533,0.9666653699149669,0.9640987817575677,0.9641124965087019,0.9661905448656597,0.9646136977625298,0.0016755172806928267
2.8260758399963377,0.06478725749156139,0.5081060886383056,0.20414527285292342,,sqrt,4,2,300,"{'max_depth': None, 'max_features': 'sqrt', 'min_samples_leaf': 4, 'min_samples_split': 2, 'n_estimators': 300}",0.8525981021018724,0.8712662258588646,0.8806997081936994,0.8795248895656658,0.8887885150940192,0.8745754881628243,0.012312347419143322,52,0.962016092871257,0.9666666666666667,0.9646390174727841,0.9661656922875501,0.9661883951291211,0.9651351728854758,0.0017024424138883303
1.111512804031372,0.23219680714123306,0.30750012397766113,0.09088216191662328,,sqrt,4,5,100,"{'max_depth': None, 'max_features': 'sqrt', 'min_samples_leaf': 4, 'min_samples_split': 5, 'n_estimators': 100}",0.8527910956418575,0.8651115099827057,0.8787714077608574,0.8873548430946093,0.8929311256384028,0.8753919964236866,0.014687683906467979,25,0.9610045881039535,0.9640944105029845,0.9635816142167009,0.9625149236786593,0.9626003197131613,0.9627591712430918,0.00106044603817814
1.7415258884429932,0.17198722584579576,0.29569320678710936,0.06826546346488055,,sqrt,4,5,200,"{'max_depth': None, 'max_features': 'sqrt', 'min_samples_leaf': 4, 'min_samples_split': 5, 'n_estimators': 200}",0.8506392413444906,0.8691068249184805,0.8805188151682918,0.8817551323274795,0.8887885150940192,0.8741617057705522,0.013348218389427948,63,0.9620012957657533,0.9666653699149669,0.9640987817575677,0.9641124965087019,0.9661905448656597,0.9646136977625298,0.0016755172806928267
2.730016899108887,0.1495758156141816,0.48258581161499026,0.15016017560366096,,sqrt,4,5,300,"{'max_depth': None, 'max_features': 'sqrt', 'min_samples_leaf': 4, 'min_samples_split': 5, 'n_estimators': 300}",0.8525981021018724,0.8712662258588646,0.8806997081936994,0.8795248895656658,0.8887885150940192,0.8745754881628243,0.012312347419143322,52,0.962016092871257,0.9666666666666667,0.9646390174727841,0.9661656922875501,0.9661883951291211,0.9651351728854758,0.0017024424138883303
1.1825871467590332,0.2004170356367638,0.20495448112487794,0.026378513016903152,,sqrt,4,10,100,"{'max_depth': None, 'max_features': 'sqrt', 'min_samples_leaf': 4, 'min_samples_split': 10, 'n_estimators': 100}",0.8503460131336562,0.8732133760457689,0.8721636140380192,0.8877566343921394,0.8825742782639333,0.8732107831747034,0.012830830891875937,103,0.957917877754475,0.9610045881039535,0.9568414918965797,0.9584146884576625,0.9564416957382236,0.9581240683901788,0.001606222190439455
1.6910036087036133,0.05936586239454336,0.27837696075439455,0.1351143021428885,,sqrt,4,10,200,"{'max_depth': None, 'max_features': 'sqrt', 'min_samples_leaf': 4, 'min_samples_split': 10, 'n_estimators': 200}",0.8505854394390013,0.8734238116631343,0.8761079840647329,0.8855896357163132,0.8908871224698589,0.8753187986706081,0.013883916218144285,29,0.9578872085316507,0.9609435889484403,0.9599496051183498,0.9583973718581735,0.9589849877891384,0.9592325524491505,0.001096410102935325
2.904839038848877,0.19306964670502377,0.3368077754974365,0.07437893016253172,,sqrt,4,10,300,"{'max_depth': None, 'max_features': 'sqrt', 'min_samples_leaf': 4, 'min_samples_split': 10, 'n_estimators': 300}",0.8545330664838542,0.8734238116631343,0.8785441578682275,0.8730282745456265,0.8908434637955345,0.8740745548712754,0.011700953765389885,73,0.959966795758744,0.9578557192620163,0.9594380407780913,0.9594670675878842,0.9610578231033837,0.959557089298024,0.0010331503081666981
1.2033883571624755,0.054806116499820846,0.2144080638885498,0.09860375943244858,,log2,1,2,100,"{'max_depth': None, 'max_features': 'log2', 'min_samples_leaf': 1, 'min_samples_split': 2, 'n_estimators': 100}",0.8422713668844651,0.8734238116631343,0.8684038461538461,0.8897419783076221,0.8887885150940192,0.8725259036206173,0.017285834369764826,133,1.0,1.0,1.0,1.0,1.0,1.0,0.0
1.6483214378356934,0.19030335810131063,0.27324066162109373,0.04342872301351491,,log2,1,2,200,"{'max_depth': None, 'max_features': 'log2', 'min_samples_leaf': 1, 'min_samples_split': 2, 'n_estimators': 200}",0.8502050272794957,0.867284143665403,0.8787712480082823,0.8772747442938459,0.8844203119908765,0.8715910950475807,0.012036286781739281,169,1.0,1.0,1.0,1.0,1.0,1.0,0.0
2.9520729541778565,0.11165892963296724,0.352994966506958,0.0954658888231312,,log2,1,2,300,"{'max_depth': None, 'max_features': 'log2', 'min_samples_leaf': 1, 'min_samples_split': 2, 'n_estimators': 300}",0.8524314130267017,0.8631311146051712,0.874590982022076,0.8817551323274795,0.8886857793756311,0.8721188842714118,0.012975415868986973,151,1.0,1.0,1.0,1.0,1.0,1.0,0.0
1.228895616531372,0.07671220283763087,0.20773816108703613,0.0676309120968539,,log2,1,5,100,"{'max_depth': None, 'max_features': 'log2', 'min_samples_leaf': 1, 'min_samples_split': 5, 'n_estimators': 100}",0.8505288534032509,0.8670833820102934,0.8728032940720702,0.8795919082059221,0.8826216444770227,0.8705258164337119,0.011361503999646047,195,0.9958329179059462,0.994790843382323,0.9968758240546322,0.9953087631185712,0.9947895670494263,0.9955195831021797,0.0007805124345484285
1.8656403064727782,0.09742934645523064,0.3748929977416992,0.09154625764334018,,log2,1,5,200,"{'max_depth': None, 'max_features': 'log2', 'min_samples_leaf': 1, 'min_samples_split': 5, 'n_estimators': 200}",0.8464691649193153,0.8648928456332581,0.8747844715320101,0.8730874517980376,0.8908198453078467,0.8700107558380935,0.014461480781499067,206,0.9958333333333333,0.996875,0.9979158358930796,0.9963516630133358,0.9968737553498969,0.9967699175179291,0.0006909530101737867
2.752987813949585,0.15189579482692644,0.4481049060821533,0.04481339876178651,,log2,1,5,300,"{'max_depth': None, 'max_features': 'log2', 'min_samples_leaf': 1, 'min_samples_split': 5, 'n_estimators': 300}",0.8547517969947701,0.8629230027843221,0.872590354090354,0.8774337391839327,0.8888003458899403,0.8712998477886638,0.011743653445674292,176,0.9968737505327354,0.9968737549419144,0.9984366653649379,0.9968737373051982,0.99739541402857,0.9972906644346711,0.0006075770844366548
1.051088285446167,0.12117846313468933,0.20454792976379393,0.06639901079479806,,log2,1,10,100,"{'max_depth': None, 'max_features': 'log2', 'min_samples_leaf': 1, 'min_samples_split': 10, 'n_estimators': 100}",0.8589603180220318,0.8692460501304928,0.8827902421652422,0.8875675270969287,0.882641309156999,0.8762410893143388,0.010580151601771302,12,0.9812565770341674,0.9807472070223437,0.9775995719662826,0.9786594617469028,0.9817961545897677,0.9800117944718927,0.0016075992966294477
1.774755859375,0.07238678409488401,0.2608612060546875,0.05191468695783609,,log2,1,10,200,"{'max_depth': None, 'max_features': 'log2', 'min_samples_leaf': 1, 'min_samples_split': 10, 'n_estimators': 200}",0.8527910956418575,0.869252539881615,0.8827519647535127,0.8835703196065959,0.8784778211101968,0.8733687481987555,0.011476954245614707,95,0.9786448664285646,0.9807324651416115,0.976576497473553,0.9796985871091726,0.9807602738224153,0.9792825379950635,0.0015613051656780364
2.794963026046753,0.33298940613465294,0.36340789794921874,0.0792018033170218,,log2,1,10,300,"{'max_depth': None, 'max_features': 'log2', 'min_samples_leaf': 1, 'min_samples_split': 10, 'n_estimators': 300}",0.8608276292476603,0.875567784765898,0.8805719818535109,0.8837135843692648,0.8825257635602461,0.8766413487593161,0.008382350446438012,6,0.9791697754000998,0.9807369069650149,0.9776176884540148,0.9807471910406823,0.9807602738224153,0.9798063671364454,0.001253519474965243
1.1953439712524414,0.1515064676418276,0.20943164825439453,0.08753943096021372,,log2,2,2,100,"{'max_depth': None, 'max_features': 'log2', 'min_samples_leaf': 2, 'min_samples_split': 2, 'n_estimators': 100}",0.8587859620917244,0.8692453518661317,0.8771338707092438,0.8793894687545495,0.8905880131118576,0.8750285333067014,0.010609560995762785,34,0.9916699706539397,0.993232870869942,0.9911437293273768,0.9921850080331427,0.9906249800968332,0.9917713117962469,0.0008972742779953378
1.692054271697998,0.11440855540491103,0.3849462985992432,0.11528194245977229,,log2,2,2,200,"{'max_depth': None, 'max_features': 'log2', 'min_samples_leaf': 2, 'min_samples_split': 2, 'n_estimators': 200}",0.8488002186107902,0.867284143665403,0.8725922663688759,0.8834442536630036,0.8888907698823765,0.8722023304380897,0.013977727268902219,148,0.9911441771803022,0.9932299948954665,0.9921828960460978,0.993746683465018,0.9927116077169956,0.9926030718607761,0.0008963906992849803
2.8490965366363525,0.1338657848941155,0.42612648010253906,0.081875735249208,,log2,2,2,300,"{'max_depth': None, 'max_features': 'log2', 'min_samples_leaf': 2, 'min_samples_split': 2, 'n_estimators': 300}",0.8465368565056447,0.8694444856507829,0.8704106361595823,0.8772537212227224,0.8909092912106747,0.8709109981498815,0.01439903929606963,187,0.9916633498455573,0.993228352700839,0.9947895842212254,0.993746683465018,0.994272063952791,0.9935400068370862,0.0010732228335843391
1.1164707660675048,0.050967321761135546,0.23763017654418944,0.07112043391880592,,log2,2,5,100,"{'max_depth': None, 'max_features': 'log2', 'min_samples_leaf': 2, 'min_samples_split': 5, 'n_estimators': 100}",0.8525324609729652,0.8795049892549205,0.8807489415247436,0.8751056126909852,0.8807633792251086,0.8737310767337446,0.010801040964906035,85,0.9885462126899286,0.9885354085926459,0.9869769808596539,0.9885324714469867,0.9869865938799762,0.9879155334938382,0.0007624203142459528
1.8082785129547119,0.12133780847495673,0.24287815093994142,0.09213751161608627,,log2,2,5,200,"{'max_depth': None, 'max_features': 'log2', 'min_samples_leaf': 2, 'min_samples_split': 5, 'n_estimators': 200}",0.8466346883406525,0.8692565345912564,0.8724009376662413,0.87928579780245,0.8826144635429409,0.8700384843887082,0.012630109718390535,205,0.9880187603341894,0.9911383673037678,0.9880278604377016,0.9911354011734723,0.9895837168641971,0.9895808212226657,0.001392436599769609
2.714020299911499,0.1157822277365673,0.34287800788879397,0.05507625156183739,,log2,2,5,300,"{'max_depth': None, 'max_features': 'log2', 'min_samples_leaf': 2, 'min_samples_split': 5, 'n_estimators': 300}",0.8487424673730989,0.8773753375246608,0.8743769647535127,0.875047137882141,0.8867654300220209,0.8724614675110869,0.012662505680345174,135,0.9874941269860055,0.9911379302121054,0.9875,0.9895783432707302,0.9906287050864352,0.9892678211110553,0.0015308115224190243
1.0809857368469238,0.1824983799478233,0.28527421951293946,0.27667757880317645,,log2,2,10,100,"{'max_depth': None, 'max_features': 'log2', 'min_samples_leaf': 2, 'min_samples_split': 10, 'n_estimators': 100}",0.8588471708090957,0.8666666666666667,0.880742650714105,0.8772747442938459,0.8848208882929107,0.8736704241553248,0.009551144657785069,86,0.9708449028174461,0.9708756237063222,0.9703302625078549,0.9698398911429036,0.9719394333403298,0.9707660227029713,0.0006989611706615131
1.755198860168457,0.17689328610006183,0.4155280113220215,0.11107224125409507,,log2,2,10,200,"{'max_depth': None, 'max_features': 'log2', 'min_samples_leaf': 2, 'min_samples_split': 10, 'n_estimators': 200}",0.8547763433196145,0.8773677008106768,0.8743772029054535,0.8712419518723109,0.8868638068166347,0.8729254011449381,0.010472279682488341,110,0.9698041104468333,0.9718707933206715,0.9713824859401125,0.9729477793570747,0.9714005327094067,0.9714811403548197,0.0010130665323712458
2.5739426612854004,0.10629505340230062,0.3389423847198486,0.07160502506038442,,log2,2,10,300,"{'max_depth': None, 'max_features': 'log2', 'min_samples_leaf': 2, 'min_samples_split': 10, 'n_estimators': 300}",0.850802276454589,0.8753833157545217,0.8744153608736942,0.8754362535612537,0.8888003458899403,0.8729675105067998,0.012296368202096616,108,0.9708670610590436,0.9734148896910187,0.9713711096159243,0.9713833701544013,0.9719172206571481,0.9717907302355073,0.0008773918407759483
0.990380048751831,0.09832571730674036,0.24928956031799315,0.1430163651812495,,log2,4,2,100,"{'max_depth': None, 'max_features': 'log2', 'min_samples_leaf': 4, 'min_samples_split': 2, 'n_estimators': 100}",0.8403684935115164,0.8800526687222896,0.8765619347314721,0.8728637399062028,0.8928900850343049,0.8725473843811571,0.017446217216568832,126,0.9605085551586041,0.9630556147214093,0.962559289131731,0.9646113275042079,0.9630987496639111,0.9627667072359728,0.001322014880216386
1.8254799365997314,0.09061157628355544,0.36910715103149416,0.057174713673513504,,log2,4,2,200,"{'max_depth': None, 'max_features': 'log2', 'min_samples_leaf': 4, 'min_samples_split': 2, 'n_estimators': 200}",0.8485051895122473,0.8710351542790539,0.8743770838294831,0.8692822580645161,0.8928003572104157,0.8712000085791433,0.014109774091703891,178,0.9615159691451995,0.9651537514529643,0.9610089579833482,0.9666912392820645,0.9656786358959882,0.9640097107519129,0.002302520353843071
2.736479616165161,0.31467132281038207,0.3892971992492676,0.1818499514491126,,log2,4,2,300,"{'max_depth': None, 'max_features': 'log2', 'min_samples_leaf': 4, 'min_samples_split': 2, 'n_estimators': 300}",0.8545520276589598,0.8732264231096007,0.8787444994436482,0.8751947063151975,0.8928755604390659,0.8749186433932945,0.012286796987027894,42,0.9630706130839108,0.9641080657683808,0.9610215843663978,0.9667050726623108,0.9646222493504001,0.9639055170462802,0.0018658175235705845
1.1803571701049804,0.25358169402755454,0.2884190082550049,0.14138316476594562,,log2,4,5,100,"{'max_depth': None, 'max_features': 'log2', 'min_samples_leaf': 4, 'min_samples_split': 5, 'n_estimators': 100}",0.8403684935115164,0.8800526687222896,0.8765619347314721,0.8728637399062028,0.8928900850343049,0.8725473843811571,0.017446217216568832,126,0.9605085551586041,0.9630556147214093,0.962559289131731,0.9646113275042079,0.9630987496639111,0.9627667072359728,0.001322014880216386
1.71358060836792,0.06266579336218465,0.306883430480957,0.054867595481870916,,log2,4,5,200,"{'max_depth': None, 'max_features': 'log2', 'min_samples_leaf': 4, 'min_samples_split': 5, 'n_estimators': 200}",0.8485051895122473,0.8710351542790539,0.8743770838294831,0.8692822580645161,0.8928003572104157,0.8712000085791433,0.014109774091703891,178,0.9615159691451995,0.9651537514529643,0.9610089579833482,0.9666912392820645,0.9656786358959882,0.9640097107519129,0.002302520353843071
2.829249382019043,0.17728662549372537,0.5239147186279297,0.17262275331031,,log2,4,5,300,"{'max_depth': None, 'max_features': 'log2', 'min_samples_leaf': 4, 'min_samples_split': 5, 'n_estimators': 300}",0.8545520276589598,0.8732264231096007,0.8787444994436482,0.8751947063151975,0.8928755604390659,0.8749186433932945,0.012286796987027894,42,0.9630706130839108,0.9641080657683808,0.9610215843663978,0.9667050726623108,0.9646222493504001,0.9639055170462802,0.0018658175235705845
1.108292531967163,0.20939288417698168,0.2683542728424072,0.13585255422230433,,log2,4,10,100,"{'max_depth': None, 'max_features': 'log2', 'min_samples_leaf': 4, 'min_samples_split': 10, 'n_estimators': 100}",0.8487539684695218,0.8690602466363196,0.8787714077608574,0.8791680591385241,0.8825257635602461,0.8716558891130939,0.012300022793850469,166,0.9542918849433766,0.9614904762672022,0.960539064684757,0.959920183385515,0.9589724761395488,0.9590428170840799,0.0025130009168400315
1.7688889980316163,0.053649121505863054,0.3507869243621826,0.08937618845011677,,log2,4,10,200,"{'max_depth': None, 'max_features': 'log2', 'min_samples_leaf': 4, 'min_samples_split': 10, 'n_estimators': 200}",0.8568730224107023,0.8629347500553408,0.8807489415247436,0.8835825675574599,0.8825257635602461,0.8733330090216984,0.01116791108345084,97,0.9542552302305509,0.9594386962335141,0.9610180035128806,0.9594224929945742,0.9594868672993672,0.9587242580541775,0.0023157290308929825
2.8667431831359864,0.21848968580614916,0.4299600124359131,0.07776199779980243,,log2,4,10,300,"{'max_depth': None, 'max_features': 'log2', 'min_samples_leaf': 4, 'min_samples_split': 10, 'n_estimators': 300}",0.8489593468653519,0.8609634563658097,0.8765880243358006,0.8835825675574599,0.8867780359465044,0.8713742862141853,0.014313040127918035,172,0.9547988672690847,0.9610059305614767,0.959982468061276,0.9583973718581735,0.9584574211298161,0.9585284117759654,0.002106375672766467
1.184157657623291,0.09876858032591747,0.2109536647796631,0.07295085848888026,10,sqrt,1,2,100,"{'max_depth': 10, 'max_features': 'sqrt', 'min_samples_leaf': 1, 'min_samples_split': 2, 'n_estimators': 100}",0.8487539684695218,0.8754095212052554,0.8791666666666667,0.8711794380782434,0.8847242920364288,0.8718467772912233,0.012376004780053391,163,0.992717358853041,0.9921989373044849,0.990641362453015,0.991156440919873,0.9911608256229625,0.9915749850306753,0.0007632421234732803
1.9513521194458008,0.11216470327888153,0.48686904907226564,0.18009675122968288,10,sqrt,1,2,200,"{'max_depth': 10, 'max_features': 'sqrt', 'min_samples_leaf': 1, 'min_samples_split': 2, 'n_estimators': 200}",0.8488002186107902,0.8714187609106524,0.874811469717221,0.8754763176638176,0.8909328067760669,0.8722879147357097,0.013539523919262605,143,0.9916809502922282,0.9921997721254676,0.9916781613441294,0.9916809529752204,0.9916847643850616,0.9917849202244214,0.0002074365860630127
3.1769766330718996,0.3168384037927002,0.6610471248626709,0.21032905434060137,10,sqrt,1,2,300,"{'max_depth': 10, 'max_features': 'sqrt', 'min_samples_leaf': 1, 'min_samples_split': 2, 'n_estimators': 300}",0.8465614541862896,0.8714187609106524,0.8792044351708074,0.8772747442938459,0.8869326676878658,0.8722784124498922,0.013782461770714348,144,0.9911621153849666,0.9921997870872514,0.9911589530385674,0.992201757290777,0.9932413442453886,0.9919927914093902,0.000778550861630151
1.2154094696044921,0.22196079689031697,0.36316466331481934,0.06947409112851634,10,sqrt,1,5,100,"{'max_depth': 10, 'max_features': 'sqrt', 'min_samples_leaf': 1, 'min_samples_split': 5, 'n_estimators': 100}",0.8509416486061213,0.8691068249184805,0.8809786775121947,0.875521211698251,0.878638248986928,0.8710373223443952,0.010809928912270745,184,0.9859585576146145,0.984935484424918,0.9833784714883625,0.9859563034809605,0.9823277390127161,0.9845113112043145,0.0014431743561143246
1.7953401565551759,0.1751948579135548,0.5269515991210938,0.16995091648382524,10,sqrt,1,5,200,"{'max_depth': 10, 'max_features': 'sqrt', 'min_samples_leaf': 1, 'min_samples_split': 5, 'n_estimators': 200}",0.8547517969947701,0.8773914310625208,0.8787713278845699,0.881619996241308,0.8847786731721909,0.8754626450710719,0.010661221115943975,23,0.9864795476365029,0.9844189753603065,0.9844206544371387,0.9838882401704473,0.9849201042673389,0.9848255043743469,0.0008890941178147031
2.922003078460693,0.23030513537230313,0.571693229675293,0.2225907728394987,10,sqrt,1,5,300,"{'max_depth': 10, 'max_features': 'sqrt', 'min_samples_leaf': 1, 'min_samples_split': 5, 'n_estimators': 300}",0.8588471708090957,0.8754095212052554,0.8811286504356488,0.875521211698251,0.882641309156999,0.87470957266105,0.008448449345550292,50,0.9875147427283328,0.9859772817794663,0.9828649434307124,0.9854506933591286,0.9864833938060272,0.9856582110207335,0.001554017385287913
1.1653410911560058,0.2872212304720374,0.3058614730834961,0.09386536476107166,10,sqrt,1,10,100,"{'max_depth': 10, 'max_features': 'sqrt', 'min_samples_leaf': 1, 'min_samples_split': 10, 'n_estimators': 100}",0.8569788806361516,0.8775582285877991,0.86642476689066,0.8779687381720065,0.8846459045496358,0.8727153037672506,0.009804056263077465,118,0.9693606707103284,0.9703885113082769,0.9662170256527617,0.9693924964789915,0.96940250547216,0.9689522419245037,0.0014218054159519818
1.819821548461914,0.16640419865312434,0.32543654441833497,0.032677640918185896,10,sqrt,1,10,200,"{'max_depth': 10, 'max_features': 'sqrt', 'min_samples_leaf': 1, 'min_samples_split': 10, 'n_estimators': 200}",0.8569788806361516,0.869265026491369,0.8705699039975011,0.8758232898485566,0.8848541005638698,0.8714982403074897,0.009096657784475267,170,0.9667708532366871,0.9682879120514215,0.9698383362628928,0.9703969693040576,0.9714458586789457,0.9693479859068009,0.0016436087847035356
2.977408218383789,0.16227399063822556,0.5390744686126709,0.20962350765947843,10,sqrt,1,10,300,"{'max_depth': 10, 'max_features': 'sqrt', 'min_samples_leaf': 1, 'min_samples_split': 10, 'n_estimators': 300}",0.8588295841529708,0.8714359665572746,0.8728032940720702,0.8756197638366647,0.8827511953774761,0.8722879607992912,0.007780739731447911,142,0.9672695178077196,0.9719618077113572,0.9693347107326683,0.9714375809967951,0.9719470380793402,0.970390131065576,0.0018353973668411524
1.225438928604126,0.27845684628834994,0.35703015327453613,0.19895025580214917,10,sqrt,2,2,100,"{'max_depth': 10, 'max_features': 'sqrt', 'min_samples_leaf': 2, 'min_samples_split': 2, 'n_estimators': 100}",0.8485147327057209,0.867285406475658,0.86548351728964,0.880119042709098,0.8848260246857169,0.8692457447731667,0.012718064895069625,214,0.9833577348703936,0.9812886784624563,0.9792073221742694,0.9854297316357746,0.9818176080061671,0.9822202150298122,0.0020833782365406047
1.7119387149810792,0.17535142683084734,0.43039727210998535,0.12299327668926509,10,sqrt,2,2,200,"{'max_depth': 10, 'max_features': 'sqrt', 'min_samples_leaf': 2, 'min_samples_split': 2, 'n_estimators': 200}",0.8467926566349945,0.8670833820102934,0.8740925882569269,0.8818071961578154,0.8867654678438487,0.8713082581807757,0.013969751758669902,174,0.9823056591210338,0.9818064081915264,0.9797258706740593,0.9812760422675005,0.9838880973964526,0.9818004155301144,0.0013559075375203372
2.9094286918640138,0.07661379276228783,0.5033814907073975,0.1602758225275285,10,sqrt,2,2,300,"{'max_depth': 10, 'max_features': 'sqrt', 'min_samples_leaf': 2, 'min_samples_split': 2, 'n_estimators': 300}",0.846639543757772,0.8694623484873921,0.8741025028995282,0.8756325124028642,0.8888907698823765,0.8709455354859866,0.01376188003853921,186,0.9833632574861645,0.9823211853767831,0.9807726392409425,0.9818021842034359,0.9828564023447387,0.982223133730413,0.0008934940637655435
1.0289553165435792,0.15008043013836386,0.34655232429504396,0.08237466658526553,10,sqrt,2,5,100,"{'max_depth': 10, 'max_features': 'sqrt', 'min_samples_leaf': 2, 'min_samples_split': 5, 'n_estimators': 100}",0.854473953247201,0.8592028141931181,0.8682005027662065,0.8816885856079405,0.8828853088725275,0.8692902329373986,0.011497920779442557,213,0.9781677010784959,0.9776594650251117,0.9766128737552461,0.9781676921678103,0.9818049979778266,0.9784825460008981,0.0017555673726309473
1.8195367813110352,0.09330938370677307,0.2986623764038086,0.07059517635269519,10,sqrt,2,5,200,"{'max_depth': 10, 'max_features': 'sqrt', 'min_samples_leaf': 2, 'min_samples_split': 5, 'n_estimators': 200}",0.8628048224033502,0.863140236755743,0.8785644647535128,0.8776453371834564,0.8868638068166347,0.8738037335825395,0.00940929544749847,80,0.9797225015430066,0.9787004213616745,0.9750488728294658,0.9802368271559778,0.9823311240595669,0.9792079493899383,0.0023930347230256485
2.909754180908203,0.15958242144244272,0.4011564254760742,0.08509847935458266,10,sqrt,2,5,300,"{'max_depth': 10, 'max_features': 'sqrt', 'min_samples_leaf': 2, 'min_samples_split': 5, 'n_estimators': 300}",0.8587365833861317,0.8692795996700995,0.880742650714105,0.8839169379428977,0.8847527952480783,0.8754857133922623,0.0100364231382111,21,0.9791937582669413,0.9802419094080332,0.9766212365094729,0.9807540680847942,0.9818137810594687,0.979724950665742,0.0017666209749436041
1.2357759952545166,0.13496324572550755,0.1907485008239746,0.06502701487891545,10,sqrt,2,10,100,"{'max_depth': 10, 'max_features': 'sqrt', 'min_samples_leaf': 2, 'min_samples_split': 10, 'n_estimators': 100}",0.8484410961060711,0.879708973911018,0.8789386036880763,0.8756844331260009,0.8868638068166347,0.8739273827295602,0.013255400651775818,77,0.9605240084650847,0.9631111989619728,0.9641536026266129,0.9651652796199934,0.9641708085018014,0.9634249796350931,0.0015893324535586944
1.7677709102630614,0.14722395713900935,0.26372671127319336,0.077361769086079,10,sqrt,2,10,200,"{'max_depth': 10, 'max_features': 'sqrt', 'min_samples_leaf': 2, 'min_samples_split': 10, 'n_estimators': 200}",0.850537403936534,0.8732068306331117,0.8827519647535127,0.8715867581309731,0.882673454188356,0.8721512823284975,0.011761659555181617,149,0.961577311922451,0.9646375495175713,0.9615618260153034,0.9636128732623988,0.9651758859875927,0.9633130893410634,0.001509564373459065
2.9513118267059326,0.08066728136728747,0.37976694107055664,0.11945914444407793,10,sqrt,2,10,300,"{'max_depth': 10, 'max_features': 'sqrt', 'min_samples_leaf': 2, 'min_samples_split': 10, 'n_estimators': 300}",0.8465942243593045,0.8690596343714294,0.8765619347314721,0.8758689235112217,0.8847786731721909,0.8705726780291239,0.012984508088979515,194,0.9626191436727717,0.966216623830282,0.962601876476356,0.9636406248682031,0.9651859722681262,0.9640528482231477,0.0014350366421423601
1.155349349975586,0.0734599399989214,0.2588954448699951,0.11889347455710815,10,sqrt,4,2,100,"{'max_depth': 10, 'max_features': 'sqrt', 'min_samples_leaf': 4, 'min_samples_split': 2, 'n_estimators': 100}",0.8529106428394655,0.8815553939335563,0.8679694054695013,0.8892773409057813,0.8865993892406249,0.8756624344777858,0.01353910148976411,17,0.9543243113011377,0.9609940322819924,0.9569264816578577,0.9563353672307596,0.9594911792216607,0.9576142743386816,0.0023612731585319338
1.7445195198059082,0.2313571914690658,0.31435017585754393,0.12455771059105955,10,sqrt,4,2,200,"{'max_depth': 10, 'max_features': 'sqrt', 'min_samples_leaf': 4, 'min_samples_split': 2, 'n_estimators': 200}",0.8630234486541474,0.8775582285877991,0.880944139194139,0.8815133117229159,0.8846459045496358,0.8775370065417274,0.007597365327839588,1,0.9558735406257279,0.960464344088156,0.9574056341333645,0.9584488785236275,0.9636221157568592,0.959162902625547,0.002683134620873788
2.7980411529541014,0.13671145603888576,0.35863308906555175,0.02358430727466664,10,sqrt,4,2,300,"{'max_depth': 10, 'max_features': 'sqrt', 'min_samples_leaf': 4, 'min_samples_split': 2, 'n_estimators': 300}",0.8586220506674489,0.8734238116631343,0.8789643238526852,0.8794660165367726,0.8846459045496358,0.8750244214539353,0.00893782136621895,35,0.9569129180180745,0.9599828273615996,0.9589554265179892,0.9595013523347293,0.9615553949793594,0.9593815838423504,0.0015084571016535041
1.1113273620605468,0.05376411268450024,0.18550548553466797,0.03114562739254099,10,sqrt,4,5,100,"{'max_depth': 10, 'max_features': 'sqrt', 'min_samples_leaf': 4, 'min_samples_split': 5, 'n_estimators': 100}",0.8529106428394655,0.8815553939335563,0.8679694054695013,0.8892773409057813,0.8865993892406249,0.8756624344777858,0.01353910148976411,17,0.9543243113011377,0.9609940322819924,0.9569264816578577,0.9563353672307596,0.9594911792216607,0.9576142743386816,0.0023612731585319338
1.811860704421997,0.11714168578989351,0.3122379302978516,0.06166055382644164,10,sqrt,4,5,200,"{'max_depth': 10, 'max_features': 'sqrt', 'min_samples_leaf': 4, 'min_samples_split': 5, 'n_estimators': 200}",0.8630234486541474,0.8775582285877991,0.880944139194139,0.8815133117229159,0.8846459045496358,0.8775370065417274,0.007597365327839588,1,0.9558735406257279,0.960464344088156,0.9574056341333645,0.9584488785236275,0.9636221157568592,0.959162902625547,0.002683134620873788
2.8575644969940184,0.21872740793310605,0.4800713539123535,0.14053855422656447,10,sqrt,4,5,300,"{'max_depth': 10, 'max_features': 'sqrt', 'min_samples_leaf': 4, 'min_samples_split': 5, 'n_estimators': 300}",0.8586220506674489,0.8734238116631343,0.8789643238526852,0.8794660165367726,0.8846459045496358,0.8750244214539353,0.00893782136621895,35,0.9569129180180745,0.9599828273615996,0.9589554265179892,0.9595013523347293,0.9615553949793594,0.9593815838423504,0.0015084571016535041
1.1851443290710448,0.3316864498503597,0.20613579750061034,0.05017391826892325,10,sqrt,4,10,100,"{'max_depth': 10, 'max_features': 'sqrt', 'min_samples_leaf': 4, 'min_samples_split': 10, 'n_estimators': 100}",0.8486515897303044,0.873456671810348,0.8684385035478723,0.8795386062024593,0.8803105653763643,0.8700791873334696,0.01155337946849036,204,0.9527763448434781,0.9521885493515989,0.9553574526226609,0.9553279986706421,0.9532261745512393,0.953775304007924,0.0013214619076270043
1.7706868171691894,0.23185473033985063,0.32785825729370116,0.20113869569544598,10,sqrt,4,10,200,"{'max_depth': 10, 'max_features': 'sqrt', 'min_samples_leaf': 4, 'min_samples_split': 10, 'n_estimators': 200}",0.8486769022055519,0.8734238116631343,0.8785315354546317,0.8837135843692648,0.8867028060671911,0.8742097279519546,0.013547111593942398,62,0.9522500360292814,0.9537631693479713,0.9558364973643322,0.9563860385318769,0.9584574211298161,0.9553386324806556,0.0021491060298903155
2.9031373500823974,0.13970053220635406,0.4066761016845703,0.04175840509222644,10,sqrt,4,10,300,"{'max_depth': 10, 'max_features': 'sqrt', 'min_samples_leaf': 4, 'min_samples_split': 10, 'n_estimators': 300}",0.8566814714980242,0.8712662258588646,0.882951593870776,0.8793894687545495,0.8846647858412067,0.8749907091646844,0.010250975471689754,37,0.9532871858992306,0.955825105376709,0.956401575478107,0.9553966588396186,0.9584742410531865,0.9558769533293703,0.001671011565999763
1.2057406902313232,0.11711576658528819,0.28904147148132325,0.10371176978463308,10,log2,1,2,100,"{'max_depth': 10, 'max_features': 'log2', 'min_samples_leaf': 1, 'min_samples_split': 2, 'n_estimators': 100}",0.8508355535981226,0.8779305195119221,0.8791525131748789,0.8734578163771711,0.8891929400007837,0.8741138685325757,0.01272512091487603,70,0.9896036221442688,0.9896052865043967,0.9927157453814572,0.9896008900872844,0.990647611336838,0.9904346310908491,0.001210153326268841
1.7560004234313964,0.10825781273569993,0.34298338890075686,0.09262620820290689,10,log2,1,2,200,"{'max_depth': 10, 'max_features': 'log2', 'min_samples_leaf': 1, 'min_samples_split': 2, 'n_estimators': 200}",0.8447413259069463,0.8718057256446644,0.8791501669384268,0.879926800264144,0.8868638068166347,0.8724975651141632,0.01467465163729306,134,0.9921989373044849,0.9922021825422228,0.9911569150718823,0.9906421508673016,0.990644450943735,0.9913689273459253,0.0007044501494103322
2.7987549781799315,0.21789532259257374,0.3980959415435791,0.11978622595319278,10,log2,1,2,300,"{'max_depth': 10, 'max_features': 'log2', 'min_samples_leaf': 1, 'min_samples_split': 2, 'n_estimators': 300}",0.8528077448919007,0.8718057256446644,0.8771818857280508,0.8796557480664047,0.8889517663498882,0.8740805741361817,0.011996343238794048,72,0.9906413184379216,0.9916813772745239,0.9911589530385674,0.9911589075908535,0.9911628953653623,0.9911606903414457,0.000328899107630308
1.1486941814422607,0.16622182527829465,0.20726251602172852,0.04469812079929269,10,log2,1,5,100,"{'max_depth': 10, 'max_features': 'log2', 'min_samples_leaf': 1, 'min_samples_split': 5, 'n_estimators': 100}",0.8484871051445712,0.862941105170742,0.8789719540962471,0.8736171535871868,0.8891550144648022,0.8706344664927098,0.013936385773540056,192,0.983376806730998,0.9833817671727411,0.9807789775912309,0.9828456466592485,0.9828560174585639,0.9826478431225565,0.000963862399033006
1.7578168392181397,0.11832013307573654,0.4493370532989502,0.07946325252726726,10,log2,1,5,200,"{'max_depth': 10, 'max_features': 'log2', 'min_samples_leaf': 1, 'min_samples_split': 5, 'n_estimators': 200}",0.8446214678086399,0.8751916426178757,0.872848582242301,0.865106699751861,0.8929598899232166,0.8701456564687788,0.015685230783262148,203,0.9875252311607926,0.9844206476513634,0.9828649434307124,0.9823249707287874,0.9828547188569536,0.983998102365722,0.001897889699116408
2.656831645965576,0.13232916579996362,0.3999629974365234,0.11133179457069543,10,log2,1,5,300,"{'max_depth': 10, 'max_features': 'log2', 'min_samples_leaf': 1, 'min_samples_split': 5, 'n_estimators': 300}",0.8485633139718763,0.8734075264597695,0.875,0.8776333374556846,0.8889876246690207,0.8727183605112703,0.01325136261959634,117,0.9854506584699588,0.9844206476513634,0.9828594754422544,0.9828485930169241,0.9833632115105277,0.9837885172182057,0.001008936419791131
0.991765308380127,0.11534690066923405,0.232240629196167,0.05843989872749599,10,log2,1,10,100,"{'max_depth': 10, 'max_features': 'log2', 'min_samples_leaf': 1, 'min_samples_split': 10, 'n_estimators': 100}",0.846878865639327,0.8735793832479446,0.8849088098824258,0.8794660165367726,0.8930287445166746,0.8755723639646289,0.015712057745486577,20,0.9662686836895744,0.9678234591178125,0.9698598732354228,0.9656571001478578,0.9719496727738804,0.9683117577929096,0.0023276976363940578
1.7262410163879394,0.07577357655855486,0.2643080234527588,0.13067734479867196,10,log2,1,10,200,"{'max_depth': 10, 'max_features': 'log2', 'min_samples_leaf': 1, 'min_samples_split': 10, 'n_estimators': 200}",0.8529106428394655,0.8714359665572746,0.8765218966486881,0.8713081671415005,0.8910155166021743,0.8726384379578207,0.012208191750215204,121,0.9656922425531801,0.9662450308398547,0.9672570379028201,0.9692926905834592,0.9714648251031193,0.9679903653964868,0.002127592614957342
2.744710922241211,0.3277992256643981,0.4476908206939697,0.12521570823897557,10,log2,1,10,300,"{'max_depth': 10, 'max_features': 'log2', 'min_samples_leaf': 1, 'min_samples_split': 10, 'n_estimators': 300}",0.8528077448919007,0.8696375227727574,0.8807153532655569,0.8754362535612537,0.8930404292861456,0.8743274607555227,0.01324615772642832,61,0.9678070440912651,0.9667709515966244,0.9657167573512606,0.9693254677746602,0.9714333800389364,0.9682107201705493,0.0020041924715768367
1.1746671199798584,0.05415884184560748,0.2928093433380127,0.09536911289528419,10,log2,2,2,100,"{'max_depth': 10, 'max_features': 'log2', 'min_samples_leaf': 2, 'min_samples_split': 2, 'n_estimators': 100}",0.8466044600536424,0.8734075264597695,0.8705699039975011,0.8711000573950289,0.8828613955311104,0.8689086686874103,0.01199964930848267,215,0.9818034418630937,0.9823062763081366,0.9792256921021009,0.9781593064798819,0.9802691726610718,0.980352777882857,0.001549787796253915
2.027439308166504,0.2202614226319505,0.3037748336791992,0.06910093976917976,10,log2,2,2,200,"{'max_depth': 10, 'max_features': 'log2', 'min_samples_leaf': 2, 'min_samples_split': 2, 'n_estimators': 200}",0.8548410491336981,0.8710509367431345,0.872590354090354,0.8715288271011464,0.8847527952480783,0.8709527924632823,0.009518943284471474,185,0.9823241105037367,0.9828452199356349,0.9776525448199375,0.9807701513406641,0.9828662929378554,0.9812916639075657,0.001973529932922367
3.8543986797332765,0.04248892425896366,0.46161694526672364,0.12890055746716858,10,log2,2,2,300,"{'max_depth': 10, 'max_features': 'log2', 'min_samples_leaf': 2, 'min_samples_split': 2, 'n_estimators': 300}",0.8547274274021106,0.8732410812215705,0.8749963603540647,0.8715288271011464,0.8867780359465044,0.8722543464050793,0.010267902531551527,146,0.9817962587944004,0.9828464709170762,0.979224802357021,0.9807713812217855,0.9818295048107654,0.9812936836202096,0.001225063591806081
1.3132954120635987,0.24272860274786184,0.3394754409790039,0.07775326395343221,10,log2,2,5,100,"{'max_depth': 10, 'max_features': 'log2', 'min_samples_leaf': 2, 'min_samples_split': 5, 'n_estimators': 100}",0.8567412836857754,0.8692453518661317,0.8752307880272016,0.8795914341926199,0.8929532426474525,0.8747524200838364,0.011913384658697889,49,0.9776482345796215,0.9761156417993172,0.9745435151765316,0.9739907565916842,0.9776640547715185,0.9759924405837346,0.0015269086370052196
2.314180040359497,0.05737851153053246,0.3802204132080078,0.030682269305998114,10,log2,2,5,200,"{'max_depth': 10, 'max_features': 'log2', 'min_samples_leaf': 2, 'min_samples_split': 5, 'n_estimators': 200}",0.8551984401138788,0.8777520260185036,0.875050708462733,0.8733092163159792,0.8909147627360097,0.8744450307294208,0.011439199800961206,59,0.9797144578907572,0.9781838668361634,0.9750487651800362,0.9755736322892109,0.9797327348140497,0.9776506914020435,0.0019981244984201884
3.4048768997192385,0.0890845931406796,0.48836936950683596,0.0628162704228959,10,log2,2,5,300,"{'max_depth': 10, 'max_features': 'log2', 'min_samples_leaf': 2, 'min_samples_split': 5, 'n_estimators': 300}",0.8550044315729157,0.8779070099180017,0.8726307803823284,0.8756879553373457,0.8868638068166347,0.8736187968054452,0.010445776643100297,90,0.9807519340162238,0.9792056257843323,0.9766314513780615,0.9766040902249161,0.9792186948082403,0.9784823592423548,0.0016229620226294657
1.2361160278320313,0.03934748057978794,0.3008408546447754,0.04482759946006085,10,log2,2,10,100,"{'max_depth': 10, 'max_features': 'log2', 'min_samples_leaf': 2, 'min_samples_split': 10, 'n_estimators': 100}",0.8466346883406525,0.871426595620778,0.8747587513674012,0.8735170923632611,0.8907183460832026,0.8714110947550591,0.014158266416879542,171,0.9584801169830242,0.9646944304451731,0.964111346028254,0.9620615981761174,0.9647027268526435,0.9628100436970424,0.002372129286013094
2.258840036392212,0.08894791205162335,0.3354656219482422,0.05678916732796956,10,log2,2,10,200,"{'max_depth': 10, 'max_features': 'log2', 'min_samples_leaf': 2, 'min_samples_split': 10, 'n_estimators': 200}",0.8505774964760568,0.8674680107474857,0.8725922663688759,0.8798129150068834,0.8887031846191827,0.8718307746436971,0.012803969653909451,164,0.9610680860149233,0.9651805808201581,0.9635828071717695,0.9620615981761174,0.9641624710139364,0.963211108639381,0.001472140693795562
2.7846049785614015,0.0566927095881174,0.4248353004455566,0.142295014844811,10,log2,2,10,300,"{'max_depth': 10, 'max_features': 'log2', 'min_samples_leaf': 2, 'min_samples_split': 10, 'n_estimators': 300}",0.8466572902333949,0.8712306995852723,0.875,0.8798129150068834,0.8867780359465044,0.871895788154411,0.013647142178783352,161,0.9610676195131873,0.9631143059476546,0.962575001959732,0.9630991339385233,0.9641860714679813,0.9628084265654158,0.0010159601065445063
1.1944051265716553,0.24985208273251472,0.3210235595703125,0.16462133349046695,10,log2,4,2,100,"{'max_depth': 10, 'max_features': 'log2', 'min_samples_leaf': 4, 'min_samples_split': 2, 'n_estimators': 100}",0.8485633139718763,0.8694385749576363,0.8722998146899722,0.8753252297872901,0.8827086188134261,0.8696671104440403,0.011440706627694211,208,0.9543589408341224,0.9605240084650847,0.9573915294122654,0.9579345291165399,0.9599717013270691,0.9580361418310164,0.0021855675893176774
1.6219749927520752,0.1360224869580147,0.2827131271362305,0.043327714808218225,10,log2,4,2,200,"{'max_depth': 10, 'max_features': 'log2', 'min_samples_leaf': 4, 'min_samples_split': 2, 'n_estimators': 200}",0.848619144801388,0.8694385749576363,0.8768964538458064,0.8757079607780353,0.8930287445166746,0.872738175779908,0.01435571732794308,115,0.9568782075926784,0.9563220313574071,0.9574237019060995,0.9621011587871681,0.959979789037723,0.9585409777362152,0.002176322583613651
2.7123602867126464,0.15223902140826354,0.4874593257904053,0.2637459347619321,10,log2,4,2,300,"{'max_depth': 10, 'max_features': 'log2', 'min_samples_leaf': 4, 'min_samples_split': 2, 'n_estimators': 300}",0.8526886396168122,0.8674548666886003,0.8729801848164738,0.8754943815614544,0.8909147627360097,0.87190656708387,0.012365136006123725,159,0.957423549379286,0.9589439978428227,0.9589743999160746,0.961079776662977,0.9594641724849022,0.9591771792572125,0.0011724293397153732
1.05820574760437,0.257330368123652,0.2518009662628174,0.11092475324289355,10,log2,4,5,100,"{'max_depth': 10, 'max_features': 'log2', 'min_samples_leaf': 4, 'min_samples_split': 5, 'n_estimators': 100}",0.8485633139718763,0.8694385749576363,0.8722998146899722,0.8753252297872901,0.8827086188134261,0.8696671104440403,0.011440706627694211,208,0.9543589408341224,0.9605240084650847,0.9573915294122654,0.9579345291165399,0.9599717013270691,0.9580361418310164,0.0021855675893176774
1.6297289371490478,0.13158413722399742,0.25142269134521483,0.05736390490713179,10,log2,4,5,200,"{'max_depth': 10, 'max_features': 'log2', 'min_samples_leaf': 4, 'min_samples_split': 5, 'n_estimators': 200}",0.848619144801388,0.8694385749576363,0.8768964538458064,0.8757079607780353,0.8930287445166746,0.872738175779908,0.01435571732794308,115,0.9568782075926784,0.9563220313574071,0.9574237019060995,0.9621011587871681,0.959979789037723,0.9585409777362152,0.002176322583613651
2.7110486030578613,0.14156499191325272,0.2823321342468262,0.03059766953171724,10,log2,4,5,300,"{'max_depth': 10, 'max_features': 'log2', 'min_samples_leaf': 4, 'min_samples_split': 5, 'n_estimators': 300}",0.8526886396168122,0.8674548666886003,0.8729801848164738,0.8754943815614544,0.8909147627360097,0.87190656708387,0.012365136006123725,159,0.957423549379286,0.9589439978428227,0.9589743999160746,0.961079776662977,0.9594641724849022,0.9591771792572125,0.0011724293397153732
1.0803610801696777,0.08006433228709466,0.14654803276062012,0.04867647155759583,10,log2,4,10,100,"{'max_depth': 10, 'max_features': 'log2', 'min_samples_leaf': 4, 'min_samples_split': 10, 'n_estimators': 100}",0.8449832291118455,0.8717791454366962,0.8868852016952581,0.8835040584113678,0.8868833559898253,0.8748069981289985,0.015912167472979282,48,0.9512039638451005,0.9553138443723903,0.9569134760788397,0.9567803641898596,0.9584827884064915,0.9557388873785362,0.0024794966596388543
1.7720191955566407,0.0644485975763682,0.2621757984161377,0.058727352783651404,10,log2,4,10,200,"{'max_depth': 10, 'max_features': 'log2', 'min_samples_leaf': 4, 'min_samples_split': 10, 'n_estimators': 200}",0.8508695866747595,0.8735906741846834,0.8725616225264522,0.8835703196065959,0.8806930382784023,0.8722570482541787,0.011475633950272207,145,0.9532521395489293,0.9542741468394877,0.9549058056606247,0.9568302123586214,0.9548722366426762,0.954826908210068,0.0011667860519417243
2.6870455741882324,0.2217259602651148,0.351041841506958,0.049326762894761254,10,log2,4,10,300,"{'max_depth': 10, 'max_features': 'log2', 'min_samples_leaf': 4, 'min_samples_split': 10, 'n_estimators': 300}",0.8469379234303521,0.8694444856507829,0.8769488809140431,0.8835825675574599,0.8847527952480783,0.8723333305601433,0.013822907577092675,141,0.9501720543695052,0.9548029477534387,0.9548896360758985,0.9548356731294007,0.955370326480929,0.9540141275618345,0.001932070987093216
1.15185227394104,0.1271046315012975,0.2229300022125244,0.0976679589963346,15,sqrt,1,2,100,"{'max_depth': 15, 'max_features': 'sqrt', 'min_samples_leaf': 1, 'min_samples_split': 2, 'n_estimators': 100}",0.8445712323724488,0.869265026491369,0.8657859801488834,0.8793232696123321,0.8883630202856511,0.869461705782137,0.014748528329094622,212,1.0,1.0,1.0,1.0,1.0,1.0,0.0
1.8870604515075684,0.062433817841069925,0.2571380615234375,0.029253881941849906,15,sqrt,1,2,200,"{'max_depth': 15, 'max_features': 'sqrt', 'min_samples_leaf': 1, 'min_samples_split': 2, 'n_estimators': 200}",0.8505774964760568,0.8734075264597695,0.8679889989200457,0.8835825675574599,0.8865028019253709,0.8724118782677406,0.01281118131948949,137,1.0,1.0,1.0,1.0,1.0,1.0,0.0
3.1061113834381104,0.1770032648028569,0.4163909912109375,0.13525100599329348,15,sqrt,1,2,300,"{'max_depth': 15, 'max_features': 'sqrt', 'min_samples_leaf': 1, 'min_samples_split': 2, 'n_estimators': 300}",0.8566367763929683,0.867284143665403,0.8702086301044635,0.8812504144496283,0.8866672427017254,0.8724094414628377,0.010595630335894163,138,1.0,1.0,1.0,1.0,1.0,1.0,0.0
1.1867475032806396,0.22726647844692877,0.25512471199035647,0.09146026759731353,15,sqrt,1,5,100,"{'max_depth': 15, 'max_features': 'sqrt', 'min_samples_leaf': 1, 'min_samples_split': 5, 'n_estimators': 100}",0.8545866148888293,0.8712662258588646,0.8719270920961043,0.8858047317150124,0.8866853710277416,0.8740540071173104,0.011738021424743473,75,0.9953116600982924,0.9958341599551139,0.9968741817626103,0.9963524595292477,0.9958333131140594,0.9960411548918648,0.0005308581932929331
1.803069543838501,0.09599568188992218,0.2651397228240967,0.06952374913166715,15,sqrt,1,5,200,"{'max_depth': 15, 'max_features': 'sqrt', 'min_samples_leaf': 1, 'min_samples_split': 5, 'n_estimators': 200}",0.8525776841609077,0.8714359665572746,0.8677316010675323,0.8832757371023272,0.886766522770481,0.8723575023317045,0.012168131475873508,140,0.9958349886441642,0.9958341599551139,0.996875,0.9958299709112336,0.9958316649805383,0.9960411568982099,0.0004169253617843512
3.0657622814178467,0.08658756636484141,0.35764665603637696,0.09049766162231898,15,sqrt,1,5,300,"{'max_depth': 15, 'max_features': 'sqrt', 'min_samples_leaf': 1, 'min_samples_split': 5, 'n_estimators': 300}",0.8505288534032509,0.8753833157545217,0.8723665845062059,0.881460406297078,0.8909328067760669,0.8741343933474246,0.013399728585252011,67,0.9958329355770296,0.9953129165211088,0.9973954180917092,0.997915829902856,0.9953137170020327,0.9963541634189472,0.001091917195801137
1.2004302501678468,0.1308533594414572,0.22257113456726074,0.07163005736886796,15,sqrt,1,10,100,"{'max_depth': 15, 'max_features': 'sqrt', 'min_samples_leaf': 1, 'min_samples_split': 10, 'n_estimators': 100}",0.8607354775654918,0.869265026491369,0.8741566504109933,0.8715591387705478,0.8907602071395175,0.873295300075584,0.00982620380287208,99,0.9781422769792357,0.9812704426529034,0.9765575776979964,0.9786499580695605,0.9791792245186258,0.9787598959836645,0.0015311712124799397
1.741146993637085,0.1661660578338009,0.3746558666229248,0.10347136618261733,15,sqrt,1,10,200,"{'max_depth': 15, 'max_features': 'sqrt', 'min_samples_leaf': 1, 'min_samples_split': 10, 'n_estimators': 200}",0.8565465778326559,0.8647118810724509,0.8780784370400914,0.8778503772889062,0.8910155166021743,0.8736405579672557,0.011926709226648407,89,0.9781223692179576,0.981249549243936,0.9775996182626627,0.9796911726222101,0.9781223869478185,0.9789570192589169,0.0013439095314254717
2.987109088897705,0.1445253075181118,0.49477014541625974,0.07259000987492506,15,sqrt,1,10,300,"{'max_depth': 15, 'max_features': 'sqrt', 'min_samples_leaf': 1, 'min_samples_split': 10, 'n_estimators': 300}",0.8585535206332202,0.8710338928735062,0.8802817484196196,0.8794085007227804,0.8910155166021743,0.87605863585026,0.010811490711357868,15,0.9796971998079236,0.9822916666666667,0.9776086944885823,0.98125,0.9791723554135949,0.9800039832753533,0.001631513551605498
1.1834700584411622,0.10418450074521379,0.3485857963562012,0.09211303139762145,15,sqrt,2,2,100,"{'max_depth': 15, 'max_features': 'sqrt', 'min_samples_leaf': 2, 'min_samples_split': 2, 'n_estimators': 100}",0.8482254102107042,0.8732507249358333,0.8635361100389604,0.8772747442938459,0.8930404292861456,0.871065483753098,0.01486330282688961,183,0.9916633369585505,0.9916691362634149,0.9895845871494765,0.9911445223264636,0.993233269083398,0.9914589703562606,0.0011701505338289192
1.8812409400939942,0.15839743678018184,0.3624596118927002,0.23508050079792103,15,sqrt,2,2,200,"{'max_depth': 15, 'max_features': 'sqrt', 'min_samples_leaf': 2, 'min_samples_split': 2, 'n_estimators': 200}",0.8523752334133433,0.8734238116631343,0.8679200239156207,0.8857544131659727,0.8868638068166347,0.8732674577949412,0.012695584243308175,100,0.990621251598206,0.9927075050020359,0.9927112262572273,0.9906212119155943,0.9947937250480197,0.9922909839642167,0.0015614064916478572
2.8202492713928224,0.2547785661863841,0.5248265266418457,0.13887434975613605,15,sqrt,2,2,300,"{'max_depth': 15, 'max_features': 'sqrt', 'min_samples_leaf': 2, 'min_samples_split': 2, 'n_estimators': 300}",0.854352858549006,0.8754296393846476,0.876056937673624,0.8858047317150124,0.8909328067760669,0.8765153948196713,0.012543688526454764,9,0.9916670871338774,0.9921887380111234,0.9916662411453719,0.992703771396273,0.9937544968725712,0.9923960669118435,0.0007806479932855561
1.2927508354187012,0.37369896178958445,0.3245836734771729,0.1427768455138107,15,sqrt,2,5,100,"{'max_depth': 15, 'max_features': 'sqrt', 'min_samples_leaf': 2, 'min_samples_split': 5, 'n_estimators': 100}",0.8542892300182405,0.8692795996700995,0.8699619404680754,0.8773529298072252,0.892935905938674,0.8727639211804629,0.012564026226506137,114,0.9854099493520615,0.9895816552039071,0.9874949719403802,0.9874903876689278,0.9875098342671197,0.9874973596864793,0.001319225502613259
1.898688554763794,0.1323188898768836,0.3479180335998535,0.04422178982368431,15,sqrt,2,5,200,"{'max_depth': 15, 'max_features': 'sqrt', 'min_samples_leaf': 2, 'min_samples_split': 5, 'n_estimators': 200}",0.8542908759352589,0.8692565345912564,0.8763181967131648,0.8836698069769481,0.8910155166021743,0.8749101861637605,0.012611223964635862,46,0.9885366551133029,0.990097910694932,0.9874895357896798,0.9890516137734574,0.9885550905235394,0.9887461611789823,0.0008461721098345653
2.8592199802398683,0.1584977528824982,0.47369680404663084,0.18931310905940354,15,sqrt,2,5,300,"{'max_depth': 15, 'max_features': 'sqrt', 'min_samples_leaf': 2, 'min_samples_split': 5, 'n_estimators': 300}",0.856395973307738,0.8712268755766563,0.8785100855415364,0.8816082202111615,0.8910155166021743,0.8757513342478532,0.01157592163262234,16,0.9885416389084206,0.9901012443755952,0.9869775140420991,0.9890511975173943,0.9895866115616732,0.9888516412810364,0.0010723773848392865
1.1794219493865967,0.3310836314346203,0.22647356986999512,0.10915021428319262,15,sqrt,2,10,100,"{'max_depth': 15, 'max_features': 'sqrt', 'min_samples_leaf': 2, 'min_samples_split': 10, 'n_estimators': 100}",0.8443040891570305,0.8710338928735062,0.8682005027662065,0.8733620417660861,0.8908434637955345,0.8695487980716727,0.014895115647420725,210,0.9692890157632019,0.9656805785426332,0.9698036472141586,0.9692683064913632,0.9713886014930935,0.9690860299008902,0.001870205203431494
1.754502010345459,0.13407557765802525,0.3536567687988281,0.09464947045072634,15,sqrt,2,10,200,"{'max_depth': 15, 'max_features': 'sqrt', 'min_samples_leaf': 2, 'min_samples_split': 10, 'n_estimators': 200}",0.8507055158301337,0.8732180293501048,0.88687558630394,0.8752741242297083,0.8845453503455951,0.8741237212118964,0.012820112833203666,68,0.9698049774601079,0.9692868215039354,0.9703200213976828,0.9703178668989078,0.9708396242461836,0.9701138623013635,0.000527305637203228
2.9297183990478515,0.16213481185720446,0.37651634216308594,0.07097482355902604,15,sqrt,2,10,300,"{'max_depth': 15, 'max_features': 'sqrt', 'min_samples_leaf': 2, 'min_samples_split': 10, 'n_estimators': 300}",0.8485147327057209,0.8775582285877991,0.88687558630394,0.8689137916000874,0.8887031846191827,0.8741131047633461,0.01462825863053937,71,0.9677465690842906,0.9708448939715943,0.9693122844605045,0.9708449036146611,0.9713754605386595,0.970024822333942,0.0013317223771147182
1.153508996963501,0.06779001638609851,0.2032132625579834,0.024072111877414593,15,sqrt,4,2,100,"{'max_depth': 15, 'max_features': 'sqrt', 'min_samples_leaf': 4, 'min_samples_split': 2, 'n_estimators': 100}",0.8548760005211083,0.867272112113069,0.8789720344694358,0.891690055086174,0.8908198453078467,0.8767260094995267,0.01410250023525782,4,0.9609915504854013,0.9630681366858115,0.9636097617835192,0.9598878988128192,0.9620885885948522,0.9619291872724807,0.0013559473850326463
1.8532352447509766,0.08122688668609376,0.3129770278930664,0.024081838055957216,15,sqrt,4,2,200,"{'max_depth': 15, 'max_features': 'sqrt', 'min_samples_leaf': 4, 'min_samples_split': 2, 'n_estimators': 200}",0.8526233274004775,0.8692893947384698,0.8824923133998922,0.8837902844345581,0.8846459045496358,0.8745682449046066,0.012319429872121262,56,0.9615038516387546,0.9666653699149669,0.9640971488949727,0.9625601085114892,0.9646522255222815,0.9638957408964931,0.0017770046235186686
2.79497971534729,0.20806118245819935,0.47218928337097166,0.16477034638086555,15,sqrt,4,2,300,"{'max_depth': 15, 'max_features': 'sqrt', 'min_samples_leaf': 4, 'min_samples_split': 2, 'n_estimators': 300}",0.8525981021018724,0.8712662258588646,0.8826688555347092,0.8795248895656658,0.8887885150940192,0.8749693176310261,0.01253148443743218,39,0.9609756611947103,0.966651648512832,0.9656774238368947,0.9651252530364373,0.9662003697026833,0.9649260712567116,0.002040166519445375
1.2060382843017579,0.18624045589348653,0.19581928253173828,0.033145017795196074,15,sqrt,4,5,100,"{'max_depth': 15, 'max_features': 'sqrt', 'min_samples_leaf': 4, 'min_samples_split': 5, 'n_estimators': 100}",0.8548760005211083,0.867272112113069,0.8789720344694358,0.891690055086174,0.8908198453078467,0.8767260094995267,0.01410250023525782,4,0.9609915504854013,0.9630681366858115,0.9636097617835192,0.9598878988128192,0.9620885885948522,0.9619291872724807,0.0013559473850326463
1.7616804599761964,0.21614796705814754,0.2855484962463379,0.06200878641363338,15,sqrt,4,5,200,"{'max_depth': 15, 'max_features': 'sqrt', 'min_samples_leaf': 4, 'min_samples_split': 5, 'n_estimators': 200}",0.8526233274004775,0.8692893947384698,0.8824923133998922,0.8837902844345581,0.8846459045496358,0.8745682449046066,0.012319429872121262,56,0.9615038516387546,0.9666653699149669,0.9640971488949727,0.9625601085114892,0.9646522255222815,0.9638957408964931,0.0017770046235186686
2.7942371368408203,0.17875554014910985,0.43460521697998045,0.11860040459593771,15,sqrt,4,5,300,"{'max_depth': 15, 'max_features': 'sqrt', 'min_samples_leaf': 4, 'min_samples_split': 5, 'n_estimators': 300}",0.8525981021018724,0.8712662258588646,0.8826688555347092,0.8795248895656658,0.8887885150940192,0.8749693176310261,0.01253148443743218,39,0.9609756611947103,0.966651648512832,0.9656774238368947,0.9651252530364373,0.9662003697026833,0.9649260712567116,0.002040166519445375
1.2073078632354737,0.21307527012664937,0.24470920562744142,0.10346002617192832,15,sqrt,4,10,100,"{'max_depth': 15, 'max_features': 'sqrt', 'min_samples_leaf': 4, 'min_samples_split': 10, 'n_estimators': 100}",0.8582181290000451,0.8732133760457689,0.874362989471185,0.8857362268794158,0.8847066464962748,0.8752474735785378,0.00994392618412207,33,0.9594849886441469,0.961005502363711,0.9568615603438787,0.9589275482407152,0.9574632062381172,0.9587485611661138,0.0014751986148806493
1.9079062461853027,0.22165953429569993,0.5873982906341553,0.06803054560764749,15,sqrt,4,10,200,"{'max_depth': 15, 'max_features': 'sqrt', 'min_samples_leaf': 4, 'min_samples_split': 10, 'n_estimators': 200}",0.8525436046511629,0.8734238116631343,0.8761079840647329,0.8857300867255382,0.8887759737424219,0.875316292169398,0.012746871776491708,31,0.9574080069285252,0.9599192982388504,0.9599345737040745,0.9604922378972318,0.9595109488355611,0.9594530131208486,0.001069085348895561
2.7491317272186278,0.05966419887929294,0.2897365570068359,0.043565289967241884,15,sqrt,4,10,300,"{'max_depth': 15, 'max_features': 'sqrt', 'min_samples_leaf': 4, 'min_samples_split': 10, 'n_estimators': 300}",0.8566814714980242,0.8734238116631343,0.8763516100795503,0.8772155349098728,0.8908434637955345,0.8749031783892232,0.010915647244335285,47,0.9599823444245239,0.9583834198971942,0.9589264357158787,0.9594670675878842,0.9605147063538334,0.9594547947958629,0.0007521807274509149
0.9894763469696045,0.1579275210952749,0.3304137229919434,0.04140994492477798,15,log2,1,2,100,"{'max_depth': 15, 'max_features': 'log2', 'min_samples_leaf': 1, 'min_samples_split': 2, 'n_estimators': 100}",0.838035178829054,0.8714755235192999,0.8832681185796327,0.8798129150068834,0.8867202268214359,0.8718623925512613,0.0176549522152136,162,1.0,1.0,1.0,1.0,1.0,1.0,0.0
1.882903480529785,0.13637689187945648,0.31810827255249025,0.054102666150962986,15,log2,1,2,200,"{'max_depth': 15, 'max_features': 'log2', 'min_samples_leaf': 1, 'min_samples_split': 2, 'n_estimators': 200}",0.8402374480957014,0.871639145492012,0.8770088809798182,0.8880793716122407,0.892670123615184,0.8739269939589912,0.018446205470181432,78,1.0,1.0,1.0,1.0,1.0,1.0,0.0
2.866431379318237,0.054939924164942346,0.5175904273986817,0.2569832196343272,15,log2,1,2,300,"{'max_depth': 15, 'max_features': 'log2', 'min_samples_leaf': 1, 'min_samples_split': 2, 'n_estimators': 300}",0.8404386716829342,0.8694623484873921,0.8807489415247436,0.8837902844345581,0.8926106656804869,0.8734101823620228,0.018071902907608944,92,1.0,1.0,1.0,1.0,1.0,1.0,0.0
1.1893226146697997,0.3410289327494869,0.26279845237731936,0.07318816563404504,15,log2,1,5,100,"{'max_depth': 15, 'max_features': 'log2', 'min_samples_leaf': 1, 'min_samples_split': 5, 'n_estimators': 100}",0.8546908541583517,0.8629229576025106,0.8708061181905529,0.8716524456234822,0.8908434637955345,0.8701831678740863,0.012017629626658468,202,0.9947933122087828,0.9953129165211088,0.9963562247636853,0.9958295800250454,0.9953137170020327,0.995521150104131,0.0005307761151360195
1.703012800216675,0.17933789170290015,0.24653148651123047,0.05849452001554896,15,log2,1,5,200,"{'max_depth': 15, 'max_features': 'log2', 'min_samples_leaf': 1, 'min_samples_split': 5, 'n_estimators': 200}",0.8504098592425581,0.8646748280877173,0.8705699039975011,0.8772155349098728,0.8845453503455951,0.8694830953166489,0.011616807391116242,211,0.9947957878271346,0.9953149691593854,0.996875,0.9963516630133358,0.9953133214809397,0.9957301482961591,0.000763690220315575
2.8110108852386473,0.11216876434828046,0.4087533473968506,0.11233249970323954,15,log2,1,5,300,"{'max_depth': 15, 'max_features': 'log2', 'min_samples_leaf': 1, 'min_samples_split': 5, 'n_estimators': 300}",0.8484334894551613,0.8712268755766563,0.8705699039975011,0.8793894687545495,0.8909328067760669,0.872110508911987,0.013935692842528737,152,0.9947933387877238,0.9947937286179508,0.996875,0.9968724857112625,0.9958349711659442,0.9958339048565762,0.0009302983153209526
1.1819946765899658,0.1753276740018918,0.24307522773742676,0.15473363180179409,15,log2,1,10,100,"{'max_depth': 15, 'max_features': 'log2', 'min_samples_leaf': 1, 'min_samples_split': 10, 'n_estimators': 100}",0.8711604756374688,0.8712306995852723,0.8807489415247436,0.8791680591385241,0.8784164224675308,0.876144919670708,0.004110726354280279,14,0.9807307888296156,0.9797225015430066,0.9739647675404893,0.9770836970232765,0.9797193316376157,0.9782442173148007,0.0024578373477884274
1.7425758361816406,0.22414705678014554,0.22001161575317382,0.07169277628012594,15,log2,1,10,200,"{'max_depth': 15, 'max_features': 'log2', 'min_samples_leaf': 1, 'min_samples_split': 10, 'n_estimators': 200}",0.8589603180220318,0.8690596343714294,0.8827253262652701,0.8706859108798094,0.8804049213155593,0.8723672221708199,0.008548765425902839,139,0.9760399872927796,0.9802128207574708,0.9760605452363869,0.9802239739705908,0.9792062673107262,0.9783487189135908,0.001912737668399565
2.824433994293213,0.19216367010452612,0.35776305198669434,0.03799316212692175,15,log2,1,10,300,"{'max_depth': 15, 'max_features': 'log2', 'min_samples_leaf': 1, 'min_samples_split': 10, 'n_estimators': 300}",0.8608178750161396,0.869265026491369,0.8763776542090225,0.8730799856829085,0.8846459045496358,0.8728372891898151,0.007864653338046632,113,0.9770765424225246,0.9796948324444098,0.9776167976416841,0.9791835626498241,0.9807538994306718,0.9788651269178228,0.001350158113707004
1.2350506782531738,0.1044496137484901,0.23477578163146973,0.12699890727447816,15,log2,2,2,100,"{'max_depth': 15, 'max_features': 'log2', 'min_samples_leaf': 2, 'min_samples_split': 2, 'n_estimators': 100}",0.8547220495142511,0.8670755368048231,0.8727968441236698,0.887822044659938,0.8865621744770782,0.873795729915952,0.012407124279000212,81,0.9921920281847988,0.9927132569288216,0.9916633146269199,0.9927074917614275,0.9916736208319964,0.9921899424667927,0.00046597093494186255
1.885756254196167,0.15057011399994852,0.2980485916137695,0.05230710381130622,15,log2,2,2,200,"{'max_depth': 15, 'max_features': 'log2', 'min_samples_leaf': 2, 'min_samples_split': 2, 'n_estimators': 200}",0.8466586496132488,0.8694623484873921,0.8684449935580639,0.8833873419854635,0.8846647858412067,0.870523623897075,0.013714457417899072,196,0.9911441771803022,0.9932295718640286,0.9927083333333333,0.992703771396273,0.993233269083398,0.992603824571467,0.0007667127263034073
2.830169153213501,0.21039776582917935,0.33919520378112794,0.11988229814126752,15,log2,2,2,300,"{'max_depth': 15, 'max_features': 'log2', 'min_samples_leaf': 2, 'min_samples_split': 2, 'n_estimators': 300}",0.8465368565056447,0.869265026491369,0.874590982022076,0.8772537212227224,0.8866672427017254,0.8708627657887075,0.013407669681540427,188,0.9916699706539397,0.9932324579507856,0.9932275059086418,0.9932279366699589,0.9942741276447847,0.9931263997656222,0.0008330961019836756
1.0893553256988526,0.3280973409745531,0.2732676982879639,0.055541963397835056,15,log2,2,5,100,"{'max_depth': 15, 'max_features': 'log2', 'min_samples_leaf': 2, 'min_samples_split': 5, 'n_estimators': 100}",0.8528850585453789,0.8710509367431345,0.8785441578682275,0.8774337391839327,0.884739459319024,0.8729306703319395,0.01092333574518077,109,0.9885462171128545,0.9895820920981256,0.986452845379365,0.9890604093915016,0.9848987353918822,0.9877080598747459,0.0017613188822561741
1.649299144744873,0.1279831960592589,0.24026021957397461,0.03424572183395305,15,log2,2,5,200,"{'max_depth': 15, 'max_features': 'log2', 'min_samples_leaf': 2, 'min_samples_split': 5, 'n_estimators': 200}",0.8509240395756958,0.8649039215110014,0.8679889989200457,0.87928579780245,0.8802748248615183,0.8686755165341424,0.010741817275726087,216,0.9890604302098331,0.9906225168731498,0.9875,0.9885370852220416,0.9895833333333334,0.9890606731276715,0.0010413812501902512
2.723456335067749,0.10827891118328499,0.41092686653137206,0.1884266886851389,15,log2,2,5,300,"{'max_depth': 15, 'max_features': 'log2', 'min_samples_leaf': 2, 'min_samples_split': 5, 'n_estimators': 300}",0.8507212028108683,0.875214075466024,0.8699871794871795,0.8770637393303264,0.8866615669007771,0.8719295527990351,0.011897454545281258,158,0.989059972278194,0.9895820920981256,0.9875003750517565,0.9880183322966762,0.9885416840421942,0.9885404911533893,0.0007361094981872514
1.1396358489990235,0.19936543620302646,0.28911991119384767,0.22011254953077455,15,log2,2,10,100,"{'max_depth': 15, 'max_features': 'log2', 'min_samples_leaf': 2, 'min_samples_split': 10, 'n_estimators': 100}",0.8568633328293789,0.8712306546601755,0.8809056776556775,0.8794423140432077,0.8725838180635656,0.8722051594504011,0.008538619439248135,147,0.969803743424753,0.9693121039636544,0.9719251814318566,0.9698290185472073,0.971949197744507,0.9705638490223956,0.0011363994940003135
1.6758424758911132,0.06732242696122999,0.2630038261413574,0.059292329754997215,15,log2,2,10,200,"{'max_depth': 15, 'max_features': 'log2', 'min_samples_leaf': 2, 'min_samples_split': 10, 'n_estimators': 200}",0.8508268796117403,0.8753845441350248,0.8767659142230794,0.8733976426799007,0.8867780359465044,0.8726306033192499,0.01183913470761297,122,0.9698155989463036,0.9692855960137393,0.969300868866929,0.9713820794733602,0.9703595339135537,0.9700287354427772,0.0007833825148341543
2.800510597229004,0.11307608406119012,0.39182024002075194,0.12456655484827305,15,log2,2,10,300,"{'max_depth': 15, 'max_features': 'log2', 'min_samples_leaf': 2, 'min_samples_split': 10, 'n_estimators': 300}",0.8528850585453789,0.87340597424153,0.8724139171920349,0.8773674693821041,0.8930404292861456,0.8738225697294387,0.012825206960069589,79,0.9708670610590436,0.970823216365131,0.9703530609227962,0.9703542823788017,0.9724437008068814,0.9709682643065307,0.0007698886776813168
1.01666316986084,0.2531293632560397,0.2262749195098877,0.10650069484354127,15,log2,4,2,100,"{'max_depth': 15, 'max_features': 'log2', 'min_samples_leaf': 4, 'min_samples_split': 2, 'n_estimators': 100}",0.8424660290161635,0.8800592711227746,0.8765880243358006,0.8748791168246076,0.8889041257548248,0.8725793134108342,0.015815296528963282,123,0.9605240397169662,0.9625588033596545,0.9620183071286011,0.9630278470509616,0.9646661449768935,0.9625590284466155,0.0013485762625948016
1.6456827640533447,0.133693034935076,0.23902583122253418,0.10346923644950344,15,log2,4,2,200,"{'max_depth': 15, 'max_features': 'log2', 'min_samples_leaf': 4, 'min_samples_split': 2, 'n_estimators': 200}",0.8464051007275774,0.8732139737234983,0.8765945140986973,0.8692822580645161,0.8947520637735041,0.8720495820775586,0.015509431943429427,154,0.9620274388318535,0.9646401487389992,0.9620320884853975,0.9672059746706029,0.9646522896665914,0.9641115880786888,0.0019398432720500315
2.740493726730347,0.12565159548563992,0.3877018928527832,0.14394926067308933,15,log2,4,2,300,"{'max_depth': 15, 'max_features': 'log2', 'min_samples_leaf': 4, 'min_samples_split': 2, 'n_estimators': 300}",0.8526233274004775,0.8712425290050393,0.8767722841703891,0.8732458336435334,0.8950025783747968,0.8737773105188472,0.013517991341129364,82,0.963099039927485,0.965161764035924,0.9610208878007565,0.9661919798519318,0.9635830279106504,0.9638113399053495,0.0017797310168179055
1.0364316940307616,0.11250202534805093,0.2060781478881836,0.059940608931601136,15,log2,4,5,100,"{'max_depth': 15, 'max_features': 'log2', 'min_samples_leaf': 4, 'min_samples_split': 5, 'n_estimators': 100}",0.8424660290161635,0.8800592711227746,0.8765880243358006,0.8748791168246076,0.8889041257548248,0.8725793134108342,0.015815296528963282,123,0.9605240397169662,0.9625588033596545,0.9620183071286011,0.9630278470509616,0.9646661449768935,0.9625590284466155,0.0013485762625948016
1.698582696914673,0.06451296277663968,0.3370059013366699,0.0447842086113892,15,log2,4,5,200,"{'max_depth': 15, 'max_features': 'log2', 'min_samples_leaf': 4, 'min_samples_split': 5, 'n_estimators': 200}",0.8464051007275774,0.8732139737234983,0.8765945140986973,0.8692822580645161,0.8947520637735041,0.8720495820775586,0.015509431943429427,154,0.9620274388318535,0.9646401487389992,0.9620320884853975,0.9672059746706029,0.9646522896665914,0.9641115880786888,0.0019398432720500315
2.8606571197509765,0.17481929585604222,0.33919129371643064,0.093595272428251,15,log2,4,5,300,"{'max_depth': 15, 'max_features': 'log2', 'min_samples_leaf': 4, 'min_samples_split': 5, 'n_estimators': 300}",0.8526233274004775,0.8712425290050393,0.8767722841703891,0.8732458336435334,0.8950025783747968,0.8737773105188472,0.013517991341129364,82,0.963099039927485,0.965161764035924,0.9610208878007565,0.9661919798519318,0.9635830279106504,0.9638113399053495,0.0017797310168179055
0.969214916229248,0.1569933488848983,0.18703818321228027,0.09198652324483499,15,log2,4,10,100,"{'max_depth': 15, 'max_features': 'log2', 'min_samples_leaf': 4, 'min_samples_split': 10, 'n_estimators': 100}",0.8485960624688949,0.8668880208333333,0.880278460676056,0.8769984692433082,0.8784778211101968,0.8702477668663577,0.011781381841398344,201,0.955858114678568,0.9615016879811137,0.960012822751884,0.9588780578827184,0.95793268784156,0.9588366742271688,0.001906638121814368
1.6096148014068603,0.13511997776547113,0.253909969329834,0.025697859790407986,15,log2,4,10,200,"{'max_depth': 15, 'max_features': 'log2', 'min_samples_leaf': 4, 'min_samples_split': 10, 'n_estimators': 200}",0.8548935988168862,0.8629347500553408,0.8765218966486881,0.8835825675574599,0.8865621744770782,0.8728989975110906,0.012144357384377743,111,0.9542543909643688,0.9604787378671171,0.9605042678269631,0.9599506364768935,0.9589597657022929,0.9588295597675272,0.0023550104729971807
2.691482925415039,0.10225327132735304,0.38315324783325194,0.11401747976849363,15,log2,4,10,300,"{'max_depth': 15, 'max_features': 'log2', 'min_samples_leaf': 4, 'min_samples_split': 10, 'n_estimators': 300}",0.8509416486061213,0.8609634563658097,0.8722145468874211,0.8835825675574599,0.8888003458899403,0.8713005130613505,0.013994760251911495,175,0.9553262620362503,0.961503838328543,0.9594699913921547,0.9583973718581735,0.9574029925526538,0.958420091233555,0.002060027741933527
1.0854533195495606,0.2148052466324695,0.20879883766174318,0.056398834983667455,20,sqrt,1,2,100,"{'max_depth': 20, 'max_features': 'sqrt', 'min_samples_leaf': 1, 'min_samples_split': 2, 'n_estimators': 100}",0.8526964808319994,0.8710509367431345,0.8640134959729348,0.8729227166390032,0.8928755604390659,0.8707118381252276,0.013157921146382714,191,1.0,1.0,1.0,1.0,1.0,1.0,0.0
1.7371007442474364,0.15720928545137328,0.32833032608032225,0.119188393279185,20,sqrt,1,2,200,"{'max_depth': 20, 'max_features': 'sqrt', 'min_samples_leaf': 1, 'min_samples_split': 2, 'n_estimators': 200}",0.848633856602224,0.8673078801375216,0.8704234124088791,0.8857827012383901,0.8906670843950937,0.8725629869564215,0.014881642356921066,125,1.0,1.0,1.0,1.0,1.0,1.0,0.0
2.9526616096496583,0.22857340241265553,0.4332364559173584,0.08057543685700845,20,sqrt,1,2,300,"{'max_depth': 20, 'max_features': 'sqrt', 'min_samples_leaf': 1, 'min_samples_split': 2, 'n_estimators': 300}",0.8526964808319994,0.8692795996700995,0.8682324443664539,0.87928579780245,0.8909328067760669,0.872085425889414,0.012694238376533754,153,1.0,1.0,1.0,1.0,1.0,1.0,0.0
1.0878833770751952,0.0869310327826042,0.18387188911437988,0.02000317372336547,20,sqrt,1,5,100,"{'max_depth': 20, 'max_features': 'sqrt', 'min_samples_leaf': 1, 'min_samples_split': 5, 'n_estimators': 100}",0.8443596028154852,0.879354286881667,0.8657670727327368,0.8859354409780108,0.8825508967476362,0.871593460031107,0.015242165450315473,168,0.9963520711919446,0.9963533532502395,0.9984375028880508,0.9963524595292477,0.9973958051693489,0.9969782384057663,0.0008340240848879237
1.8920001983642578,0.08723254759779572,0.28598775863647463,0.05667557612918167,20,sqrt,1,5,200,"{'max_depth': 20, 'max_features': 'sqrt', 'min_samples_leaf': 1, 'min_samples_split': 5, 'n_estimators': 200}",0.8506001053516944,0.8753833157545217,0.8677316010675323,0.8836222578990671,0.8888907698823765,0.8732456099910383,0.013418187735629692,102,0.995831665172391,0.996875,0.9989579168442452,0.997915829902856,0.9963537331301995,0.9971868290099384,0.0011221363127158432
3.0134220123291016,0.13475480723674188,0.4198195457458496,0.12990759501286114,20,sqrt,1,5,300,"{'max_depth': 20, 'max_features': 'sqrt', 'min_samples_leaf': 1, 'min_samples_split': 5, 'n_estimators': 300}",0.8504098592425581,0.877373619371283,0.8638011606709355,0.8878006685920007,0.8888907698823765,0.8736552155518307,0.01472067574519539,88,0.9963533409968838,0.9968741817626103,0.9979158374613893,0.997915829902856,0.9968741518571788,0.9971866683961836,0.0006249980905895785
1.1683218955993653,0.3059696916615772,0.2610745429992676,0.12961855486622623,20,sqrt,1,10,100,"{'max_depth': 20, 'max_features': 'sqrt', 'min_samples_leaf': 1, 'min_samples_split': 10, 'n_estimators': 100}",0.8606617426386103,0.869265026491369,0.8739549305500226,0.8793553300735659,0.8887885150940192,0.8744051089695173,0.00945399690414993,60,0.9791583746138933,0.9791723758211422,0.9786333595343761,0.9791499486571529,0.9807303180305901,0.979368875331431,0.0007106843475339635
1.7952910900115966,0.1483181934704579,0.27811012268066404,0.08601876845798685,20,sqrt,1,10,200,"{'max_depth': 20, 'max_features': 'sqrt', 'min_samples_leaf': 1, 'min_samples_split': 10, 'n_estimators': 200}",0.8545535994837561,0.8688590769550291,0.8736639950579249,0.8774337391839327,0.8889744667015312,0.8726969754764348,0.011244912941833433,119,0.9786320145125394,0.980199969740223,0.9765483365057441,0.9802057574942722,0.9807249672445442,0.9792622090994646,0.0015278474829663548
2.973710870742798,0.15784129014562623,0.41915364265441896,0.1588692377784835,20,sqrt,1,10,300,"{'max_depth': 20, 'max_features': 'sqrt', 'min_samples_leaf': 1, 'min_samples_split': 10, 'n_estimators': 300}",0.8585361838486514,0.8710509367431345,0.869727415168929,0.8750662922267594,0.8889876246690207,0.872673690531299,0.009829058484848463,120,0.9796737078435973,0.9822916666666667,0.9781340337951736,0.9807328790574281,0.9812565538935613,0.9804177682512855,0.0014201000247395026
1.257097053527832,0.181835043344651,0.22419476509094238,0.08623136754930721,20,sqrt,2,2,100,"{'max_depth': 20, 'max_features': 'sqrt', 'min_samples_leaf': 2, 'min_samples_split': 2, 'n_estimators': 100}",0.8521652385029308,0.8732264231096007,0.8699478402337919,0.8796825782032012,0.8949709784069202,0.873998611691289,0.01389855280489401,76,0.9911441771803022,0.9916629428798546,0.9901021000854768,0.9911407888295363,0.993751625177867,0.9915603268306075,0.001207305794425885
1.7943734169006347,0.15566750100058394,0.2838780879974365,0.14671473780132893,20,sqrt,2,2,200,"{'max_depth': 20, 'max_features': 'sqrt', 'min_samples_leaf': 2, 'min_samples_split': 2, 'n_estimators': 200}",0.8584215376074066,0.8712662258588646,0.865712692399164,0.8798567827855225,0.8846459045496358,0.8719806286401187,0.009445521305616383,157,0.9911404187478465,0.9932241670932969,0.9906249772887077,0.9921812482874927,0.9942720734451951,0.9922885769725077,0.0013346863148099794
3.0132805347442626,0.18514044983073527,0.3460807800292969,0.09702931570626572,20,sqrt,2,2,300,"{'max_depth': 20, 'max_features': 'sqrt', 'min_samples_leaf': 2, 'min_samples_split': 2, 'n_estimators': 300}",0.8605954338564867,0.8732410812215705,0.8763025408519667,0.8838336722937019,0.8887330242898419,0.8765411505027135,0.009664739331206363,8,0.9916670871338774,0.9932262735221795,0.993232870869942,0.9937449827104605,0.9947937250480197,0.9933329878568958,0.0010099633142010725
1.2485269069671632,0.13726068162325128,0.19614295959472655,0.15120749088418806,20,sqrt,2,5,100,"{'max_depth': 20, 'max_features': 'sqrt', 'min_samples_leaf': 2, 'min_samples_split': 5, 'n_estimators': 100}",0.858501776268022,0.8692795996700995,0.8807552323353824,0.8773303293279929,0.884739459319024,0.8741212793841042,0.009321628811305282,69,0.9864524837700331,0.989059972278194,0.9875,0.98697165793012,0.9890674019607844,0.9878103031878263,0.0010756632993997343
1.8373507976531982,0.07071768421955375,0.3430028438568115,0.04923253309940297,20,sqrt,2,5,200,"{'max_depth': 20, 'max_features': 'sqrt', 'min_samples_leaf': 2, 'min_samples_split': 5, 'n_estimators': 200}",0.8523200340016744,0.8690596343714294,0.8783249899493554,0.8857876932511696,0.8910155166021743,0.8753015736351607,0.013661191193145272,32,0.98957914328365,0.990097910694932,0.988013287310594,0.9890516137734574,0.9885457625297527,0.9890575435184772,0.0007357793347018347
2.9258682250976564,0.15168346257811022,0.4935049057006836,0.07078321675434715,20,sqrt,2,5,300,"{'max_depth': 20, 'max_features': 'sqrt', 'min_samples_leaf': 2, 'min_samples_split': 5, 'n_estimators': 300}",0.8542892300182405,0.8692565345912564,0.8828871963722688,0.8837725546058881,0.8910155166021743,0.8762442064379655,0.013037219740419699,10,0.9885416389084206,0.990097910694932,0.9869775140420991,0.9895699254064674,0.9911507352941177,0.9892675448692072,0.0014211634827373542
1.0412243843078612,0.13793104609162501,0.290253210067749,0.12329266103928115,20,sqrt,2,10,100,"{'max_depth': 20, 'max_features': 'sqrt', 'min_samples_leaf': 2, 'min_samples_split': 10, 'n_estimators': 100}",0.8382548815218427,0.8688590769550291,0.8723665845062059,0.8753485509383006,0.8990984930183058,0.8707855173879369,0.01942626613662047,190,0.9692882533024111,0.9667222817733649,0.9698155392745804,0.9692528999838783,0.9719227904696026,0.9694003529607675,0.001657796408474135
1.8397788524627685,0.10919197280858761,0.23348560333251953,0.13946491326320673,20,sqrt,2,10,200,"{'max_depth': 20, 'max_features': 'sqrt', 'min_samples_leaf': 2, 'min_samples_split': 10, 'n_estimators': 200}",0.8485469176730457,0.8753833157545217,0.8807315634434445,0.8776453371834564,0.8907602071395175,0.8746134682387972,0.014052745062464487,51,0.970331116913493,0.9708432014517326,0.9703200213976828,0.9718861554209873,0.971882222018362,0.9710525434404517,0.000704860883000136
2.7684296131134034,0.10282207455420188,0.4272254467010498,0.10797841720793523,20,sqrt,2,10,300,"{'max_depth': 20, 'max_features': 'sqrt', 'min_samples_leaf': 2, 'min_samples_split': 10, 'n_estimators': 300}",0.8484102016057631,0.8775582285877991,0.880509609130691,0.8713081671415005,0.8866853710277416,0.8728943154986991,0.013205496543050354,112,0.9677598908282976,0.9713358269821367,0.9687991330642213,0.9713701788167927,0.9724084192724936,0.9703346897927883,0.0017528486141089525
1.1179793357849122,0.16795935498866005,0.14818572998046875,0.07521378769533593,20,sqrt,4,2,100,"{'max_depth': 20, 'max_features': 'sqrt', 'min_samples_leaf': 4, 'min_samples_split': 2, 'n_estimators': 100}",0.8527910956418575,0.8651115099827057,0.8787714077608574,0.8873548430946093,0.8929311256384028,0.8753919964236866,0.014687683906467979,25,0.9610045881039535,0.9640944105029845,0.9635816142167009,0.9625149236786593,0.9626003197131613,0.9627591712430918,0.00106044603817814
1.780740737915039,0.1985482273649207,0.41811814308166506,0.12058622073772902,20,sqrt,4,2,200,"{'max_depth': 20, 'max_features': 'sqrt', 'min_samples_leaf': 4, 'min_samples_split': 2, 'n_estimators': 200}",0.8506392413444906,0.8691068249184805,0.8805188151682918,0.8817551323274795,0.8887885150940192,0.8741617057705522,0.013348218389427948,63,0.9620012957657533,0.9666653699149669,0.9640987817575677,0.9641124965087019,0.9661905448656597,0.9646136977625298,0.0016755172806928267
2.7141191959381104,0.11267282006398348,0.2758927345275879,0.019165359442499377,20,sqrt,4,2,300,"{'max_depth': 20, 'max_features': 'sqrt', 'min_samples_leaf': 4, 'min_samples_split': 2, 'n_estimators': 300}",0.8525981021018724,0.8712662258588646,0.8806997081936994,0.8795248895656658,0.8887885150940192,0.8745754881628243,0.012312347419143322,52,0.962016092871257,0.9666666666666667,0.9646390174727841,0.9661656922875501,0.9661883951291211,0.9651351728854758,0.0017024424138883303
1.0573225975036622,0.14982902169250056,0.17322244644165039,0.0831519485881494,20,sqrt,4,5,100,"{'max_depth': 20, 'max_features': 'sqrt', 'min_samples_leaf': 4, 'min_samples_split': 5, 'n_estimators': 100}",0.8527910956418575,0.8651115099827057,0.8787714077608574,0.8873548430946093,0.8929311256384028,0.8753919964236866,0.014687683906467979,25,0.9610045881039535,0.9640944105029845,0.9635816142167009,0.9625149236786593,0.9626003197131613,0.9627591712430918,0.00106044603817814
1.8394641399383544,0.08820822163748548,0.25644941329956056,0.03262901544975084,20,sqrt,4,5,200,"{'max_depth': 20, 'max_features': 'sqrt', 'min_samples_leaf': 4, 'min_samples_split': 5, 'n_estimators': 200}",0.8506392413444906,0.8691068249184805,0.8805188151682918,0.8817551323274795,0.8887885150940192,0.8741617057705522,0.013348218389427948,63,0.9620012957657533,0.9666653699149669,0.9640987817575677,0.9641124965087019,0.9661905448656597,0.9646136977625298,0.0016755172806928267
2.896923542022705,0.13483260879488657,0.39226040840148924,0.12050933077464782,20,sqrt,4,5,300,"{'max_depth': 20, 'max_features': 'sqrt', 'min_samples_leaf': 4, 'min_samples_split': 5, 'n_estimators': 300}",0.8525981021018724,0.8712662258588646,0.8806997081936994,0.8795248895656658,0.8887885150940192,0.8745754881628243,0.012312347419143322,52,0.962016092871257,0.9666666666666667,0.9646390174727841,0.9661656922875501,0.9661883951291211,0.9651351728854758,0.0017024424138883303
1.1580711364746095,0.10097302746719444,0.17648348808288575,0.03549153582135954,20,sqrt,4,10,100,"{'max_depth': 20, 'max_features': 'sqrt', 'min_samples_leaf': 4, 'min_samples_split': 10, 'n_estimators': 100}",0.8503460131336562,0.8732133760457689,0.8721636140380192,0.8877566343921394,0.8825742782639333,0.8732107831747034,0.012830830891875937,103,0.957917877754475,0.9610045881039535,0.9568414918965797,0.9584146884576625,0.9564416957382236,0.9581240683901788,0.001606222190439455
1.691707181930542,0.13496849533630706,0.26223034858703614,0.06107280674287469,20,sqrt,4,10,200,"{'max_depth': 20, 'max_features': 'sqrt', 'min_samples_leaf': 4, 'min_samples_split': 10, 'n_estimators': 200}",0.8505854394390013,0.8734238116631343,0.8761079840647329,0.8855896357163132,0.8908871224698589,0.8753187986706081,0.013883916218144285,29,0.9578872085316507,0.9609435889484403,0.9599496051183498,0.9583973718581735,0.9589849877891384,0.9592325524491505,0.001096410102935325
2.7805989742279054,0.07441497831185441,0.3536102294921875,0.08833369823227624,20,sqrt,4,10,300,"{'max_depth': 20, 'max_features': 'sqrt', 'min_samples_leaf': 4, 'min_samples_split': 10, 'n_estimators': 300}",0.8545330664838542,0.8734238116631343,0.8785441578682275,0.8730282745456265,0.8908434637955345,0.8740745548712754,0.011700953765389885,73,0.9594543210769778,0.9578557192620163,0.9594380407780913,0.9594670675878842,0.9610578231033837,0.9594545943616707,0.0010126375126110663
1.1699030876159668,0.1965981059948259,0.20973725318908693,0.09447917333369373,20,log2,1,2,100,"{'max_depth': 20, 'max_features': 'log2', 'min_samples_leaf': 1, 'min_samples_split': 2, 'n_estimators': 100}",0.8422713668844651,0.8670755368048231,0.8703965490925131,0.887716944050532,0.8823986286087818,0.869971805088223,0.015780994605674187,207,1.0,1.0,1.0,1.0,1.0,1.0,0.0
1.712996816635132,0.12809252369942326,0.36771187782287595,0.09922242136701818,20,log2,1,2,200,"{'max_depth': 20, 'max_features': 'log2', 'min_samples_leaf': 1, 'min_samples_split': 2, 'n_estimators': 200}",0.8482415791373005,0.867284143665403,0.8807489415247436,0.8730942679469667,0.8864334855940734,0.8711604835736975,0.013185179788270027,182,1.0,1.0,1.0,1.0,1.0,1.0,0.0
2.9042274951934814,0.1358458565080194,0.4701053619384766,0.05676733107501278,20,log2,1,2,300,"{'max_depth': 20, 'max_features': 'log2', 'min_samples_leaf': 1, 'min_samples_split': 2, 'n_estimators': 300}",0.8483686994638862,0.8653095880536212,0.8765619347314721,0.8837135843692648,0.8886857793756311,0.8725279171987751,0.014410003711581082,132,1.0,1.0,1.0,1.0,1.0,1.0,0.0
1.089210033416748,0.13586443373654278,0.2289276599884033,0.04969823059626077,20,log2,1,5,100,"{'max_depth': 20, 'max_features': 'log2', 'min_samples_leaf': 1, 'min_samples_split': 5, 'n_estimators': 100}",0.8485469176730457,0.8670833820102934,0.8749793156827159,0.8797353057589551,0.8826216444770227,0.8705933131204067,0.012213574183862558,193,0.9953133243780653,0.994790843382323,0.9968758240546322,0.9953087631185712,0.9947895670494263,0.9954156643966036,0.0007663376250194733
1.872228240966797,0.07346957057340109,0.2800117492675781,0.2241474602785706,20,log2,1,5,200,"{'max_depth': 20, 'max_features': 'log2', 'min_samples_leaf': 1, 'min_samples_split': 5, 'n_estimators': 200}",0.8507212028108683,0.8648928456332581,0.8747844715320101,0.8730874517980376,0.8908198453078467,0.8708611634164042,0.013114393007113437,189,0.9958333333333333,0.996875,0.9979158358930796,0.9968724857112625,0.9963533375795797,0.996769998503451,0.000690712709005175
2.609282875061035,0.24055031984212966,0.35364980697631837,0.08821546305722844,20,log2,1,5,300,"{'max_depth': 20, 'max_features': 'log2', 'min_samples_leaf': 1, 'min_samples_split': 5, 'n_estimators': 300}",0.8567414652887079,0.8648928456332581,0.8684038461538461,0.8774337391839327,0.8888003458899403,0.8712544484299369,0.01100240660070455,177,0.9963533343831152,0.9963537482160656,0.9984366653649379,0.9968737373051982,0.99739541402857,0.9970825798595774,0.0007794898992496306
1.009898805618286,0.18218327950728072,0.2784599781036377,0.19525254191434113,20,log2,1,10,100,"{'max_depth': 20, 'max_features': 'log2', 'min_samples_leaf': 1, 'min_samples_split': 10, 'n_estimators': 100}",0.8609382999295039,0.8692460501304928,0.8827902421652422,0.8875675270969287,0.882641309156999,0.8766366856958333,0.009944504649268913,7,0.9812565770341674,0.9807472070223437,0.9775995719662826,0.9786594617469028,0.9812729798829817,0.9799071595305356,0.0015015846795125756
1.638803768157959,0.07687218941133359,0.3316242218017578,0.09071086497528419,20,log2,1,10,200,"{'max_depth': 20, 'max_features': 'log2', 'min_samples_leaf': 1, 'min_samples_split': 10, 'n_estimators': 200}",0.8527910956418575,0.869252539881615,0.8827519647535127,0.8816082202111615,0.8784778211101968,0.8729763283196688,0.01115032974244357,107,0.9791697754000998,0.9807324651416115,0.9770923696956554,0.9797071627976808,0.9807602738224153,0.9794924093714925,0.0013457801260285942
2.8877447605133058,0.08454138155860697,0.46572580337524416,0.1011197964380585,20,log2,1,10,300,"{'max_depth': 20, 'max_features': 'log2', 'min_samples_leaf': 1, 'min_samples_split': 10, 'n_estimators': 300}",0.8608276292476603,0.875567784765898,0.8805719818535109,0.8795386062024593,0.8846459045496358,0.8762303813238329,0.008225553888821303,13,0.979694666023736,0.9807369069650149,0.9776176884540148,0.9807471910406823,0.9807602738224153,0.9799113452611726,0.001217265906614195
1.0004565715789795,0.10757871422320653,0.1805964946746826,0.017508639977644156,20,log2,2,2,100,"{'max_depth': 20, 'max_features': 'log2', 'min_samples_leaf': 2, 'min_samples_split': 2, 'n_estimators': 100}",0.8587982548915918,0.8692453518661317,0.8771338707092438,0.881548778053821,0.8905880131118576,0.8754628537265292,0.010816352461149516,22,0.9916699706539397,0.993232870869942,0.9916633146269199,0.9921850080331427,0.9906249800968332,0.9918752288561554,0.0008472680221051188
1.8489305019378661,0.0864545761601452,0.2081295967102051,0.06273507475701622,20,log2,2,2,200,"{'max_depth': 20, 'max_features': 'log2', 'min_samples_leaf': 2, 'min_samples_split': 2, 'n_estimators': 200}",0.8485633139718763,0.867284143665403,0.8664518273526117,0.8814274567625361,0.8888907698823765,0.8705235023269609,0.013896579392145857,197,0.9916666666666667,0.9932299948954665,0.9921828960460978,0.9932241717590499,0.9927116077169956,0.9926030674168553,0.0006072857663148896
2.6798487186431883,0.057026719655559326,0.4281181812286377,0.15186087872431642,20,log2,2,2,300,"{'max_depth': 20, 'max_features': 'log2', 'min_samples_leaf': 2, 'min_samples_split': 2, 'n_estimators': 300}",0.8444379883269406,0.8694444856507829,0.8704106361595823,0.8772537212227224,0.8909092912106747,0.8704912245141406,0.015116230230548072,198,0.9916633498455573,0.993228352700839,0.9942674836190212,0.993746683465018,0.994272063952791,0.9934355867166452,0.000966674430630266
1.1186535835266114,0.2245535365227967,0.18633003234863282,0.07442005099483796,20,log2,2,5,100,"{'max_depth': 20, 'max_features': 'log2', 'min_samples_leaf': 2, 'min_samples_split': 5, 'n_estimators': 100}",0.848619144801388,0.8795049892549205,0.8829312152534518,0.8751056126909852,0.8807633792251086,0.8733848682451708,0.01264383696351144,94,0.9885462126899286,0.9885354085926459,0.9869769808596539,0.9890562417531172,0.9869865938799762,0.9880202875550644,0.0008685803941961732
1.538548517227173,0.06189073368025285,0.3395054340362549,0.07195745018824005,20,log2,2,5,200,"{'max_depth': 20, 'max_features': 'log2', 'min_samples_leaf': 2, 'min_samples_split': 5, 'n_estimators': 200}",0.8466346883406525,0.8692565345912564,0.8743769647535127,0.87928579780245,0.8826144635429409,0.8704336898061626,0.01272838282948982,199,0.9880187603341894,0.9911383673037678,0.9880278604377016,0.9911354011734723,0.9895837168641971,0.9895808212226657,0.001392436599769609
2.723760557174683,0.10530590469072261,0.35390844345092776,0.02684959908834921,20,log2,2,5,300,"{'max_depth': 20, 'max_features': 'log2', 'min_samples_leaf': 2, 'min_samples_split': 5, 'n_estimators': 300}",0.8487424673730989,0.8773753375246608,0.8743769647535127,0.875047137882141,0.8867654300220209,0.8724614675110869,0.012662505680345174,135,0.9874941269860055,0.9911379302121054,0.9880233269428875,0.9895783432707302,0.9906287050864352,0.9893724864996327,0.0014202619210508221
0.9975170612335205,0.040688849357868144,0.2382359027862549,0.042062782606217854,20,log2,2,10,100,"{'max_depth': 20, 'max_features': 'log2', 'min_samples_leaf': 2, 'min_samples_split': 10, 'n_estimators': 100}",0.8588471708090957,0.8666666666666667,0.880742650714105,0.8772747442938459,0.8848208882929107,0.8736704241553248,0.009551144657785069,86,0.9708333333333333,0.9708756237063222,0.9708563870249416,0.9698398911429036,0.9719394333403298,0.9708689337095662,0.0006642842201359674
1.801816177368164,0.21705423991753248,0.34334626197814944,0.16685372292340647,20,log2,2,10,200,"{'max_depth': 20, 'max_features': 'log2', 'min_samples_leaf': 2, 'min_samples_split': 10, 'n_estimators': 200}",0.8547763433196145,0.8773677008106768,0.8724139171920349,0.8712419518723109,0.8868638068166347,0.8725327440022544,0.010447259909325789,131,0.9692894654823957,0.9718707933206715,0.9708563870249416,0.9729477793570747,0.9714005327094067,0.971272991578898,0.0012071853953930754
2.5509926795959474,0.23692099525090543,0.39420113563537595,0.08725840676227797,20,log2,2,10,300,"{'max_depth': 20, 'max_features': 'log2', 'min_samples_leaf': 2, 'min_samples_split': 10, 'n_estimators': 300}",0.8486515897303044,0.8753833157545217,0.8744153608736942,0.8754362535612537,0.8888003458899403,0.8725373731619429,0.013077038401335167,130,0.9708670610590436,0.9734148896910187,0.9703417052299201,0.9719098875694456,0.9719172206571481,0.9716901528413153,0.0010554952758945958
1.1332784652709962,0.2197103704225817,0.2110985279083252,0.12301658778272476,20,log2,4,2,100,"{'max_depth': 20, 'max_features': 'log2', 'min_samples_leaf': 4, 'min_samples_split': 2, 'n_estimators': 100}",0.8403684935115164,0.8800526687222896,0.8765619347314721,0.8728637399062028,0.8928900850343049,0.8725473843811571,0.017446217216568832,126,0.9605085551586041,0.9630556147214093,0.962559289131731,0.9646113275042079,0.9630987496639111,0.9627667072359728,0.001322014880216386
1.5970394134521484,0.06825036699580111,0.24801273345947267,0.0935758686721578,20,log2,4,2,200,"{'max_depth': 20, 'max_features': 'log2', 'min_samples_leaf': 4, 'min_samples_split': 2, 'n_estimators': 200}",0.8485051895122473,0.8710351542790539,0.8743770838294831,0.8692822580645161,0.8928003572104157,0.8712000085791433,0.014109774091703891,178,0.9615159691451995,0.9651537514529643,0.9610089579833482,0.9666912392820645,0.9656786358959882,0.9640097107519129,0.002302520353843071
2.7637417793273924,0.14443947707737678,0.33974466323852537,0.05050595021601181,20,log2,4,2,300,"{'max_depth': 20, 'max_features': 'log2', 'min_samples_leaf': 4, 'min_samples_split': 2, 'n_estimators': 300}",0.8545520276589598,0.8732264231096007,0.8787444994436482,0.8751947063151975,0.8928755604390659,0.8749186433932945,0.012286796987027894,42,0.9630706130839108,0.9641080657683808,0.9610215843663978,0.9667050726623108,0.9646222493504001,0.9639055170462802,0.0018658175235705845
1.1158830165863036,0.10866537822908422,0.19612703323364258,0.040349953497647376,20,log2,4,5,100,"{'max_depth': 20, 'max_features': 'log2', 'min_samples_leaf': 4, 'min_samples_split': 5, 'n_estimators': 100}",0.8403684935115164,0.8800526687222896,0.8765619347314721,0.8728637399062028,0.8928900850343049,0.8725473843811571,0.017446217216568832,126,0.9605085551586041,0.9630556147214093,0.962559289131731,0.9646113275042079,0.9630987496639111,0.9627667072359728,0.001322014880216386
1.6732463836669922,0.09961521418852347,0.2764729976654053,0.030075648402382544,20,log2,4,5,200,"{'max_depth': 20, 'max_features': 'log2', 'min_samples_leaf': 4, 'min_samples_split': 5, 'n_estimators': 200}",0.8485051895122473,0.8710351542790539,0.8743770838294831,0.8692822580645161,0.8928003572104157,0.8712000085791433,0.014109774091703891,178,0.9615159691451995,0.9651537514529643,0.9610089579833482,0.9666912392820645,0.9656786358959882,0.9640097107519129,0.002302520353843071
2.7329848289489744,0.1374384985725195,0.40921196937561033,0.13129405351559859,20,log2,4,5,300,"{'max_depth': 20, 'max_features': 'log2', 'min_samples_leaf': 4, 'min_samples_split': 5, 'n_estimators': 300}",0.8545520276589598,0.8732264231096007,0.8787444994436482,0.8751947063151975,0.8928755604390659,0.8749186433932945,0.012286796987027894,42,0.9630706130839108,0.9641080657683808,0.9610215843663978,0.9667050726623108,0.9646222493504001,0.9639055170462802,0.0018658175235705845
1.061759614944458,0.20161384541888616,0.2556020736694336,0.11663896935077638,20,log2,4,10,100,"{'max_depth': 20, 'max_features': 'log2', 'min_samples_leaf': 4, 'min_samples_split': 10, 'n_estimators': 100}",0.8487539684695218,0.8690602466363196,0.8787714077608574,0.8791680591385241,0.8825257635602461,0.8716558891130939,0.012300022793850469,166,0.9542918849433766,0.9614904762672022,0.960539064684757,0.959920183385515,0.9589724761395488,0.9590428170840799,0.0025130009168400315
1.5911439418792725,0.13018581441357444,0.21033964157104493,0.03915750969024485,20,log2,4,10,200,"{'max_depth': 20, 'max_features': 'log2', 'min_samples_leaf': 4, 'min_samples_split': 10, 'n_estimators': 200}",0.8568730224107023,0.8629347500553408,0.8807489415247436,0.8835825675574599,0.8825257635602461,0.8733330090216984,0.01116791108345084,97,0.9542552302305509,0.9594386962335141,0.9610180035128806,0.9594224929945742,0.9594868672993672,0.9587242580541775,0.0023157290308929825
2.4405513763427735,0.06129919486406341,0.20417933464050292,0.06095231897809534,20,log2,4,10,300,"{'max_depth': 20, 'max_features': 'log2', 'min_samples_leaf': 4, 'min_samples_split': 10, 'n_estimators': 300}",0.8489593468653519,0.8609634563658097,0.8765880243358006,0.8835825675574599,0.8867780359465044,0.8713742862141853,0.014313040127918035,172,0.9547988672690847,0.9610059305614767,0.959982468061276,0.9583973718581735,0.9584574211298161,0.9585284117759654,0.002106375672766467
